{"type":"FeatureCollection","features":[{"type":"Feature","properties":{"cut":2101,"comuna":"ANTOFAGASTA"},"geometry":{"type":"MultiPolygon","coordinates":[[[[-70.50432008599995,-24.074799396999936],[-70.5058299399999,-24.07575978999995],[-70.50457002999991,-24.07635914699995],[-70.50432008599995,-24.074799396999936]]],[[[-70.60654004299994,-23.430541277999907],[-70.60995001899994,-23.43149950399993],[-70.61172011499991,-23.43679116599992],[-70.61373989999993,-23.436111070999914],[-70.61599010899994,-23.437329479999903],[-70.61320990599995,-23.438708297999938],[-70.61397988399995,-23.441138564999903],[-70.61288002099991,-23.440608107999935],[-70.61067009399994,-23.442260933999933],[-70.61116009599994,-23.444481888999917],[-70.60967986199995,-23.448000992999937],[-70.6011798529999,-23.43829035099992],[-70.60151013199993,-23.43541977299992],[-70.60654004299994,-23.430541277999907]]],[[[-70.01375988399991,-23.057921122999915],[-70.01545054899992,-23.061040529999957],[-70.02229826799993,-23.06385099399995],[-70.0288783229999,-23.063761772999953],[-70.0315801289999,-23.066860767999913],[-70.03530224199994,-23.073910672999943],[-70.03282635799991,-23.08252050899995],[-70.03235794699992,-23.09048349199992],[-70.03840267599992,-23.09434230399995],[-70.04083395099991,-23.09793345299994],[-70.04266298399995,-23.104357371999924],[-70.04728017499991,-23.10814926899991],[-70.05128999899995,-23.114819999999952],[-70.05142895699993,-23.11903424299993],[-70.05702757999995,-23.12561429799996],[-70.05845511799993,-23.130432237999912],[-70.05931572499992,-23.14345592999996],[-70.06445523699995,-23.151020005999953],[-70.07087915499994,-23.153696638999918],[-70.07391267299994,-23.16576379199995],[-70.07910980199995,-23.174998175999917],[-70.08265633999991,-23.176403407999942],[-70.09302829299992,-23.189474298999926],[-70.0954372619999,-23.18913971899991],[-70.09615103099992,-23.186552307999932],[-70.10012136899991,-23.182849631999943],[-70.10311027699993,-23.182760410999947],[-70.11024796499993,-23.19384613199992],[-70.1176979249999,-23.198931734999917],[-70.11763100999991,-23.202188304999936],[-70.11963848499994,-23.205087990999914],[-70.13212948699993,-23.203426804999935],[-70.13290994899995,-23.206719978999956],[-70.13072084599992,-23.208623547999935],[-70.12910995099992,-23.215300314999922],[-70.13016643199995,-23.219526237999958],[-70.13509705299992,-23.226038031999906],[-70.13158407399993,-23.228266909999945],[-70.13136992199992,-23.23027755499993],[-70.1326310359999,-23.231253133999928],[-70.1287049259999,-23.23492940099993],[-70.13422527499995,-23.24010472899994],[-70.1373899589999,-23.254179240999918],[-70.1441860569999,-23.265506866999942],[-70.1513699429999,-23.276072161999934],[-70.16059107599995,-23.285176865999915],[-70.16979511399995,-23.30978439599994],[-70.17307010999991,-23.311747389999937],[-70.17723646399992,-23.311977740999907],[-70.18091206999992,-23.31651466099993],[-70.17986046599992,-23.31841756299991],[-70.18004074099991,-23.323815795999906],[-70.18265472599995,-23.324707154999942],[-70.18381649899993,-23.327331156999946],[-70.18665082099994,-23.328182455999922],[-70.18666083699992,-23.332168534999937],[-70.18482804099995,-23.332789481999953],[-70.18409692699993,-23.33511302599993],[-70.18539891299991,-23.338828692999925],[-70.18816312899992,-23.340801701999908],[-70.18827230099993,-23.343270085999904],[-70.18525000099993,-23.344440000999953],[-70.39834007899992,-23.29843212199995],[-70.54779999899995,-23.360849999999914],[-70.60669005299991,-23.359582221999915],[-70.60602999799994,-23.36622196099995],[-70.60391008699992,-23.36533161999995],[-70.60228995599994,-23.366851771999904],[-70.60156000499995,-23.371717748999913],[-70.59921989499992,-23.37158816999994],[-70.59898995199995,-23.37346888399992],[-70.60103012099995,-23.380130643999905],[-70.60104001299993,-23.389450094999916],[-70.60366988699991,-23.389978516999918],[-70.60369008799995,-23.392570080999917],[-70.60751987899994,-23.397818122999922],[-70.60726993799994,-23.404390409999905],[-70.6052400239999,-23.406957889999944],[-70.60126998699991,-23.406538071999933],[-70.60121005399992,-23.41034957799991],[-70.59866990899991,-23.40966217999994],[-70.59920015999995,-23.414090752999925],[-70.5979501459999,-23.414401553999937],[-70.59807993699991,-23.41565998799996],[-70.59650000699992,-23.41521107199992],[-70.59519002499991,-23.412741051999944],[-70.59306003299992,-23.412880186999928],[-70.59050009299995,-23.41659977899991],[-70.5917800389999,-23.418428974999927],[-70.58958001799994,-23.426890448999927],[-70.59197995399995,-23.436171978999937],[-70.59923986399991,-23.443448606999937],[-70.6026901109999,-23.452231493999932],[-70.60059990999991,-23.46001015199994],[-70.60336015399992,-23.464781502999926],[-70.60328296599994,-23.469470990999923],[-70.60514446299993,-23.472779647999914],[-70.6074500929999,-23.475508223999952],[-70.61028000699991,-23.474679821999928],[-70.61121000899993,-23.46460125799996],[-70.61237987899995,-23.463072048999948],[-70.61582011999991,-23.462548797999943],[-70.61605004199993,-23.46613150099995],[-70.61776987299993,-23.467210864999913],[-70.61897994499992,-23.470711142999903],[-70.6205999579999,-23.471150347999924],[-70.6196699429999,-23.471850839999945],[-70.62179985599994,-23.472858164999934],[-70.62150991499993,-23.475091693999957],[-70.6233101329999,-23.476201758999935],[-70.62179999999995,-23.478249320999907],[-70.62261992999993,-23.480101050999906],[-70.62166017099992,-23.48355162599995],[-70.62341992299991,-23.484070612999915],[-70.62250993299995,-23.48628802299993],[-70.62349002699995,-23.488670869999908],[-70.6225499919999,-23.488910936999957],[-70.62309010299992,-23.490891997999938],[-70.62137012999995,-23.491131150999934],[-70.62270986899995,-23.49189833199995],[-70.62294004099994,-23.49447862699992],[-70.6204100889999,-23.49781911799994],[-70.6210399759999,-23.499058757999933],[-70.62484990399992,-23.499890492999953],[-70.6286099539999,-23.504601194999907],[-70.62745010099991,-23.512858039999912],[-70.6287200889999,-23.513431732999948],[-70.62886012699994,-23.51576009799993],[-70.62715005799993,-23.517751112999917],[-70.62337987699993,-23.519280485999957],[-70.62234006299991,-23.521309612999914],[-70.6192298599999,-23.521138815999905],[-70.61895999799992,-23.519918006999944],[-70.61711989199995,-23.52009968199991],[-70.61535994799993,-23.516569012999923],[-70.61581992899994,-23.50817048899995],[-70.61018992899994,-23.50537068099993],[-70.6049498509999,-23.507659804999946],[-70.59941012699994,-23.506159048999905],[-70.59243992499995,-23.509770423999953],[-70.59049014099992,-23.51434170899995],[-70.58447006799992,-23.521171438999943],[-70.58102989899993,-23.52038012999992],[-70.57576010399993,-23.529238303999932],[-70.56967985299991,-23.527918085999943],[-70.56858008599994,-23.52623143699992],[-70.56566983999994,-23.52907826699993],[-70.56014987399993,-23.529869694999945],[-70.55976012199994,-23.533129111999926],[-70.55652010299991,-23.535812023999938],[-70.55522005199992,-23.535852115999944],[-70.55342994099993,-23.533309837999923],[-70.55178000599994,-23.533579156999906],[-70.54970012699994,-23.53505832299993],[-70.54925990299995,-23.53424092599994],[-70.54856988299991,-23.537340764999954],[-70.54707991799995,-23.53778905599995],[-70.54573011199994,-23.536271790999933],[-70.54334005599992,-23.536281972999916],[-70.53748988599995,-23.533301097999924],[-70.53559998199995,-23.528668996999954],[-70.53357987899994,-23.52881986099993],[-70.53098993299994,-23.52633033299992],[-70.53194985999994,-23.524808256999904],[-70.5286561879999,-23.519016878999935],[-70.53127381899992,-23.51495640899992],[-70.52866145399992,-23.514254346999905],[-70.53087130999995,-23.512111149999953],[-70.53139194599993,-23.513164467999957],[-70.53267335599992,-23.512541116999955],[-70.53321649299994,-23.50837570999994],[-70.52812011099991,-23.50236861399992],[-70.52649989299994,-23.502321286999916],[-70.5251901339999,-23.504149282999947],[-70.52300004599994,-23.503990101999932],[-70.51965989599995,-23.50056849099991],[-70.5184998659999,-23.49619088599991],[-70.5156800069999,-23.49358137999991],[-70.51444998199992,-23.482630049999955],[-70.5154601559999,-23.48195195699992],[-70.5162299189999,-23.475821639999936],[-70.51315990299992,-23.47078974099992],[-70.51346011299995,-23.467418360999943],[-70.50190991599993,-23.46446860599991],[-70.48698009399993,-23.465279961999954],[-70.46736002999995,-23.473268487999917],[-70.4373630529999,-23.490910836999944],[-70.43162182799995,-23.495256300999927],[-70.42932860099995,-23.50014043999994],[-70.42641102399995,-23.50146223799993],[-70.42571820799992,-23.50621046799995],[-70.42021755699994,-23.50871465399996],[-70.41872249199992,-23.51348011199991],[-70.41545464699993,-23.514540447999934],[-70.41422708199991,-23.516715595999926],[-70.41329531699995,-23.522128899999927],[-70.41021612499992,-23.524704450999934],[-70.40939087399994,-23.528577020999933],[-70.40611027999995,-23.53167577399995],[-70.40661945499994,-23.53355789199992],[-70.40385493799994,-23.53457639699991],[-70.40414622299994,-23.53600526799994],[-70.40205783699992,-23.53543193999991],[-70.40110892299992,-23.54406831999995],[-70.39877109999992,-23.54556682799995],[-70.40023719299995,-23.549087905999954],[-70.40231618899992,-23.549236246999953],[-70.40322198899992,-23.555081608999956],[-70.4051125389999,-23.555542424999942],[-70.40673100299995,-23.553339684999912],[-70.40951262999994,-23.553127464999932],[-70.40897415599994,-23.557328388999906],[-70.40869892199993,-23.555991324999923],[-70.40846156799995,-23.557885816999942],[-70.4057938169999,-23.555901478999942],[-70.4059763809999,-23.55958011799993],[-70.40498296599992,-23.558923247999928],[-70.4050300799999,-23.56004627099992],[-70.40400724299991,-23.55954300499991],[-70.40467674599995,-23.560777447999953],[-70.40323628099992,-23.561105365999936],[-70.40417918799994,-23.562705623999932],[-70.40211169299994,-23.56309789599993],[-70.40184260699994,-23.562205897999945],[-70.4001370549999,-23.56466350799991],[-70.40069814499992,-23.566124175999903],[-70.39835375099995,-23.570220952999932],[-70.39919428899992,-23.570619509999915],[-70.39746516399993,-23.57241931199991],[-70.39871060999991,-23.57396991899992],[-70.39241787599991,-23.579728486999954],[-70.39443095699994,-23.580816994999907],[-70.39335989099993,-23.581502480999916],[-70.39505637499991,-23.582271593999906],[-70.39439229099992,-23.58505845499991],[-70.39542701399995,-23.584983327999907],[-70.3957043229999,-23.588392994999936],[-70.39819186099993,-23.592322375999913],[-70.39738171199991,-23.59699748199995],[-70.39572989699991,-23.597200090999934],[-70.39620936199992,-23.598141769999927],[-70.39388405799991,-23.600741351999943],[-70.39250026799994,-23.60806529699994],[-70.3926185709999,-23.611507725999957],[-70.39355210799994,-23.611742368999955],[-70.39215724899992,-23.61287995799995],[-70.39282885299991,-23.61918112199993],[-70.39548878099993,-23.621900540999945],[-70.39720042399995,-23.62677283599993],[-70.39628412499991,-23.63413638299994],[-70.39742989699994,-23.638031647999924],[-70.39865218199992,-23.637912167999957],[-70.39771582599991,-23.638898292999954],[-70.39949932699994,-23.639526469999907],[-70.39918865399994,-23.641810560999943],[-70.39863074199991,-23.640820482999914],[-70.39702538899991,-23.64190511299995],[-70.39797927599994,-23.64336972199993],[-70.39895632199995,-23.642630763999932],[-70.39807184799992,-23.64346506599992],[-70.39881111799991,-23.64416858599992],[-70.40015385399994,-23.643755765999913],[-70.39991566999993,-23.64229329099993],[-70.4012463219999,-23.64262588999992],[-70.40047991799992,-23.644263967999905],[-70.4014358199999,-23.645185418999915],[-70.4027619599999,-23.64390549399991],[-70.40647047199991,-23.645845136999924],[-70.40474520999993,-23.645908190999933],[-70.40444746899993,-23.654308129999947],[-70.40774337699992,-23.65286896799995],[-70.40894721099994,-23.646209890999955],[-70.40821419499991,-23.652955902999906],[-70.4030214089999,-23.656099398999913],[-70.4042286209999,-23.66434869899996],[-70.4071124049999,-23.669055318999938],[-70.40877381599995,-23.669547570999953],[-70.4081908249999,-23.670454055999926],[-70.40950972199994,-23.670585289999906],[-70.40939755499994,-23.669515798999953],[-70.41284182899994,-23.673366494999925],[-70.41457277299992,-23.677159072999928],[-70.41443516399994,-23.680652534999922],[-70.4198820549999,-23.685807663999924],[-70.42338284099992,-23.694394469999907],[-70.42541347799994,-23.704729973999918],[-70.43114237199995,-23.707119182999918],[-70.43434458099995,-23.712476072999948],[-70.43941221799992,-23.732999161999942],[-70.44242410299995,-23.734921079999936],[-70.44136686299993,-23.73599520299996],[-70.44525609699991,-23.741015902999948],[-70.4470608279999,-23.748867224999913],[-70.45220459299992,-23.75075388299996],[-70.45901345499993,-23.758746259999953],[-70.4636298929999,-23.759798692999937],[-70.46740619099995,-23.75749347099992],[-70.46976009499991,-23.758860007999942],[-70.47026010299993,-23.76150120099993],[-70.47366993199995,-23.762209209999924],[-70.47579009799995,-23.765900513999952],[-70.47310995899994,-23.76938931099994],[-70.47431009899992,-23.773441592999916],[-70.4853799999999,-23.776270404999934],[-70.4879600619999,-23.783298362999915],[-70.4928200679999,-23.790390010999943],[-70.50102007499993,-23.792879625999944],[-70.50167983499995,-23.79496826499991],[-70.50069990499992,-23.795469957999956],[-70.50249002899994,-23.798161660999938],[-70.50579997999995,-23.798942127999908],[-70.5043301469999,-23.799462169999913],[-70.50526994699993,-23.80135841899994],[-70.50247996699994,-23.80405861899993],[-70.50692006699995,-23.811329925999928],[-70.50470015799993,-23.81592098099992],[-70.50544006699994,-23.820898530999955],[-70.50332006699995,-23.821452010999906],[-70.5020899829999,-23.825739890999955],[-70.49893005599995,-23.828570073999913],[-70.49900012899991,-23.831490723999934],[-70.50221989599993,-23.833450571999947],[-70.50162997199993,-23.84320009599992],[-70.5038499389999,-23.845589548999953],[-70.5035098859999,-23.85041959499995],[-70.5080099839999,-23.852249397999913],[-70.51098014899992,-23.85189067999994],[-70.51745993199995,-23.85697876799992],[-70.51960990399994,-23.85618999099995],[-70.51961995199991,-23.85791919499991],[-70.52284990599992,-23.858122073999937],[-70.5244501329999,-23.861799626999925],[-70.5263199609999,-23.861898495999924],[-70.52548995199993,-23.86257947799993],[-70.52679002399992,-23.863650224999958],[-70.52583012899993,-23.86435055699991],[-70.52693999299993,-23.865030368999953],[-70.52516002499993,-23.865219588999935],[-70.52395996399991,-23.867109770999946],[-70.52082992399994,-23.867808966999917],[-70.52086007299994,-23.866160640999908],[-70.5169499939999,-23.866068279999922],[-70.51638007799994,-23.87132952999991],[-70.51433005699994,-23.87173801499995],[-70.51350002599992,-23.873958603999938],[-70.51484989499994,-23.875719776999915],[-70.51409985399994,-23.879989457999955],[-70.50499985399995,-23.884350068999936],[-70.50402992599993,-23.887922012999923],[-70.49920004599994,-23.893238350999923],[-70.49851003999993,-23.89650953699993],[-70.49575996699991,-23.900270345999957],[-70.49606012399994,-23.90400146399992],[-70.49506005799992,-23.904318221999915],[-70.49571994699994,-23.91074138999994],[-70.4987601059999,-23.912978385999907],[-70.49827986299994,-23.91552058299993],[-70.49994986399992,-23.920019441999955],[-70.50889988099993,-23.924930080999957],[-70.51658994699994,-23.925342007999916],[-70.51662013399994,-23.930028401999948],[-70.51424002999994,-23.93045823999995],[-70.51505010699992,-23.933710167999948],[-70.51194006399993,-23.935528796999904],[-70.5121998919999,-23.93861909599991],[-70.50853001899992,-23.940018749999922],[-70.50754999199995,-23.942529750999938],[-70.51322000899995,-23.95397849099993],[-70.51287007499991,-23.960172151999927],[-70.51391993499993,-23.961010639999927],[-70.51213007599995,-23.962098363999928],[-70.51193005499994,-23.965721447999954],[-70.51362991199994,-23.969280650999906],[-70.51573001699995,-23.96997782099993],[-70.51463011599992,-23.97560997599993],[-70.51080999099992,-23.979300357999932],[-70.51075993299992,-23.98209118099993],[-70.50805013299993,-23.984569545999932],[-70.50990002099991,-23.986677955999937],[-70.50979992799995,-23.990367772999946],[-70.51398009999991,-24.003668630999925],[-70.51304999299992,-24.00761044999996],[-70.51483013199993,-24.01288001899991],[-70.5144798689999,-24.016468448999944],[-70.51735012799992,-24.017410790999918],[-70.51861990799995,-24.02058133199995],[-70.51176002699992,-24.02523197599993],[-70.50833007599994,-24.030941236999922],[-70.50977996899991,-24.042481008999914],[-70.50876012799995,-24.04794977599994],[-70.50730996899995,-24.048758713999916],[-70.50683000799995,-24.053919642999915],[-70.50821988199993,-24.05678204499992],[-70.50859997999993,-24.063979812999946],[-70.50538005999994,-24.068711703999952],[-70.50394014599993,-24.07352988799994],[-70.49908000799991,-24.077198679999924],[-70.49732003199995,-24.080818940999904],[-70.4987598429999,-24.087568390999934],[-70.49792001499992,-24.091951709999933],[-70.49937992899993,-24.09307067499992],[-70.49953009799992,-24.097150806999935],[-70.50102011299992,-24.099289856999917],[-70.50071986699993,-24.102489457999923],[-70.49851983799994,-24.105328436999912],[-70.50384986099994,-24.119530033999922],[-70.51150990199994,-24.12225824399991],[-70.51733003399994,-24.120918265999933],[-70.52030988999991,-24.123100983999905],[-70.51432997499995,-24.13476849199992],[-70.51505999299991,-24.137510886999905],[-70.51382000599995,-24.139351766999937],[-70.51477997799992,-24.14125208999991],[-70.51190995099995,-24.145167966999907],[-70.51362999499992,-24.150997842999914],[-70.51016983199992,-24.15655849299992],[-70.50713007699994,-24.15731998499996],[-70.5068998989999,-24.159457855999904],[-70.5021400679999,-24.162809789999926],[-70.50272007099994,-24.178620134999903],[-70.50530003999995,-24.18044131599993],[-70.51695011099991,-24.180750237999916],[-70.52054003099994,-24.184141335999925],[-70.52064997399992,-24.188510729999905],[-70.51651009199992,-24.190832042999943],[-70.51551006599993,-24.19526215099995],[-70.5116199979999,-24.196619165999948],[-70.51084013399992,-24.198812150999913],[-70.5200201099999,-24.207461805999912],[-70.5176199739999,-24.21512053799995],[-70.52207008799991,-24.22535214699991],[-70.5208900259999,-24.22991049399991],[-70.52215015199994,-24.23299063299993],[-70.5200399229999,-24.234921544999906],[-70.5192599639999,-24.238121399999955],[-70.52047004399992,-24.242579104999948],[-70.52618984799994,-24.24481993699993],[-70.52890007799994,-24.24272037299994],[-70.5334899209999,-24.246678914999904],[-70.53106009599992,-24.251480175999916],[-70.53210007599995,-24.254101900999956],[-70.52955007999992,-24.258701179999946],[-70.53012009899993,-24.260989022999922],[-70.5341300959999,-24.264199353999913],[-70.53424001299993,-24.26920076199991],[-70.53069007399995,-24.272058365999953],[-70.52790998599994,-24.277680309999937],[-70.53166004099995,-24.289101383999935],[-70.53401012599994,-24.292062018999957],[-70.53224008099994,-24.30369218499993],[-70.53506010899991,-24.30724852399993],[-70.53321999399992,-24.309470378999947],[-70.53655010999995,-24.316272240999922],[-70.54363006699992,-24.322638609999956],[-70.5422699689999,-24.32351026099991],[-70.54287008099993,-24.325590027999908],[-70.54930013899991,-24.328409510999904],[-70.54959983299995,-24.334388626999953],[-70.54845001199993,-24.337059611999905],[-70.54237990399992,-24.343221016999905],[-70.5429500159999,-24.344569673999956],[-70.5399798599999,-24.34852778399994],[-70.5397799559999,-24.358480545999953],[-70.54133004699992,-24.365250605999904],[-70.54479008899995,-24.370050771999956],[-70.54997009099992,-24.37328919199996],[-70.55356999999992,-24.370430564999936],[-70.55646007399992,-24.37241000499995],[-70.5560800099999,-24.37505959099991],[-70.55422997799991,-24.377168938999944],[-70.55259006099993,-24.377190265999957],[-70.54677987399992,-24.38775117399996],[-70.54917009399992,-24.397578076999935],[-70.5473999269999,-24.399979998999925],[-70.54797993299991,-24.40120209999992],[-70.5455101039999,-24.40199936399995],[-70.54200990499993,-24.40878922299993],[-70.54325012599992,-24.418158365999943],[-70.5419101089999,-24.422411432999922],[-70.5425900809999,-24.425740945999905],[-70.5470199419999,-24.430458828999917],[-70.54818011599991,-24.435489985999936],[-70.54685008099995,-24.439928092999935],[-70.55046001499994,-24.443001814999946],[-70.55412009299994,-24.450752236999904],[-70.55337004099994,-24.459568273999935],[-70.55429984299991,-24.462159222999958],[-70.55735008399995,-24.466931531999933],[-70.56161995699995,-24.466061263999904],[-70.56326001499991,-24.468879571999935],[-70.56425006599994,-24.473478886999942],[-70.56188013299993,-24.47362981999993],[-70.56202986699992,-24.475569615999916],[-70.56358990799993,-24.476641531999917],[-70.56184011599993,-24.478980214999922],[-70.56265001499992,-24.48039849999992],[-70.55761985099991,-24.482987748999903],[-70.55609006999993,-24.48731059399995],[-70.55573991599994,-24.49498928199995],[-70.55690991199992,-24.49957774899991],[-70.5598000199999,-24.502631481999913],[-70.56586983299991,-24.50270859299991],[-70.57240999899994,-24.50878965399994],[-70.56737990899995,-24.50949209999993],[-70.56500988099992,-24.517629660999944],[-70.5688498849999,-24.524700459999906],[-70.57523991599993,-24.52853005499992],[-70.57755998699992,-24.534131121999906],[-70.57499988199993,-24.53789153899993],[-70.5751398939999,-24.540409277999913],[-70.57860012399993,-24.543871974999945],[-70.5794499079999,-24.55155158699995],[-70.57227004399994,-24.552619889999903],[-70.57050217699992,-24.555626550999932],[-70.4046300089999,-24.627807683999947],[-69.17366000599992,-24.684510003999947],[-69.17228634499992,-24.689998138999954],[-69.16704369599995,-24.699181469999928],[-69.17051863699993,-24.703497943999935],[-69.17019069799994,-24.70951865899991],[-69.16811135699993,-24.711552215999916],[-69.16662821499995,-24.716426059999947],[-69.16028196199994,-24.720038441999918],[-69.1619436009999,-24.723074238999914],[-69.1610619189999,-24.72524027299994],[-69.1546277679999,-24.731255266999938],[-69.15461328099991,-24.735890126999948],[-69.1570032859999,-24.739248365999913],[-69.15520951899992,-24.743866607999905],[-69.1570402719999,-24.746560661999922],[-69.15257126799992,-24.748365661999912],[-69.1507554069999,-24.751672820999943],[-69.14886826599991,-24.76312329399991],[-69.14711296099995,-24.766596531999937],[-69.14798214899992,-24.774771244999954],[-69.1422602259999,-24.77627248999994],[-69.14034357999992,-24.778517559999955],[-69.13899387799995,-24.78904294499995],[-69.14145694099994,-24.79386010299993],[-69.13914193999994,-24.803907430999914],[-69.13680943899993,-24.807565720999946],[-69.1318676329999,-24.80940053599994],[-69.13650779199992,-24.816092425999955],[-69.13725208499994,-24.83097455099994],[-69.13384627399995,-24.83347422299994],[-69.13326863399993,-24.837457454999935],[-69.13442030399995,-24.84331660999993],[-69.1305504579999,-24.846218046999923],[-69.12259322599994,-24.85787581099993],[-69.12219640599994,-24.863580346999925],[-69.12005741199994,-24.86625715699995],[-69.11469876199993,-24.86906757299994],[-69.1145884149999,-24.874103091999928],[-69.11276833099993,-24.87803707799992],[-69.1192713449999,-24.880893663999927],[-69.12321586099995,-24.884304762999932],[-69.12667685999992,-24.89500212899992],[-69.12737479299994,-24.90265956199994],[-69.12588740799993,-24.910423747999914],[-69.12715937599995,-24.916926733999958],[-69.1243487349999,-24.924587107999912],[-69.12705621499993,-24.928518728999904],[-69.1260854919999,-24.935548121999943],[-69.12758201199995,-24.93638608099991],[-69.13454186699994,-24.935698084999956],[-69.14271522899992,-24.939834186999917],[-69.14921686999992,-24.940719498999954],[-69.15221023599992,-24.942290029999924],[-69.15837575699993,-24.950098930999957],[-69.16049877899991,-24.955519936999906],[-69.15908524499991,-24.96496825099996],[-69.16228679999995,-24.971180322999942],[-69.16789700299995,-24.992285867999954],[-69.16699082799994,-25.003144317999954],[-69.16955999999993,-25.00670999999994],[-69.16906999999992,-25.010949999999923],[-69.17391999999995,-25.01789999999994],[-69.17525203899993,-25.02471854399994],[-69.1800199999999,-25.02934999999991],[-69.18054999999993,-25.034989999999937],[-69.18624999999992,-25.050139999999942],[-69.19170999999994,-25.055829999999958],[-69.19205999999991,-25.058949999999925],[-69.19719999999995,-25.068729999999903],[-69.21041999999994,-25.084319999999934],[-69.2090399999999,-25.092079999999953],[-69.20684999999992,-25.093539999999905],[-69.20958999999993,-25.108229999999935],[-69.20843999999994,-25.110829999999908],[-69.22509999999994,-25.125259999999912],[-69.23090999999994,-25.132649999999956],[-69.23094999999995,-25.136339999999905],[-69.2376099999999,-25.14772999999991],[-69.24382999999995,-25.155119999999954],[-69.24708756799993,-25.16603515299994],[-69.24694999999991,-25.174699999999916],[-69.24293999999992,-25.181739999999934],[-69.2340299999999,-25.185169999999914],[-69.23119999999994,-25.192989999999952],[-69.22609999999992,-25.195949999999925],[-69.22517999999991,-25.19996999999995],[-69.22083999999995,-25.204879999999946],[-69.21777999999995,-25.21354999999994],[-69.21721999999994,-25.225849999999923],[-69.21426999999994,-25.233559999999954],[-69.19831999999991,-25.237379999999916],[-69.19234999999992,-25.243139999999926],[-69.18953999999991,-25.262769999999932],[-69.18232999999992,-25.270959999999945],[-69.17878999999994,-25.27962999999994],[-69.17822060999993,-25.28457950099994],[-69.17486999999994,-25.284499999999923],[-69.16867999999994,-25.28708999999992],[-69.16500999999994,-25.29257999999993],[-69.15496639399993,-25.29450827599993],[-69.14982999999995,-25.297689999999932],[-69.12418999999994,-25.303909999999917],[-69.12193999999994,-25.305399999999906],[-69.11581999999993,-25.318439999999953],[-69.10792999999995,-25.325879999999927],[-69.10116843199995,-25.337691337999956],[-69.09432747799991,-25.34303572899995],[-69.07322487199991,-25.34104470899996],[-69.0629054659999,-25.338215308999906],[-69.05676020199991,-25.338424895999935],[-69.04481751799995,-25.341254291999917],[-69.03183129899992,-25.347541600999932],[-69.0287006929999,-25.352990336999937],[-69.01954077099992,-25.36032478699991],[-69.00531999999993,-25.376579999999933],[-69.00180066799993,-25.37551616099995],[-68.9982399669999,-25.377679994999937],[-68.9886299659999,-25.380159998999943],[-68.9877243599999,-25.37722684499994],[-68.98521996699992,-25.37565999499992],[-68.9721178819999,-25.377401853999913],[-68.96837876199993,-25.383159705999958],[-68.96320981499991,-25.385024104999957],[-68.96116146199995,-25.390345191999927],[-68.95288074399991,-25.387869209999906],[-68.94993636099991,-25.385170916999925],[-68.94509366199992,-25.386867731999928],[-68.93733519099993,-25.383880605999934],[-68.92472369599994,-25.382978369999933],[-68.9167982809999,-25.375698494999938],[-68.91341996299991,-25.375319994999927],[-68.88628543399994,-25.376533912999946],[-68.88433005399992,-25.375827227999935],[-68.88345851899993,-25.37388020599991],[-68.86633980699992,-25.379994867999926],[-68.8479182179999,-25.382921495999938],[-68.83714786099995,-25.37868210399995],[-68.82768003799993,-25.369690071999912],[-68.82635290399992,-25.36962405199995],[-68.81931995999992,-25.37140999399992],[-68.81857702899993,-25.37879797699992],[-68.80672314199995,-25.379085610999937],[-68.8027679189999,-25.381529730999944],[-68.8007424409999,-25.384726929999943],[-68.79363534799995,-25.386820524999905],[-68.79137820799991,-25.388655771999936],[-68.78957249399991,-25.39594550299995],[-68.78274464099991,-25.40292895899995],[-68.76461882599995,-25.396367683999927],[-68.75603241099992,-25.38991350899994],[-68.75019889099991,-25.38215619899995],[-68.7476426309999,-25.380794176999927],[-68.7352545949999,-25.383103683999934],[-68.73027316399993,-25.387959423999916],[-68.72502955199991,-25.39038722199996],[-68.7197103339999,-25.385828554999932],[-68.71483110699995,-25.378582312999924],[-68.71163276399994,-25.377742929999954],[-68.70685258599991,-25.372630881999953],[-68.70053391599993,-25.368425130999924],[-68.69857379899992,-25.364448892999917],[-68.69566162399991,-25.364224879999938],[-68.69347749399992,-25.36243277299991],[-68.6916293829999,-25.362712789999932],[-68.69062228999991,-25.366373039999928],[-68.68823995399993,-25.368709992999925],[-68.68223595899991,-25.369253719999904],[-68.68082073799991,-25.361480715999903],[-68.67508073699992,-25.36219313899994],[-68.67199672599992,-25.360622038999907],[-68.67415633899992,-25.357616484999937],[-68.67477237599991,-25.351904142999956],[-68.67382031799991,-25.349944025999946],[-68.66995608699995,-25.348375931999954],[-68.66828995199995,-25.345029992999912],[-68.67348429799995,-25.331518924999955],[-68.67093143799991,-25.32847193099991],[-68.67153995299992,-25.32565999299993],[-68.66586784299994,-25.313989875999937],[-68.66242328699991,-25.309967179999944],[-68.6615053779999,-25.30688562699993],[-68.6574092589999,-25.303520119999916],[-68.64908114499991,-25.303936525999916],[-68.64170481499991,-25.310539529999915],[-68.63623205599993,-25.31327590999996],[-68.63278183699992,-25.310301583999944],[-68.6224906679999,-25.30655393299992],[-68.61823666499993,-25.303212533999954],[-68.61475741899994,-25.30262782199992],[-68.61386512099995,-25.29971298299995],[-68.6102364429999,-25.29685762899993],[-68.60271393799991,-25.295730413999934],[-68.60032759499995,-25.293163853999943],[-68.59716702499992,-25.296636188999912],[-68.5953648119999,-25.302925254999934],[-68.5892376999999,-25.300664766999944],[-68.5864199479999,-25.294929991999936],[-68.58751259099995,-25.290076164999903],[-68.5788751469999,-25.285805032999917],[-68.57568667099991,-25.288374850999958],[-68.5676751119999,-25.29165826499991],[-68.55742994699995,-25.301549991999934],[-68.55230786099992,-25.30147390299993],[-68.54537963899992,-25.298278808999953],[-68.53918456999992,-25.298278808999953],[-68.53588867199994,-25.29339599599996],[-68.53021240299995,-25.291503905999946],[-68.52880859299995,-25.28890991199995],[-68.5316772459999,-25.287780761999954],[-68.53302001999992,-25.282287596999936],[-68.54211425699992,-25.275695800999927],[-68.5418701179999,-25.27227783199993],[-68.5499877929999,-25.261291503999928],[-68.5429077149999,-25.260681151999904],[-68.5441284179999,-25.25878906199995],[-68.54370117199994,-25.251281737999932],[-68.54107665999993,-25.251525878999928],[-68.53540038999995,-25.247314452999944],[-68.5358276369999,-25.244689940999933],[-68.53460693399995,-25.242187499999943],[-68.5363159179999,-25.240600585999914],[-68.53570556599993,-25.237304687999938],[-68.52758789099994,-25.234497069999918],[-68.52709960899995,-25.231323241999917],[-68.52587890599995,-25.23071289099994],[-68.5214233399999,-25.232421874999943],[-68.51379394499992,-25.231872558999953],[-68.51062011699992,-25.234191894999924],[-68.50891113299991,-25.23248291099992],[-68.51000976499995,-25.227294921999942],[-68.50469970699993,-25.22198486399992],[-68.5062866209999,-25.219299315999933],[-68.50421142599993,-25.211791991999917],[-68.50852804699991,-25.19810948199995],[-68.50858999999991,-25.191889999999944],[-68.50718959999995,-25.188591636999945],[-68.51060999999993,-25.176299999999912],[-68.50793318199993,-25.173154883999928],[-68.5070706269999,-25.168693394999934],[-68.5033699999999,-25.164799999999957],[-68.49874814199995,-25.161286506999943],[-68.4875887899999,-25.16304217499993],[-68.48625597099993,-25.15932345099992],[-68.4834006179999,-25.157122449999918],[-68.48272999999995,-25.15393999999992],[-68.47220557499992,-25.151061588999937],[-68.46963575699993,-25.14806346799992],[-68.46959974399994,-25.144392332999928],[-68.46774408499994,-25.142495528999916],[-68.46829104099993,-25.139692897999907],[-68.4667443909999,-25.137848815999916],[-68.46495615799995,-25.130789831999948],[-68.45782141199993,-25.125713564999955],[-68.45579886999991,-25.12874737699991],[-68.44847045099993,-25.12993197499992],[-68.4440205379999,-25.133684758999948],[-68.44176004999991,-25.131662216999928],[-68.44342567299992,-25.129223269999954],[-68.44009442799995,-25.127260213999932],[-68.43979699499994,-25.12279872499994],[-68.43673999999993,-25.122469999999907],[-68.43682266899992,-25.125297158999956],[-68.43331296399992,-25.13118632499993],[-68.42353499899991,-25.131114562999926],[-68.42359318599995,-25.135035918999904],[-68.41538404599993,-25.139318948999914],[-68.40961585499991,-25.14506819199994],[-68.3432669739999,-25.110644476999937],[-68.34741442199993,-25.11000912199995],[-68.3502697749999,-25.10513122699996],[-68.35449331799992,-25.103227657999923],[-68.35663483299993,-25.09799284399992],[-68.35586150799992,-25.09424519299995],[-68.35960915899994,-25.08746372899992],[-68.36008505099994,-25.083835050999937],[-68.36276194499993,-25.082050454999944],[-68.3669260019999,-25.082288400999914],[-68.36424910799991,-25.070153149999953],[-68.36627164999993,-25.068011634999948],[-68.37130453099991,-25.068470497999954],[-68.37326758599994,-25.064972689999934],[-68.37151868199993,-25.062295796999933],[-68.36637904699995,-25.05890506399993],[-68.36566520799994,-25.052873130999956],[-68.37186338299995,-25.052069245999917],[-68.37906125299992,-25.042610888999945],[-68.37632487299993,-25.038387345999922],[-68.37602743999992,-25.03499661399991],[-68.37851429799991,-25.03206474399991],[-68.3898611109999,-25.039252777999934],[-68.39244572099994,-25.036126857999932],[-68.40278479999995,-25.032314587999906],[-68.40672248699991,-25.02875052899992],[-68.40559224299994,-25.02185009199991],[-68.41067271299994,-25.018251972999906],[-68.41195762199993,-25.01532523599991],[-68.41179198399993,-25.009471197999915],[-68.41374189699991,-25.00828716399991],[-68.4150628189999,-25.00333275199995],[-68.41306407199994,-24.999870635999912],[-68.41606187199994,-24.993534505999946],[-68.41375386399994,-24.989727607999953],[-68.4080906769999,-24.971881410999913],[-68.41689468299995,-24.966111217999924],[-68.41852493399995,-24.962215665999906],[-68.4231648839999,-24.962572585999908],[-68.42676944599992,-24.961352295999916],[-68.42858266499991,-24.95673876099994],[-68.42742379799995,-24.953143154999907],[-68.42772123099991,-24.944458121999958],[-68.43099298899995,-24.937379225999905],[-68.42998171799991,-24.930597761999934],[-68.4344792199999,-24.926059755999916],[-68.43903325799994,-24.91864834899991],[-68.43387458599994,-24.914365318999955],[-68.43042912699991,-24.913946533999933],[-68.4322422059999,-24.908528260999958],[-68.43140939499995,-24.90602982699994],[-68.43340846299992,-24.90482306599995],[-68.4408677529999,-24.906148799999926],[-68.44426652299995,-24.90470580199991],[-68.44592410699994,-24.902044229999944],[-68.45365266599993,-24.903381726999953],[-68.4628073909999,-24.900685282999916],[-68.47135585699993,-24.90073576599991],[-68.48096167099993,-24.89639300999994],[-68.48369805099992,-24.89704736199991],[-68.48601802499991,-24.895262765999917],[-68.48613699799995,-24.88984949199994],[-68.48793611099995,-24.887141666999923],[-68.48641095699992,-24.88369345299992],[-68.49098521099995,-24.881304104999913],[-68.49063900899995,-24.877455119999922],[-68.4926210289999,-24.875215806999904],[-68.49781546299994,-24.876731763999942],[-68.50162260099995,-24.874637837999956],[-68.50828509099995,-24.875703836999946],[-68.51871213999993,-24.874163711999927],[-68.5246557829999,-24.861579356999925],[-68.52699717299993,-24.85994228699991],[-68.53303148599991,-24.85893339499995],[-68.53220248699995,-24.852250672999958],[-68.53308859299995,-24.848425695999936],[-68.53495408999993,-24.846465019999926],[-68.53269622699992,-24.84296527899994],[-68.53260317199994,-24.838335463999954],[-68.53419889699995,-24.834076214999925],[-68.53341219999993,-24.82735318899995],[-68.53768999999994,-24.82486999999992],[-68.53775233599993,-24.81697873999991],[-68.54642999999993,-24.81042999999994],[-68.54806999999994,-24.80660999999992],[-68.55353999999994,-24.80380999999994],[-68.5603646049999,-24.80345802799991],[-68.56215999999995,-24.802019999999914],[-68.56256999999994,-24.797939999999926],[-68.56824999999992,-24.795039999999915],[-68.56769999999995,-24.791689999999903],[-68.56464763499991,-24.78925264499992],[-68.56097136799991,-24.779687211999942],[-68.56149999999991,-24.76300999999995],[-68.54555245999995,-24.754167492999954],[-68.54318457599993,-24.72542873699996],[-68.54062697599994,-24.72140231499992],[-68.53664105799993,-24.720610327999907],[-68.53620117799994,-24.716548214999932],[-68.5332387489999,-24.711694113999954],[-68.52338778099994,-24.709552599999938],[-68.51546385499995,-24.703002316999914],[-68.51517863999993,-24.698702256999923],[-68.50451833499994,-24.685334818999934],[-68.50362603699995,-24.67819643599995],[-68.50243630599994,-24.67659029999993],[-68.49684457299992,-24.67534108299992],[-68.49571432899995,-24.66957088999993],[-68.49180043599995,-24.664330941999935],[-68.4932994959999,-24.654908277999937],[-68.48683925999995,-24.645414226999947],[-68.48641095699992,-24.640203207999946],[-68.48748766299991,-24.638710095999954],[-68.49280575799992,-24.637318110999956],[-68.49491158199993,-24.634641217999956],[-68.49505434899993,-24.63135756199995],[-68.49798108599992,-24.628430824999953],[-68.49705309599995,-24.62596808299992],[-68.50279949499992,-24.617259255999954],[-68.4942334349999,-24.60612337799995],[-68.49511946399991,-24.599971654999933],[-68.49428665199991,-24.59901987099994],[-68.4873267289999,-24.60009062799992],[-68.47492410899991,-24.621078290999947],[-68.46775003399995,-24.62282719399991],[-68.46057595899993,-24.622113355999943],[-68.45532924699995,-24.617723249999926],[-68.45415141399991,-24.610335023999937],[-68.4505640559999,-24.602529575999938],[-68.44699486499991,-24.601756250999927],[-68.43423532599991,-24.606480296999905],[-68.43325347699994,-24.605741847999923],[-68.43634677699993,-24.601458817999912],[-68.43582968599992,-24.599686240999915],[-68.43302180099994,-24.597949928999924],[-68.43248642199995,-24.595058884999958],[-68.43295604499991,-24.58301799599991],[-68.43059475099994,-24.577141542999925],[-68.4199284959999,-24.564339226999948],[-68.41719211599991,-24.55220397599993],[-68.41308754499994,-24.547564026999908],[-68.41344446499994,-24.541972292999958],[-68.41057158599995,-24.539557956999943],[-68.40916143499993,-24.534833909999918],[-68.40249894399994,-24.525672984999915],[-68.40221967799994,-24.523639361999926],[-68.40518210699992,-24.518571109999925],[-68.40264798099992,-24.511004423999907],[-68.39354654199991,-24.504365727999925],[-68.39343946699995,-24.498226718999945],[-68.38721090699994,-24.484329849999938],[-68.38512887899992,-24.487125716999913],[-68.37543257499993,-24.49247950399996],[-68.36817521899991,-24.49105182799991],[-68.36585524399993,-24.492360530999918],[-68.35806250999991,-24.489326718999905],[-68.34265549999992,-24.491825152999922],[-68.33141999999992,-24.491469999999936],[-68.32145999999995,-24.489439999999945],[-68.30862920699991,-24.491765665999935],[-68.3103099999999,-24.48478999999992],[-68.3056699999999,-24.48153999999994],[-68.3047625829999,-24.475823276999904],[-68.29982999999993,-24.467859999999916],[-68.29992664999992,-24.461107126999934],[-68.29696421999995,-24.454861041999948],[-68.2901972219999,-24.452074999999923],[-68.28893353899991,-24.448936183999933],[-68.28536997599991,-24.445366175999936],[-68.2785290249999,-24.44257030999995],[-68.27070105199994,-24.436109551999948],[-68.26782145099992,-24.435372439999924],[-68.26517999999993,-24.427749999999946],[-68.2657299999999,-24.42572999999993],[-68.2622297179999,-24.41978697099995],[-68.26175382499991,-24.41508753499994],[-68.26282458299994,-24.411696802999927],[-68.2613969059999,-24.408068124999943],[-68.26240817699994,-24.405391231999943],[-68.26044512199991,-24.40301177099991],[-68.25781999999992,-24.40130999999991],[-68.24926165499994,-24.401405633999957],[-68.24587092299993,-24.39914514599991],[-68.24579999999992,-24.39587999999992],[-68.06845794199995,-24.32701529299993],[-68.11782999999991,-24.238119998999935],[-68.34535000099993,-23.999309999999923],[-68.41873001099992,-23.98923008199995],[-68.69854818699991,-23.923130504999904],[-68.87397979499991,-23.875070274999928],[-69.0796818259999,-23.68928053199994],[-69.14168978599992,-23.665310546999933],[-69.35106001499992,-23.662549863999914],[-69.43079183499992,-23.603090970999915],[-69.60049977299991,-23.626010185999917],[-70.0476302049999,-23.623329991999924],[-69.96970002499995,-23.32932055799995],[-70.01375988399991,-23.057921122999915]]]]}},{"type":"Feature","properties":{"cut":2102,"comuna":"MEJILLONES"},"geometry":{"type":"Polygon","coordinates":[[[-69.96458180299993,-22.425696135999942],[-70.26262504099992,-22.635986671999945],[-70.26831275499995,-22.641216534999955],[-70.27138853899993,-22.643084889999955],[-70.27866952799991,-22.643643544999918],[-70.28159671599991,-22.645015804999957],[-70.28209641799992,-22.646703777999903],[-70.28385228999991,-22.646144851999907],[-70.28663009699994,-22.64805352399992],[-70.28866733099994,-22.65529611599993],[-70.2903821079999,-22.65694321199993],[-70.28826846699991,-22.65683834099991],[-70.28884856999991,-22.660455809999917],[-70.28178924999992,-22.662009218999913],[-70.27964050199995,-22.666872876999946],[-70.28113026499994,-22.67339940799991],[-70.2787177909999,-22.67983524999994],[-70.28118635499993,-22.681930466999916],[-70.28105396299992,-22.68348010199992],[-70.28463121999994,-22.68579341399993],[-70.28207912599993,-22.68719038599994],[-70.2836449159999,-22.689395545999957],[-70.28198484399991,-22.68923678799996],[-70.28246805099991,-22.691345476999913],[-70.28137114499992,-22.69081895399995],[-70.2794457839999,-22.694266074999916],[-70.28411101199993,-22.70533427999993],[-70.28090019299992,-22.713208988999952],[-70.28065550699995,-22.718007032999935],[-70.28158883499992,-22.720379531999924],[-70.28532254299995,-22.72147406299996],[-70.2880591519999,-22.724215875999903],[-70.29005248699991,-22.73201260199994],[-70.28967286499994,-22.735181144999956],[-70.2930401239999,-22.738279331999934],[-70.29155752399993,-22.74053809199995],[-70.29201062899995,-22.749271361999945],[-70.29961760999993,-22.75509080899991],[-70.30108827899994,-22.758018216999915],[-70.30715249799994,-22.76166083299995],[-70.31002539899993,-22.76163728499995],[-70.31224164799994,-22.764355328999955],[-70.31260537199995,-22.766013202999943],[-70.3063998639999,-22.771431251999957],[-70.3049401099999,-22.775751482999908],[-70.30592987499995,-22.784378018999917],[-70.31104995099992,-22.790920366999956],[-70.31235995199995,-22.801490591999936],[-70.31533989399992,-22.80436078999992],[-70.31234010899993,-22.81082984199992],[-70.31161984499994,-22.823489586999926],[-70.30750996799992,-22.833309526999926],[-70.3039201009999,-22.837520768999923],[-70.30412001799994,-22.84236027499992],[-70.30179993299993,-22.844289526999944],[-70.2995500209999,-22.849700003999942],[-70.29715009899991,-22.860661828999923],[-70.29109012599992,-22.877320934999943],[-70.28825136799992,-22.894409869999947],[-70.28817949899991,-22.90812096399992],[-70.28930096599993,-22.91362586699995],[-70.29197695499994,-22.91818331199994],[-70.29455361999993,-22.919322930999954],[-70.29748936699991,-22.91812048999992],[-70.30385165699994,-22.922954398999934],[-70.30441662599992,-22.93004112099993],[-70.30766347299993,-22.93401425399992],[-70.30655207399991,-22.935878154999955],[-70.30676993599991,-22.942768979999926],[-70.30885362399994,-22.95830465499995],[-70.31029825899992,-22.95991394099991],[-70.31060187799994,-22.963271274999954],[-70.31325985399991,-22.967548431999944],[-70.31934986399995,-22.968148158999952],[-70.32118988099995,-22.97002048199994],[-70.32493518299992,-22.970726234999916],[-70.32510752699994,-22.976884130999906],[-70.32661008999992,-22.97818058999991],[-70.32940835099993,-22.99071291599995],[-70.33762011099992,-23.009649434999915],[-70.3469399629999,-23.025990014999934],[-70.36589987799994,-23.051021157999912],[-70.38418746199994,-23.068512575999932],[-70.38788868499995,-23.065874143999906],[-70.38622306199994,-23.06762542799993],[-70.38765949999993,-23.071513918999926],[-70.40550485199992,-23.083097013999918],[-70.41936436999993,-23.09017795299991],[-70.44180849299994,-23.096881227999916],[-70.46196403099992,-23.09994710199993],[-70.47342063699995,-23.099632846999953],[-70.48542630599991,-23.097468792999905],[-70.48678995599994,-23.090801378999913],[-70.49480094599994,-23.08236938999994],[-70.50162690899992,-23.071181184999944],[-70.50204888799993,-23.058024987999943],[-70.50002659899991,-23.054052889999923],[-70.49979997999992,-23.04675052099992],[-70.49791160599995,-23.044324759999938],[-70.50088235099992,-23.04168498899992],[-70.50212993699995,-23.033168004999936],[-70.5063101369999,-23.029149996999934],[-70.50784850799994,-23.025538371999914],[-70.51664376499991,-23.024622361999945],[-70.51978148199993,-23.032959475999917],[-70.51946171199995,-23.03667584199991],[-70.52403006799995,-23.04524091499991],[-70.52838995999991,-23.047149559999923],[-70.53520891599993,-23.047236269999928],[-70.53993609899993,-23.049462700999925],[-70.54428293899991,-23.04957083799991],[-70.54962880699992,-23.053719230999945],[-70.54990985799992,-23.05668008899994],[-70.55168788299994,-23.056943541999942],[-70.5506099559999,-23.059648959999947],[-70.5553789949999,-23.062211649999938],[-70.55736806599992,-23.062048691999905],[-70.55826524399993,-23.064079204999928],[-70.55578377199993,-23.065748860999918],[-70.55890717599993,-23.067209102999925],[-70.5574870829999,-23.069022377999943],[-70.5591746149999,-23.07091969499993],[-70.55852990299991,-23.07397104799992],[-70.56226933199991,-23.07390701299994],[-70.56678093599993,-23.081247186999917],[-70.57140816899994,-23.08206141499994],[-70.57405171899995,-23.084185592999916],[-70.57943010499991,-23.083679454999924],[-70.57958990799995,-23.087669538999933],[-70.57492319799991,-23.087051410999948],[-70.57537014999991,-23.091936956999916],[-70.57335482399992,-23.09453765899991],[-70.57410140499991,-23.096100081999907],[-70.57797788799991,-23.09694308199994],[-70.57926547999995,-23.099704345999953],[-70.57859906599992,-23.10102998499991],[-70.58027224299991,-23.10097739899993],[-70.58225959299995,-23.10517165899995],[-70.57898523099993,-23.107328416999906],[-70.5782681039999,-23.109622284999944],[-70.57959856799994,-23.11272360299995],[-70.57662860799991,-23.115619684999956],[-70.57210149999992,-23.116184570999906],[-70.57199694399992,-23.11987540599995],[-70.56811897499995,-23.122531961999925],[-70.56432005399995,-23.12967111499995],[-70.56590985699995,-23.14006391199996],[-70.57197021099995,-23.148070159999918],[-70.57390094499993,-23.156300397999928],[-70.5682227559999,-23.16187661799995],[-70.5650801349999,-23.167792170999917],[-70.56133175999992,-23.182685379999953],[-70.5621136979999,-23.183806627999957],[-70.56094772999995,-23.185227960999953],[-70.56168887099994,-23.18784300899995],[-70.56077949199994,-23.18966202599995],[-70.56526756499994,-23.19551932899992],[-70.56538676399992,-23.199096307999923],[-70.56801119099993,-23.20137596199993],[-70.56756274499992,-23.205036246999953],[-70.56999701899991,-23.20872751299993],[-70.57596822799991,-23.21090188599993],[-70.57798638299994,-23.208043396999926],[-70.57973422499992,-23.208016888999907],[-70.5831915839999,-23.212920055999916],[-70.58515567499995,-23.21365150999992],[-70.58546438899992,-23.215458370999954],[-70.59229376699994,-23.21620821999994],[-70.59338410099991,-23.220232426999928],[-70.5980859739999,-23.222596342999907],[-70.59540036299995,-23.225214172999927],[-70.59998627999994,-23.23929617099992],[-70.59940537999995,-23.240746303999913],[-70.60149595099995,-23.243782221999936],[-70.60012289499991,-23.24573042199995],[-70.60414031099992,-23.25084452899995],[-70.60321983499995,-23.253480022999952],[-70.60442037799993,-23.256744625999943],[-70.60230729299991,-23.257798416999947],[-70.60203637199993,-23.25936383599992],[-70.59634807799995,-23.260750275999953],[-70.5982821259999,-23.265525054999955],[-70.59800831899992,-23.269856037999944],[-70.60064993299994,-23.272791870999924],[-70.60476386099992,-23.27333293399994],[-70.6019833929999,-23.275263285999927],[-70.60169999399994,-23.277377776999913],[-70.60324371199994,-23.279431815999942],[-70.60260004699995,-23.285681325999917],[-70.60393239299992,-23.289468598999918],[-70.6026999799999,-23.293031269999915],[-70.60096070299994,-23.293934858999933],[-70.60167073299993,-23.296254715999908],[-70.60335823399993,-23.296333044999926],[-70.60122384399995,-23.29868369299993],[-70.60153986999995,-23.30304106099993],[-70.59841685399994,-23.30406930199996],[-70.59892807499995,-23.30697541199993],[-70.59637250999992,-23.307695692999914],[-70.59531714999991,-23.31165219199994],[-70.59357198799995,-23.311536909999916],[-70.59391001599994,-23.314180407999913],[-70.59102006199993,-23.31505865899993],[-70.5858300189999,-23.31984786499993],[-70.58509989799995,-23.323729418999903],[-70.58260713199991,-23.326264555999956],[-70.5843450779999,-23.32925520899994],[-70.58738974699992,-23.331154993999917],[-70.58626109399995,-23.332853324999917],[-70.58741985299991,-23.333252554999945],[-70.5870331189999,-23.334675759999925],[-70.59270014799995,-23.33644370199994],[-70.59575988899991,-23.342088866999916],[-70.59526017799993,-23.34967381599995],[-70.59913051599995,-23.35390887899996],[-70.5984024949999,-23.35632358999993],[-70.60127781599994,-23.35655105099994],[-70.6037281749999,-23.358992961999945],[-70.60669005299991,-23.359582221999915],[-70.54779999899995,-23.360849999999914],[-70.39834007899992,-23.29843212199995],[-70.18525000099993,-23.344440000999953],[-70.18827230099993,-23.343270085999904],[-70.18816312899992,-23.340801701999908],[-70.18539891299991,-23.338828692999925],[-70.18409692699993,-23.33511302599993],[-70.18482804099995,-23.332789481999953],[-70.18666083699992,-23.332168534999937],[-70.18665082099994,-23.328182455999922],[-70.18381649899993,-23.327331156999946],[-70.18265472599995,-23.324707154999942],[-70.18004074099991,-23.323815795999906],[-70.17986046599992,-23.31841756299991],[-70.18091206999992,-23.31651466099993],[-70.17723646399992,-23.311977740999907],[-70.17307010999991,-23.311747389999937],[-70.16979511399995,-23.30978439599994],[-70.16059107599995,-23.285176865999915],[-70.1513699429999,-23.276072161999934],[-70.1441860569999,-23.265506866999942],[-70.1373899589999,-23.254179240999918],[-70.13422527499995,-23.24010472899994],[-70.1287049259999,-23.23492940099993],[-70.1326310359999,-23.231253133999928],[-70.13136992199992,-23.23027755499993],[-70.13158407399993,-23.228266909999945],[-70.13509705299992,-23.226038031999906],[-70.13016643199995,-23.219526237999958],[-70.12910995099992,-23.215300314999922],[-70.13072084599992,-23.208623547999935],[-70.13290994899995,-23.206719978999956],[-70.13212948699993,-23.203426804999935],[-70.11963848499994,-23.205087990999914],[-70.11763100999991,-23.202188304999936],[-70.1176979249999,-23.198931734999917],[-70.11024796499993,-23.19384613199992],[-70.10311027699993,-23.182760410999947],[-70.10012136899991,-23.182849631999943],[-70.09615103099992,-23.186552307999932],[-70.0954372619999,-23.18913971899991],[-70.09302829299992,-23.189474298999926],[-70.08265633999991,-23.176403407999942],[-70.07910980199995,-23.174998175999917],[-70.07391267299994,-23.16576379199995],[-70.07087915499994,-23.153696638999918],[-70.06445523699995,-23.151020005999953],[-70.05931572499992,-23.14345592999996],[-70.05845511799993,-23.130432237999912],[-70.05702757999995,-23.12561429799996],[-70.05142895699993,-23.11903424299993],[-70.05128999899995,-23.114819999999952],[-70.04728017499991,-23.10814926899991],[-70.04266298399995,-23.104357371999924],[-70.04083395099991,-23.09793345299994],[-70.03840267599992,-23.09434230399995],[-70.03235794699992,-23.09048349199992],[-70.03282635799991,-23.08252050899995],[-70.03530224199994,-23.073910672999943],[-70.0315801289999,-23.066860767999913],[-70.0288783229999,-23.063761772999953],[-70.02229826799993,-23.06385099399995],[-70.01435759099991,-23.06048289799992],[-70.01375988399991,-23.057921122999915],[-70.01025341999991,-23.054795052999907],[-70.01000430999994,-23.049901806999912],[-70.00657948699995,-23.048035871999957],[-70.00557012399992,-23.045928706999916],[-70.00601790999991,-23.04112964099994],[-70.0092921609999,-23.03647542199991],[-70.00480125899992,-23.03100749899994],[-70.00326475999992,-23.022283961999904],[-70.0009338559999,-23.018513381999924],[-69.99898000999991,-23.006447524999942],[-69.99092467899993,-23.004527956999937],[-69.98780419399992,-22.99797248899995],[-69.9877328099999,-22.993318263999925],[-69.99224426799992,-22.982410813999934],[-69.9862051959999,-22.973744816999954],[-69.98357827099994,-22.959924907999948],[-69.97920005799995,-22.952941762999956],[-69.97912391999995,-22.945148454999924],[-69.9766683169999,-22.937496107999948],[-69.97726794099992,-22.925275196999905],[-69.97050075399994,-22.921449022999923],[-69.9672123389999,-22.912062525999943],[-69.96907783599994,-22.901640485999906],[-69.96686017799993,-22.89750022399994],[-69.96644631399994,-22.884231426999918],[-69.97068295499992,-22.87696094899991],[-69.9700199589999,-22.871591507999938],[-69.96605294999995,-22.868747769999914],[-69.96501093299992,-22.865520387999936],[-69.96345258999992,-22.84992130799992],[-69.95267671099992,-22.83912428499991],[-69.94924827799991,-22.831986294999922],[-69.9493154669999,-22.826218471999937],[-69.95213420599993,-22.818970917999934],[-69.95362766999995,-22.81781934199995],[-69.95472987599993,-22.807280523999907],[-69.95161163799992,-22.80164915699993],[-69.9516413899999,-22.798216516999958],[-69.94846588299993,-22.796446939999953],[-69.94615655799993,-22.784257320999927],[-69.93367000199993,-22.771800001999907],[-69.93277535699991,-22.755900659999952],[-69.93098187699991,-22.75223474099994],[-69.93500408499995,-22.744704918999957],[-69.9349898609999,-22.742613888999927],[-69.93249492299992,-22.738256546999935],[-69.9303582249999,-22.727406927999937],[-69.92577266899991,-22.714954556999942],[-69.9248907779999,-22.695322026999918],[-69.91660575799995,-22.67409249499991],[-69.91178926799995,-22.67076422699995],[-69.90670321199991,-22.663038247999907],[-69.90609516399991,-22.660160151999946],[-69.90356772399991,-22.65863429199993],[-69.89929773999995,-22.65274166599994],[-69.90052716699995,-22.64823630199993],[-69.89979382299992,-22.64257217499994],[-69.89848733899993,-22.639295982999954],[-69.89371009999991,-22.635149398999943],[-69.89903012699995,-22.625079395999933],[-69.90019242799991,-22.617439919999924],[-69.90287922899995,-22.610663557999942],[-69.90239643399991,-22.594113111999945],[-69.90850007899991,-22.57550210599993],[-69.90857000299991,-22.564002538999944],[-69.9095427499999,-22.56133678099991],[-69.91489016199995,-22.55641048399991],[-69.91745643099995,-22.55199221299995],[-69.91738194899995,-22.548862656999916],[-69.92204999899991,-22.540779999999927],[-69.91592349099994,-22.538681583999903],[-69.9197409169999,-22.529238235999912],[-69.9182054659999,-22.519577004999917],[-69.92055999999991,-22.50915999999995],[-69.91944067399993,-22.504109683999957],[-69.91994483499991,-22.495403332999956],[-69.91726999999992,-22.48614148699994],[-69.91725794999991,-22.476796700999955],[-69.9203371289999,-22.472122535999915],[-69.93405022899992,-22.470855831999927],[-69.94815802799991,-22.46135191399992],[-69.95574204999991,-22.45963151299992],[-69.9624939489999,-22.454248265999922],[-69.9660240689999,-22.446440594999956],[-69.96372463699993,-22.443410163999943],[-69.96657812899991,-22.433926348999933],[-69.96458180299993,-22.425696135999942]]]}},{"type":"Feature","properties":{"cut":2103,"comuna":"SIERRA GORDA"},"geometry":{"type":"Polygon","coordinates":[[[-69.15100999099991,-22.663762195999936],[-69.1745201409999,-22.623140317999912],[-69.18202757499995,-22.621557759999916],[-69.1870010209999,-22.617696916999932],[-69.1903792029999,-22.61293210699995],[-69.19215728699993,-22.603205042999946],[-69.19149032799993,-22.58878778499991],[-69.19292989599995,-22.586197856999945],[-69.1903339449999,-22.58001274299994],[-69.19172995199995,-22.576542054999948],[-69.5334898829999,-22.880708709999908],[-69.83155999999991,-22.870609999999942],[-69.9700199589999,-22.871591507999938],[-69.97068295499992,-22.87696094899991],[-69.96644631399994,-22.884231426999918],[-69.96686017799993,-22.89750022399994],[-69.96907783599994,-22.901640485999906],[-69.9672123389999,-22.912062525999943],[-69.96851005499991,-22.917739539999957],[-69.97184276999991,-22.922733931999915],[-69.97726794099992,-22.925275196999905],[-69.9766683169999,-22.937496107999948],[-69.97912391999995,-22.945148454999924],[-69.97920005799995,-22.952941762999956],[-69.98357827099994,-22.959924907999948],[-69.9862051959999,-22.973744816999954],[-69.99224426799992,-22.982410813999934],[-69.9877328099999,-22.993318263999925],[-69.98780419399992,-22.99797248899995],[-69.99092467899993,-23.004527956999937],[-69.9942839229999,-23.006070466999915],[-69.99778027999992,-23.005796242999907],[-69.99949417999994,-23.007475864999947],[-70.0009338559999,-23.018513381999924],[-70.00326475999992,-23.022283961999904],[-70.00480125899992,-23.03100749899994],[-70.0092921609999,-23.03647542199991],[-70.00601790999991,-23.04112964099994],[-70.00557012399992,-23.045928706999916],[-70.00657948699995,-23.048035871999957],[-70.01000430999994,-23.049901806999912],[-70.01067722099992,-23.055731873999946],[-70.01375988399991,-23.057921122999915],[-69.96970002499995,-23.32932055799995],[-70.0476302049999,-23.623329991999924],[-69.60049977299991,-23.626010185999917],[-69.43079183499992,-23.603090970999915],[-69.35106001499992,-23.662549863999914],[-69.14168978599992,-23.665310546999933],[-69.0796818259999,-23.68928053199994],[-68.87397979499991,-23.875070274999928],[-68.69854999899991,-23.923129999999958],[-68.69608000099993,-23.905889999999943],[-68.69065999999992,-23.894249999999943],[-68.6868699979999,-23.880759999999952],[-68.6874807179999,-23.874049468999942],[-68.68397999899992,-23.86074999999994],[-68.68867999899993,-23.855149998999934],[-68.6928202279999,-23.84670946199992],[-68.69292016599991,-23.839142775999903],[-68.68979355399995,-23.827864130999956],[-68.69061037499995,-23.821068113999956],[-68.6885099989999,-23.80860999899994],[-68.69012999899991,-23.80502999899994],[-68.6895299979999,-23.79421999899995],[-68.68761999799995,-23.79135999899995],[-68.6862198039999,-23.78608223799995],[-68.68699530799995,-23.782706719999908],[-68.6856499989999,-23.77735999999993],[-68.68385999799995,-23.77520999999996],[-68.68123999799991,-23.763400000999923],[-68.6801799989999,-23.760179998999945],[-68.67859999899991,-23.759469999999908],[-68.67461735299992,-23.747971347999908],[-68.67732999999993,-23.741589998999928],[-68.67921999799995,-23.740479999999934],[-68.6791202579999,-23.737531685999954],[-68.67687029899992,-23.73499787299994],[-68.67728807399993,-23.732320666999954],[-68.66987028799991,-23.71534066499993],[-68.66895999899992,-23.708429999999908],[-68.6651052329999,-23.69955548899992],[-68.6694834409999,-23.687824745999933],[-68.67703972099991,-23.68411797999994],[-68.67793052899992,-23.681638146999944],[-68.67346000099991,-23.657329998999955],[-68.67446999799995,-23.655089998999927],[-68.67981030199991,-23.65094309999995],[-68.68052414099992,-23.64380471699991],[-68.68631999999991,-23.64080999999993],[-68.6869202389999,-23.63455835299993],[-68.68563998099995,-23.629980048999926],[-68.68777999999992,-23.62295999899993],[-68.68871999799995,-23.612209999999948],[-68.68592999999993,-23.605819999999937],[-68.68547341899995,-23.598571163999907],[-68.69077961799991,-23.591742110999917],[-68.69416999999993,-23.582859999999926],[-68.70793553199991,-23.56997004199991],[-68.70867316399995,-23.56723366199992],[-68.70703133699993,-23.557382693999955],[-68.70482999899991,-23.55445999999995],[-68.70533999899993,-23.538769998999953],[-68.70262933299995,-23.53453986799991],[-68.6943250139999,-23.53246973699993],[-68.69394430099993,-23.529899918999945],[-68.69732313599991,-23.518502300999955],[-68.7017251389999,-23.512149139999906],[-68.7025103599999,-23.507889904999956],[-68.7015602699999,-23.505302069999914],[-68.69803006399991,-23.503362250999942],[-68.6977990279999,-23.500929980999956],[-68.6982749199999,-23.49185828599991],[-68.70291486899993,-23.46865854099991],[-68.70236999999992,-23.46419999999995],[-68.69887999999992,-23.456139999999948],[-68.69914999999992,-23.45375999999993],[-68.70650999999992,-23.44723999999991],[-68.70723999899991,-23.444059999999922],[-68.70504999999991,-23.440339999999935],[-68.7045399989999,-23.42790999999994],[-68.70456999999993,-23.41751999999991],[-68.70701943899991,-23.401855173999934],[-68.70993427899992,-23.397720859999936],[-68.7137702409999,-23.39665074599992],[-68.7178757289999,-23.38716200199991],[-68.7162993359999,-23.383087174999957],[-68.7094002899999,-23.379091715999948],[-68.70249846299993,-23.36848323299995],[-68.70152999899994,-23.365599999999915],[-68.70229026099992,-23.357329509999943],[-68.70029746199992,-23.347603462999928],[-68.68914373899992,-23.33070928999996],[-68.68750785799995,-23.32065606699996],[-68.69051192899991,-23.31577817199991],[-68.69098782099991,-23.312327952999908],[-68.68744837199995,-23.284934407999913],[-68.6824998749999,-23.282630513999948],[-68.68230278699991,-23.275297590999912],[-68.6764199989999,-23.266739999999913],[-68.67598896299995,-23.263268551999943],[-68.67029071899992,-23.255610909999916],[-68.6477176699999,-23.23283792299992],[-68.64757771299992,-23.227119683999945],[-68.65027688099991,-23.222561087999907],[-68.64733778699991,-23.213863765999918],[-68.6458382479999,-23.210704738999937],[-68.63338208399995,-23.200847774999943],[-68.62886347699992,-23.194889609999905],[-68.6270240419999,-23.189451284999905],[-68.62108587199992,-23.184172909999916],[-68.61920645099991,-23.175575557999935],[-68.6198862409999,-23.172796413999947],[-68.63276227499995,-23.156761351999933],[-68.63990007799993,-23.14616461499992],[-68.64421874699991,-23.13680749699995],[-68.6466180079999,-23.136047730999906],[-68.64935716499991,-23.132368863999943],[-68.65661492899994,-23.126810574999922],[-68.6588142519999,-23.120132631999923],[-68.65673999899991,-23.112789999999904],[-68.66256495099992,-23.106123392999905],[-68.67129999999992,-23.10480999999993],[-68.67712826099995,-23.10061025999994],[-68.68555155399991,-23.10056267099992],[-68.7042636349999,-23.10696817999991],[-68.70853714599991,-23.110680138999953],[-68.71381003199991,-23.110289907999913],[-68.72682992999995,-23.112588124999945],[-68.7312609999999,-23.11182465999991],[-68.73425450899992,-23.11721227599992],[-68.74038020499995,-23.119842116999905],[-68.74080972999991,-23.125348583999937],[-68.75019236499992,-23.12547872899995],[-68.75572461099995,-23.12717409499993],[-68.75953681699991,-23.131285987999945],[-68.76087369099992,-23.138528160999954],[-68.7698772729999,-23.14123955699995],[-68.77920989199993,-23.138690685999904],[-68.80745623599995,-23.124420374999943],[-68.82413406499995,-23.121385723999936],[-68.83757323299994,-23.10725802199994],[-68.84518334899991,-23.104727054999955],[-68.8463526139999,-23.10011753899994],[-68.84458608199992,-23.09652198799995],[-68.84338752199994,-23.08718852399994],[-68.8385167799999,-23.086933511999916],[-68.83375083699991,-23.08289997499992],[-68.83428356999991,-23.07777855699993],[-68.83322399899993,-23.074128439999924],[-68.83033087399991,-23.07188776399994],[-68.83022886799995,-23.068521595999925],[-68.8268395899999,-23.062404944999912],[-68.82459308799992,-23.049319141999945],[-68.83216989199991,-23.043639372999905],[-68.83283858099992,-23.038591520999944],[-68.82838085199995,-23.030839528999934],[-68.82484593999993,-23.028202423999915],[-68.82332450799993,-23.020097781999937],[-68.8143407359999,-23.007176216999937],[-68.80320081499991,-23.001764109999954],[-68.8017799989999,-22.999169999999935],[-68.80401263099992,-22.99711871799991],[-68.80874822499993,-22.978807754999934],[-68.81258180099991,-22.97123080399996],[-68.81538882799993,-22.96707157399993],[-68.8245997109999,-22.959542642999907],[-68.82515258599994,-22.95578309499996],[-68.8292438599999,-22.951949829999933],[-68.83071819199995,-22.950880937999955],[-68.83694724799994,-22.95065978799994],[-68.84321316299992,-22.94667908999992],[-68.8646479219999,-22.927480687999946],[-68.8668108999999,-22.923534203999907],[-68.86908771599991,-22.912909054999943],[-68.8673801029999,-22.909038465999913],[-68.86840467099995,-22.905243769999913],[-68.9864600439999,-22.74506004199992],[-69.15100999099991,-22.663762195999936]]]}},{"type":"Feature","properties":{"cut":2104,"comuna":"TALTAL"},"geometry":{"type":"MultiPolygon","coordinates":[[[[-70.70227999999992,-25.89348999999993],[-70.70117999999991,-25.89203999999995],[-70.70299999999992,-25.89166999999992],[-70.70227999999992,-25.89348999999993]]],[[[-70.7389399999999,-25.827109999999948],[-70.73989999999992,-25.826589999999953],[-70.74067999999994,-25.827849999999955],[-70.7389399999999,-25.827109999999948]]],[[[-70.45451999999995,-25.312149999999917],[-70.4546499999999,-25.310749999999928],[-70.45543999999995,-25.31131999999991],[-70.45451999999995,-25.312149999999917]]],[[[-70.56994929899992,-24.555867146999958],[-70.56728275499995,-24.567670265999936],[-70.56142308599993,-24.570774280999956],[-70.55141376799992,-24.58611851799992],[-70.54982811899993,-24.58957733999995],[-70.5498595059999,-24.59575986099992],[-70.55784435499993,-24.610586895999916],[-70.56119092199992,-24.620110946999944],[-70.55695300399992,-24.629277105999904],[-70.55911887099995,-24.64414658299995],[-70.5624736449999,-24.64608698199993],[-70.56651853999995,-24.646225647999927],[-70.56940621199993,-24.648392979999926],[-70.57101338099994,-24.65201780399991],[-70.5730500329999,-24.653091514999915],[-70.57377854299995,-24.65721506999995],[-70.5723394119999,-24.66212128399991],[-70.57068723599991,-24.663086076999946],[-70.56859489099992,-24.671693381999944],[-70.56928808999993,-24.682157424999957],[-70.56577391799993,-24.68520155099992],[-70.56669892899993,-24.68794560999993],[-70.56473466099993,-24.690954158999944],[-70.56639731799993,-24.697617817999912],[-70.5656642479999,-24.705036984999936],[-70.57146135799991,-24.71272414099991],[-70.5736147149999,-24.713550985999916],[-70.57597272699991,-24.718601021999916],[-70.57995975499995,-24.72158165299993],[-70.57713203599991,-24.726930486999947],[-70.57766932499993,-24.732606242999907],[-70.57381017999995,-24.739813804999926],[-70.57179957499994,-24.741280643999914],[-70.56625732999993,-24.741450374999943],[-70.56027594299991,-24.744421018999958],[-70.55669649399994,-24.763973947999943],[-70.54848332799992,-24.770485463999933],[-70.5473036809999,-24.777390634999904],[-70.54507061699991,-24.779630675999954],[-70.54558047899991,-24.785301636999918],[-70.54854049599993,-24.787589776999937],[-70.55004909899992,-24.792743067999936],[-70.5467703139999,-24.797639209999943],[-70.54870999899993,-24.80457999999993],[-70.5466899999999,-24.81245999899994],[-70.54743999899995,-24.81481999899995],[-70.54297930899992,-24.82640141999991],[-70.54393093399995,-24.829258358999937],[-70.54222342399993,-24.833002781999937],[-70.5440682279999,-24.838215574999936],[-70.54380894199994,-24.84263784399991],[-70.5374812629999,-24.845402625999952],[-70.5369899719999,-24.850137840999935],[-70.53200895499992,-24.851741838999942],[-70.52941039799992,-24.855471376999958],[-70.52581925499993,-24.857275947999938],[-70.52274738299991,-24.860866873999953],[-70.52097345099992,-24.86568679599992],[-70.52109846199994,-24.873760257999947],[-70.52264728199992,-24.876205109999944],[-70.5229671159999,-24.880932009999924],[-70.52581202899995,-24.89091682499992],[-70.52990915099991,-24.89821375999992],[-70.52782596899993,-24.900055498999905],[-70.52880145299991,-24.90269725099995],[-70.52780210199995,-24.905774914999938],[-70.52944209099991,-24.911205605999953],[-70.52775198599994,-24.916478636999955],[-70.52576426999991,-24.916737886999954],[-70.5257162609999,-24.919222894999905],[-70.52372343899992,-24.92120222199992],[-70.5197214179999,-24.922772008999914],[-70.51850547099991,-24.930011003999937],[-70.51722477699991,-24.929832930999908],[-70.51762937799992,-24.93206487699996],[-70.5135799329999,-24.936864870999955],[-70.50355253399994,-24.941362089999927],[-70.50415764199994,-24.94458586399992],[-70.50109204099994,-24.947617326999932],[-70.50034686399994,-24.950128471999903],[-70.49781784399994,-24.950746388999903],[-70.4955399989999,-24.949479998999948],[-70.48899999999992,-24.952179998999952],[-70.48914999999994,-24.954159998999955],[-70.48672999899992,-24.955649998999945],[-70.4814899989999,-24.96299999899992],[-70.48244999999991,-24.96565999899991],[-70.4811099989999,-24.968959998999935],[-70.4747999999999,-24.972059998999953],[-70.46883999999994,-24.982150000999923],[-70.46920000099993,-24.989199999999926],[-70.46701028599995,-24.995346001999906],[-70.46672000099994,-25.005499999999927],[-70.4683800009999,-25.00887999999992],[-70.47010000099993,-25.00855999999993],[-70.46833000099991,-25.010529999999903],[-70.47030000099994,-25.013909999999953],[-70.46997000099992,-25.020309999999938],[-70.47377000099993,-25.026109999999903],[-70.47916000099991,-25.04111999999992],[-70.48030000099993,-25.042269999999917],[-70.48262000099993,-25.042059999999935],[-70.4835100009999,-25.043939999999907],[-70.48232999999993,-25.044859999999915],[-70.48306999999994,-25.04618999999991],[-70.4813499999999,-25.051369999999906],[-70.48672359599993,-25.060525088999952],[-70.48692841399992,-25.06880071899991],[-70.49062861499993,-25.07816805099992],[-70.49311479999994,-25.079262867999944],[-70.49380542799992,-25.081702182999948],[-70.4959537069999,-25.081479868999907],[-70.50099334899994,-25.087764403999927],[-70.5056257519999,-25.089026589999946],[-70.50824485099992,-25.096814173999917],[-70.50318549799994,-25.10357362299993],[-70.5023504639999,-25.109095707999927],[-70.50404227399991,-25.11270014999991],[-70.50329585499992,-25.11431307199996],[-70.49966852599994,-25.11550604899992],[-70.49909229399992,-25.112148280999918],[-70.49653145899993,-25.11128547599992],[-70.48422658599992,-25.11612014499991],[-70.46455999999995,-25.135439999999903],[-70.46208781299993,-25.140046561999952],[-70.46306244599992,-25.143010210999932],[-70.46193676399992,-25.148095421999926],[-70.45759435699995,-25.150192709999942],[-70.4561723029999,-25.155099240999903],[-70.45730936799993,-25.15890079199994],[-70.46014420799992,-25.161548462999917],[-70.4585141309999,-25.161325638999926],[-70.45762667799994,-25.16351308599991],[-70.4557177179999,-25.162796079999907],[-70.45301869999992,-25.165402645999905],[-70.44099459499995,-25.182223656999952],[-70.44024865799992,-25.187553471999934],[-70.43767766199994,-25.18950874299992],[-70.43517820399995,-25.19936588099995],[-70.43736999999993,-25.20109999999994],[-70.44034999999991,-25.200749999999914],[-70.4412099999999,-25.202359999999942],[-70.44119999999992,-25.20547999999991],[-70.43910516999995,-25.206734083999947],[-70.44037898099992,-25.210548743999937],[-70.43909853299994,-25.210188541999912],[-70.43776222899993,-25.211778238999955],[-70.4410363259999,-25.21686343999994],[-70.4403455929999,-25.218418197999938],[-70.44152889899993,-25.21854999699991],[-70.44051999999994,-25.224089999999933],[-70.4412999999999,-25.225159999999903],[-70.4386199999999,-25.225569999999948],[-70.43803946799994,-25.23916748599993],[-70.43382532299995,-25.247127735999925],[-70.43467016499994,-25.25643631999992],[-70.43859999999995,-25.261849999999924],[-70.44235999999995,-25.261669999999924],[-70.44358999999992,-25.263639999999953],[-70.44199999999995,-25.26502999999991],[-70.44357999999994,-25.26703999999995],[-70.4412099999999,-25.26851999999991],[-70.44247999999993,-25.27088999999995],[-70.44126999999992,-25.272619999999904],[-70.4450799999999,-25.27464999999995],[-70.4450799999999,-25.277369999999905],[-70.44913999999994,-25.27911999999992],[-70.44831999999991,-25.282229999999913],[-70.45282999999995,-25.28284999999994],[-70.44915999999995,-25.29078999999996],[-70.45134999999993,-25.293939999999907],[-70.45299999999992,-25.294209999999907],[-70.45182999999992,-25.294899999999927],[-70.45657999999992,-25.29669999999993],[-70.45433999999995,-25.298769999999934],[-70.4538399999999,-25.301579999999944],[-70.45484999999991,-25.302479999999946],[-70.45312999999993,-25.304929999999956],[-70.45435999999995,-25.306319999999914],[-70.45193999999992,-25.308059999999955],[-70.45300999999995,-25.317129999999906],[-70.45117358999994,-25.318531140999937],[-70.45014981199995,-25.321945385999925],[-70.45232351699991,-25.326797306999936],[-70.45147043999992,-25.329099043999918],[-70.44859279899993,-25.330250143999933],[-70.4475170799999,-25.33262571599994],[-70.44880057799992,-25.336662259999912],[-70.44639999999993,-25.337249999999926],[-70.44544999999994,-25.341219999999907],[-70.44626422999994,-25.353266042999905],[-70.44730250999993,-25.35435472499995],[-70.44608636399994,-25.355441671999927],[-70.44729782599995,-25.361913020999907],[-70.44621985299995,-25.36517984099993],[-70.4492899999999,-25.37309999999991],[-70.45154999999994,-25.373959999999954],[-70.45103999999992,-25.377329999999915],[-70.45411999999993,-25.381539999999916],[-70.46145999999993,-25.386879999999906],[-70.46469999999994,-25.385409999999922],[-70.46663999999993,-25.387089999999944],[-70.47184262099995,-25.387510607999957],[-70.47331196099992,-25.390128673999925],[-70.47712890999992,-25.389023192999957],[-70.47787512699995,-25.390808455999945],[-70.47558103999995,-25.39459186399995],[-70.47793782699995,-25.39898103099995],[-70.47921959199994,-25.400439740999957],[-70.48104143699993,-25.400016973999925],[-70.47998635899995,-25.40080897699994],[-70.48886461399991,-25.407456322999906],[-70.49121769699991,-25.40877925399991],[-70.49180986199991,-25.40803659599993],[-70.49221956999992,-25.40943589199992],[-70.49872240199994,-25.40918650699996],[-70.50151401799991,-25.405769255999928],[-70.50763151399991,-25.403931737999926],[-70.50834535199994,-25.402389847999927],[-70.50715999999994,-25.400219999999933],[-70.51121999999992,-25.398889999999938],[-70.51350999999994,-25.395859999999914],[-70.51652999999993,-25.395839999999907],[-70.51566999999994,-25.398859999999956],[-70.51659999999993,-25.400099999999952],[-70.51337999999993,-25.403789999999958],[-70.51286999999991,-25.406769999999938],[-70.51776999999993,-25.40865999999994],[-70.5185699999999,-25.410449999999912],[-70.52062999999993,-25.40954999999991],[-70.51963999999992,-25.413629999999955],[-70.52152999999993,-25.416669999999954],[-70.5245099999999,-25.417189999999948],[-70.52237999999994,-25.420759999999916],[-70.52488999999991,-25.423329999999908],[-70.52580999999992,-25.425829999999905],[-70.52482999999995,-25.427149999999926],[-70.52726999999993,-25.430939999999907],[-70.52589999999992,-25.43414999999993],[-70.5224199999999,-25.432819999999936],[-70.52190999999993,-25.438279999999907],[-70.51794999999993,-25.44008999999994],[-70.51730999999995,-25.442749999999933],[-70.52101999999991,-25.44593999999995],[-70.52091999999993,-25.455769999999916],[-70.5227799999999,-25.457879999999932],[-70.52229999999992,-25.46100999999993],[-70.52443999999991,-25.46317999999991],[-70.52371999999991,-25.47114999999991],[-70.52997999999991,-25.480649999999912],[-70.5345999999999,-25.481439999999907],[-70.53928999999994,-25.485589999999945],[-70.54712999999992,-25.484539999999924],[-70.55697999999995,-25.487889999999936],[-70.55930999999993,-25.49075999999991],[-70.56104089599995,-25.491020010999932],[-70.56003200399994,-25.492742740999915],[-70.5640294989999,-25.497730090999937],[-70.57020999999992,-25.498449999999934],[-70.57362999999992,-25.500349999999912],[-70.57514999999995,-25.502509999999916],[-70.57459430599994,-25.50634373999992],[-70.57546994699993,-25.507152756999915],[-70.5799814049999,-25.505325330999938],[-70.58250363399992,-25.506762524999942],[-70.58674859199994,-25.505410990999906],[-70.5918120849999,-25.50810454099991],[-70.59823662999992,-25.508485254999925],[-70.60448985399995,-25.507857076999926],[-70.60844166399994,-25.505394396999918],[-70.6131891629999,-25.506448435999914],[-70.61767206799993,-25.504249813999934],[-70.62205999999992,-25.50741999999991],[-70.62407999999994,-25.506569999999954],[-70.62975999999992,-25.507969999999943],[-70.62970999999993,-25.511899999999912],[-70.63369999999992,-25.514619999999923],[-70.6334599999999,-25.515639999999905],[-70.63162999999992,-25.515529999999956],[-70.6313199999999,-25.517319999999927],[-70.62929999999994,-25.517459999999915],[-70.6331899999999,-25.52210999999994],[-70.63243424399991,-25.52904379799992],[-70.63834482499993,-25.53366946999995],[-70.64335121099992,-25.53349814899991],[-70.64570999999995,-25.531679999999938],[-70.6475999999999,-25.536929999999927],[-70.64913999999993,-25.53809999999993],[-70.6461945879999,-25.54043607199992],[-70.64450286999994,-25.538485498999933],[-70.64304663999991,-25.538828141999943],[-70.63682196999991,-25.55018292999995],[-70.6371075049999,-25.557188062999955],[-70.64194256999991,-25.563783928999953],[-70.64258026499994,-25.566705906999914],[-70.64041019699994,-25.568066958999907],[-70.64014999999995,-25.571149999999932],[-70.63867999999991,-25.572289999999953],[-70.64007707199994,-25.581201582999938],[-70.63887999999992,-25.584319999999934],[-70.64021999999994,-25.586359999999956],[-70.63930999999991,-25.592409999999916],[-70.64275999999995,-25.599159999999927],[-70.64283999999992,-25.602329999999938],[-70.6408899999999,-25.603129999999908],[-70.64284999999995,-25.60671999999994],[-70.64110999999991,-25.610179999999957],[-70.64317275099995,-25.612185734999912],[-70.64459999999991,-25.617279999999937],[-70.64297999999991,-25.618229999999926],[-70.64230999999995,-25.620939999999905],[-70.63580999999994,-25.62053999999995],[-70.63235999999995,-25.626709999999946],[-70.63340999999991,-25.630459999999914],[-70.63504999999992,-25.63074999999992],[-70.6365199999999,-25.633179999999925],[-70.63514999999995,-25.637239999999906],[-70.63590999999991,-25.64608999999996],[-70.63986716099993,-25.651169119999906],[-70.64553436599994,-25.653844147999905],[-70.64757951299993,-25.650509333999935],[-70.6528199999999,-25.647479999999916],[-70.65482999999995,-25.649409999999932],[-70.6547799999999,-25.654189999999915],[-70.65762999999993,-25.653709999999933],[-70.65978999999993,-25.657109999999932],[-70.66829999999993,-25.660449999999912],[-70.66919999999993,-25.662259999999947],[-70.67229999999995,-25.662639999999953],[-70.6745578419999,-25.66481941199993],[-70.67926917499994,-25.66403418999994],[-70.6793167639999,-25.66103606899992],[-70.68114999999995,-25.660809999999913],[-70.68250999999992,-25.662129999999934],[-70.67975999999993,-25.665829999999914],[-70.68200999999993,-25.67363999999992],[-70.68394999999992,-25.67551999999995],[-70.68345999999991,-25.678909999999917],[-70.68570317399991,-25.681851012999914],[-70.69176603999995,-25.68097537199992],[-70.68950079399991,-25.683212064999907],[-70.69161375499993,-25.68522984799995],[-70.69114738099995,-25.686952577999932],[-70.6898243999999,-25.686057899999923],[-70.68884406199993,-25.68736184499994],[-70.69143536799993,-25.689832933999924],[-70.69054775599994,-25.689865037999937],[-70.69043354199994,-25.694109995999952],[-70.69243228899995,-25.70080104099992],[-70.6916994149999,-25.704198910999935],[-70.69466898299993,-25.710975615999928],[-70.69248939699992,-25.713412183999935],[-70.69414550099992,-25.723501098999918],[-70.69146146899993,-25.72618513099991],[-70.68999572099995,-25.730867909999915],[-70.69116641599993,-25.73610272399992],[-70.68621713699991,-25.739433968999947],[-70.68438971099994,-25.74495431899993],[-70.68689290399993,-25.748513992999904],[-70.69003379299994,-25.749370598999917],[-70.69454525099991,-25.748133278999944],[-70.69828999999993,-25.75216999999992],[-70.69423116199994,-25.75685162399992],[-70.69442151899995,-25.760192386999904],[-70.69844999999992,-25.764389999999935],[-70.69889490599991,-25.766969091999954],[-70.7026699999999,-25.767669999999953],[-70.70274011499993,-25.772679798999945],[-70.70403454099994,-25.774773723999942],[-70.70926935599994,-25.776934274999917],[-70.71563999999995,-25.776599999999917],[-70.72108099999991,-25.780046609999943],[-70.72755313399995,-25.77788605899991],[-70.72846684699994,-25.779351806999955],[-70.7301039159999,-25.77926614699993],[-70.72532999999993,-25.784809999999936],[-70.72627353999991,-25.786986209999952],[-70.72962999999993,-25.78651999999994],[-70.72998999999993,-25.78795999999994],[-70.72833999999995,-25.78935999999993],[-70.72931999999992,-25.79018999999994],[-70.7288299999999,-25.792379999999923],[-70.72448999999995,-25.79532999999992],[-70.7222099999999,-25.804049999999904],[-70.72543065499991,-25.80535455699993],[-70.7289617749999,-25.81072579399995],[-70.73099859299992,-25.811001810999926],[-70.73378999999994,-25.818449999999928],[-70.73708999999991,-25.816269999999918],[-70.73576703299995,-25.819320406999907],[-70.73689013899991,-25.82491689899996],[-70.73608999999993,-25.82549999999992],[-70.73478999999992,-25.823899999999924],[-70.7319599999999,-25.826229999999953],[-70.7313299999999,-25.825549999999907],[-70.73093999999992,-25.829819999999927],[-70.72980999999993,-25.83048999999994],[-70.72544999999991,-25.83000999999996],[-70.72026999999991,-25.831999999999937],[-70.71787999999992,-25.837439999999958],[-70.71350999999993,-25.83722999999992],[-70.71136999999993,-25.838429999999903],[-70.70689941199993,-25.850215328999923],[-70.70411999999993,-25.853269999999952],[-70.70478999999995,-25.85639999999995],[-70.70150999999993,-25.85862999999995],[-70.70208999999994,-25.859859999999912],[-70.70078895699993,-25.860999045999904],[-70.70175977699995,-25.864425469999958],[-70.7005129389999,-25.86812791099993],[-70.70155999999992,-25.871919999999932],[-70.70333999999991,-25.87205999999992],[-70.70189302599994,-25.87677963099992],[-70.69853322699993,-25.877759968999953],[-70.69888538799995,-25.880539179999914],[-70.69733397899995,-25.880596286999946],[-70.6968961579999,-25.88401319299993],[-70.69551607099993,-25.885697850999918],[-70.6925084319999,-25.885840618999907],[-70.69102364899993,-25.888857774999906],[-70.6934697339999,-25.898451761999922],[-70.69215627199992,-25.901059650999912],[-70.6926987889999,-25.903876932999935],[-70.6884633489999,-25.904676431999917],[-70.68447537199995,-25.909939799999904],[-70.68092521599993,-25.909987388999923],[-70.68121075099992,-25.91408957999994],[-70.67573799099995,-25.91532689999991],[-70.67598545499993,-25.91851537699995],[-70.6699606599999,-25.921713372999932],[-70.66961801699995,-25.925187385999948],[-70.66756761399995,-25.92648274399994],[-70.66690543199991,-25.930089075999945],[-70.66190856399993,-25.92951800499992],[-70.66099485099994,-25.936742048999918],[-70.65648339299992,-25.940946555999915],[-70.65530555899994,-25.939654508999922],[-70.65439184599995,-25.940232717999947],[-70.65353523999994,-25.942117250999956],[-70.65439898499994,-25.94527241599991],[-70.65026586099992,-25.945929147999948],[-70.64631119699993,-25.949855257999957],[-70.64134288199995,-25.962311736999936],[-70.64217093499991,-25.964988629999937],[-70.64090744099991,-25.965616807999936],[-70.63835903799992,-25.976517118999936],[-70.63719548199992,-25.978116116999956],[-70.63593912599993,-25.977916241999935],[-70.63469704799991,-25.982270655999912],[-70.63186310999993,-25.982499083999926],[-70.63203443099991,-25.98683208199992],[-70.62949316599992,-25.98823834399991],[-70.62892209599994,-25.992585618999954],[-70.62745872699992,-25.99407040299991],[-70.6266235359999,-26.00733351799994],[-70.63107788699995,-26.015735394999922],[-70.63061389299992,-26.017048857999953],[-70.63275540699993,-26.019047604999912],[-70.63277682299992,-26.038563943999918],[-70.63545304299993,-26.05123666599991],[-70.64190118999994,-26.056120912999916],[-70.64932277799994,-26.056792266999935],[-70.64967354999993,-26.05813043799992],[-70.65274163099991,-26.059102027999927],[-70.65510256999994,-26.058240181999906],[-70.65570185699994,-26.060445057999914],[-70.65728784599992,-26.061004945999912],[-70.6191594089999,-26.061004945999912],[-70.61474958499991,-26.05823511299991],[-70.61448470399995,-26.056384342999934],[-70.61618017399991,-26.054412876999947],[-70.61453097599991,-26.04793147199996],[-70.60740157999993,-26.04511314599995],[-70.61084000299991,-26.04044000999994],[-70.61334642599991,-26.02981729599992],[-70.60897278699991,-26.013187522999942],[-70.60515921399991,-26.004130050999947],[-70.6020392879999,-26.00333411099996],[-70.60068936899995,-26.00547507899995],[-70.59723570099993,-26.006894511999917],[-70.59197937699992,-26.007187209999927],[-70.57592358199992,-26.00196002699994],[-70.56297835799995,-26.003991861999907],[-70.5547220169999,-26.007686105999937],[-70.52605616799991,-26.00961222999996],[-70.52448748199993,-26.008779156999935],[-70.52398835499991,-26.003844681999908],[-70.51229451199993,-25.99980722999993],[-70.51022669699995,-25.997820495999918],[-70.50876743599991,-25.99335055499995],[-70.50597406999992,-25.99214735599992],[-70.50405595899991,-25.98679117599994],[-70.48881000799992,-25.974710004999906],[-70.48320561199995,-25.967898686999945],[-70.47624757999995,-25.971432080999932],[-70.4609898569999,-25.96556068399991],[-70.4504584789999,-25.958556968999915],[-70.43575003599994,-25.952632158999904],[-70.43132515999991,-25.954359723999914],[-70.42328994499991,-25.954578874999925],[-70.42014366299992,-25.953363879999927],[-70.41704934899991,-25.94639733699995],[-70.40689954599992,-25.939400104999947],[-70.40451109599991,-25.93847080499995],[-70.39476014599995,-25.939919268999915],[-70.39278288699995,-25.938764619999915],[-70.39481670099991,-25.93317008799994],[-70.3949113779999,-25.93008150399993],[-70.39319043899991,-25.928793474999907],[-70.36238996599991,-25.931934824999928],[-70.34650021199991,-25.93089614799993],[-70.34184010999991,-25.93325968499994],[-70.33968804299991,-25.93190728399992],[-70.33539700299991,-25.92376263299991],[-70.33237128499991,-25.92307723899995],[-70.32576646399991,-25.930852625999933],[-70.32432581799992,-25.93110054199991],[-70.3208652639999,-25.926744302999907],[-70.3180217439999,-25.918820628999924],[-70.31443598099992,-25.914934831999915],[-70.31300004899992,-25.910889538999925],[-70.31507987999993,-25.904609423999943],[-70.3005810379999,-25.895838074999915],[-70.29521068899993,-25.896599394999953],[-70.28659557399993,-25.90058997099993],[-70.28084997299993,-25.906351412999925],[-70.27308652099993,-25.90690733799994],[-70.27202453399991,-25.911990725999942],[-70.26679340599992,-25.917489806999924],[-70.26522066599995,-25.92605361899996],[-70.2663287439999,-25.929100112999947],[-70.26393011899995,-25.93140077499993],[-70.26051675499991,-25.930338053999947],[-70.2526251669999,-25.93118295799991],[-70.25007127299995,-25.926162535999936],[-70.24028152299991,-25.92190840199993],[-70.24047001699995,-25.916069768999932],[-70.23044497599994,-25.920082691999937],[-70.22697612699994,-25.920382961999906],[-70.22476375999992,-25.919209890999923],[-70.22157705299992,-25.920487258999913],[-70.22107517499995,-25.92825163899994],[-70.2165139729999,-25.930709692999926],[-70.21364905799993,-25.934561882999958],[-70.20249564599993,-25.939191815999948],[-70.20004999899993,-25.941690001999916],[-70.1843554749999,-25.943548664999923],[-70.1657703699999,-25.93975387699993],[-70.15724999899993,-25.944340001999933],[-70.15213016999991,-25.949587025999904],[-70.1462344979999,-25.95328596199994],[-70.1415799959999,-25.953590000999952],[-70.1365690149999,-25.94939850199995],[-70.13433282299991,-25.949258030999943],[-70.13057736099995,-25.952086336999912],[-70.12863225399991,-25.95544217799994],[-70.12198287799993,-25.95231119099992],[-70.11682408899992,-25.95219306699994],[-70.11086733999991,-25.949521197999957],[-70.09641869199993,-25.95178921999991],[-70.09230563299991,-25.950204131999953],[-70.08769999999993,-25.95384999999993],[-70.08321475399993,-25.952525133999927],[-70.07702848699995,-25.952882777999946],[-70.0750730609999,-25.955308033999927],[-70.0761399129999,-25.965850401999944],[-70.02297004399992,-25.91988085299994],[-69.95820989999993,-25.901380246999906],[-69.90771351399991,-25.89460811999993],[-69.86784171699992,-25.923844851999945],[-69.85410166899993,-25.946836809999922],[-69.84912999999995,-25.942839999999933],[-69.84250999999995,-25.94211999999993],[-69.83656999999994,-25.93912999999992],[-69.82544999999993,-25.927509999999927],[-69.81831999999991,-25.92459999999994],[-69.80863999999991,-25.926579999999944],[-69.80330999999995,-25.92515999999995],[-69.79542999999995,-25.926219999999944],[-69.79010999999991,-25.923139999999933],[-69.77508999999992,-25.921919999999943],[-69.76147999999995,-25.917389999999955],[-69.75654999999995,-25.917359999999917],[-69.7431699999999,-25.92092999999994],[-69.73851999999994,-25.919679999999914],[-69.72931999999992,-25.91963999999996],[-69.71823999999992,-25.924249999999915],[-69.71241999999995,-25.930059999999912],[-69.70225999999991,-25.934589999999957],[-69.6944499999999,-25.935979999999915],[-69.68724999999995,-25.939749999999947],[-69.68052999999992,-25.939959999999928],[-69.67362999999995,-25.943259999999952],[-69.66485999999992,-25.942599999999914],[-69.65841999999992,-25.944629999999904],[-69.64916999999991,-25.94199999999995],[-69.63211999899994,-25.940869999999904],[-69.61930999999993,-25.943149999999946],[-69.6133299999999,-25.94181999999995],[-69.6024799999999,-25.944369999999935],[-69.5884299999999,-25.94226999999995],[-69.56340999999992,-25.943329999999946],[-69.55750999999992,-25.942289999999957],[-69.54054999999994,-25.945329999999956],[-69.53475999999995,-25.947859999999935],[-69.52987999999993,-25.947889999999916],[-69.52326999999991,-25.951529999999934],[-69.51771999999994,-25.949709999999925],[-69.50299005199992,-25.948715655999933],[-69.50265291799991,-25.914791455999932],[-69.49464229299991,-25.911968174999913],[-69.47673643599995,-25.91196998299995],[-69.47471195999992,-25.90443255899993],[-69.46823410299993,-25.898461022999925],[-69.46774740599994,-25.894661459999952],[-69.46652482499991,-25.894549037999923],[-69.4645829769999,-25.896921281999937],[-69.45808763699995,-25.897291025999948],[-69.45094278199991,-25.893201981999937],[-69.45032563399991,-25.88877247399995],[-69.44533327599993,-25.883900697999934],[-69.44539487599991,-25.877461827999923],[-69.44169575399991,-25.874292579999917],[-69.4402250899999,-25.870806194999943],[-69.44182599499993,-25.863199014999907],[-69.44164816999995,-25.86149291499993],[-69.43906910599992,-25.859638943999926],[-69.43165197499991,-25.859447856999907],[-69.42851113799992,-25.856295987999943],[-69.4269040069999,-25.85641708399993],[-69.42018894799992,-25.86074207599995],[-69.3968783489999,-25.870368781999957],[-69.3844799979999,-25.879099999999937],[-69.3802749489999,-25.88022646099995],[-69.36698216099995,-25.87995038799994],[-69.35124977499993,-25.86664640999993],[-69.34461135099991,-25.868989577999912],[-69.34083140999991,-25.86651609599994],[-69.33144220399993,-25.866460263999954],[-69.32427790499992,-25.864769788999922],[-69.3171299999999,-25.86539999999991],[-69.31228243699991,-25.868054253999958],[-69.29947005199995,-25.868856670999946],[-69.28496910799993,-25.866714087999924],[-69.28380525199992,-25.864078803999917],[-69.28037178099993,-25.862495176999914],[-69.27865067199991,-25.859822133999955],[-69.2732872919999,-25.85781536399992],[-69.26505795999992,-25.85852880099992],[-69.26361080599992,-25.863224759999923],[-69.26078999999993,-25.864469999999926],[-69.25541857499991,-25.861455167999907],[-69.25156268499995,-25.86262553499995],[-69.2463244619999,-25.858794520999936],[-69.24271121499993,-25.852827272999946],[-69.24343999999991,-25.84597999999994],[-69.23454999899991,-25.84430999999995],[-69.23080168999991,-25.839619984999956],[-69.22373354899992,-25.83679953399991],[-69.22128566499993,-25.834243273999903],[-69.21266882299994,-25.83324765699996],[-69.2056418379999,-25.83449898899994],[-69.2018723569999,-25.83355440899993],[-69.19616999899995,-25.829310000999953],[-69.1695304129999,-25.816037887999926],[-69.14897409399993,-25.820314460999953],[-69.14431466099995,-25.819327573999942],[-69.1321980909999,-25.814181790999953],[-69.1237930019999,-25.808681254999954],[-69.11410695399991,-25.807098862999908],[-69.11146999899995,-25.802379999999914],[-69.1059188989999,-25.803226226999925],[-69.09823999999992,-25.801759999999945],[-69.09429687699992,-25.793222493999906],[-69.09722143199991,-25.784703732999958],[-69.0790657579999,-25.75387044999991],[-69.0801337389999,-25.744420850999916],[-69.07061971899992,-25.74028162499991],[-69.05984785899994,-25.730648051999935],[-69.0582204559999,-25.727646126999957],[-69.06004999799995,-25.724759999999947],[-69.06744240799992,-25.726459297999952],[-69.07395201999992,-25.726180042999943],[-69.0814733229999,-25.722659494999903],[-69.0903035469999,-25.724085605999903],[-69.09580999999991,-25.721619999999916],[-69.08828999999992,-25.707319999999925],[-69.08270945699991,-25.70435072899994],[-69.07366303099991,-25.69687853599993],[-69.0708360239999,-25.69274598499993],[-69.07045909099992,-25.679554828999926],[-69.0600305719999,-25.66539960399996],[-69.05578297699992,-25.646427160999906],[-69.05067003599993,-25.63481858399996],[-69.05399962299992,-25.631250287999933],[-69.05878269199991,-25.622253008999905],[-69.0611299649999,-25.613594476999936],[-69.06677881999991,-25.60614274699992],[-69.07052998199993,-25.585813018999943],[-69.07420238999993,-25.584652559999938],[-69.07931385299992,-25.586300942999912],[-69.08481999499992,-25.58411000299992],[-69.08275126599995,-25.57994655899995],[-69.08141932199993,-25.57953536699995],[-69.07068393399993,-25.580439720999948],[-69.0679992609999,-25.579167732999906],[-69.05730011599991,-25.569585349999954],[-69.05442847899991,-25.564980204999927],[-69.0539894609999,-25.552697043999956],[-69.05142609399991,-25.54371015499993],[-69.04213482699993,-25.534163560999957],[-69.0371811569999,-25.532554581999932],[-69.0289055419999,-25.532893714999943],[-69.02642530199995,-25.516566050999927],[-69.02246224999993,-25.51072460499995],[-69.01602370299992,-25.505669775999934],[-69.00970973699992,-25.50357316399993],[-69.00434515699993,-25.503535971999952],[-68.99724731099991,-25.50776779699993],[-68.99473001399991,-25.507355783999913],[-68.99400837399992,-25.496532862999914],[-68.99747472299993,-25.486721191999948],[-69.00460240099994,-25.476853201999916],[-69.00179673199995,-25.461311662999947],[-69.01348013199993,-25.452154608999933],[-69.0168717599999,-25.447988221999935],[-69.0233759589999,-25.444835757999954],[-69.03404845299991,-25.446592419999945],[-69.03586104199991,-25.442261694999956],[-69.02986017599994,-25.43720492199992],[-69.02174378899991,-25.426733671999955],[-69.00330799699992,-25.41311968699995],[-68.99348996599991,-25.409009994999906],[-68.99012639499995,-25.404790559999924],[-68.98742306899993,-25.395523951999905],[-68.98730711999991,-25.384106299999928],[-68.9886299659999,-25.380159998999943],[-68.9982399669999,-25.377679994999937],[-69.00180066799993,-25.37551616099995],[-69.00531999999993,-25.376579999999933],[-69.01954077099992,-25.36032478699991],[-69.0287006929999,-25.352990336999937],[-69.03183129899992,-25.347541600999932],[-69.04481751799995,-25.341254291999917],[-69.05676020199991,-25.338424895999935],[-69.0629054659999,-25.338215308999906],[-69.07322487199991,-25.34104470899996],[-69.09432747799991,-25.34303572899995],[-69.10116843199995,-25.337691337999956],[-69.10792999999995,-25.325879999999927],[-69.11581999999993,-25.318439999999953],[-69.12193999999994,-25.305399999999906],[-69.12418999999994,-25.303909999999917],[-69.14982999999995,-25.297689999999932],[-69.15496639399993,-25.29450827599993],[-69.16500999999994,-25.29257999999993],[-69.16867999999994,-25.28708999999992],[-69.17486999999994,-25.284499999999923],[-69.17822060999993,-25.28457950099994],[-69.17878999999994,-25.27962999999994],[-69.18232999999992,-25.270959999999945],[-69.18953999999991,-25.262769999999932],[-69.19234999999992,-25.243139999999926],[-69.19831999999991,-25.237379999999916],[-69.21426999999994,-25.233559999999954],[-69.21721999999994,-25.225849999999923],[-69.21777999999995,-25.21354999999994],[-69.22083999999995,-25.204879999999946],[-69.22517999999991,-25.19996999999995],[-69.22609999999992,-25.195949999999925],[-69.23119999999994,-25.192989999999952],[-69.2340299999999,-25.185169999999914],[-69.24293999999992,-25.181739999999934],[-69.24694999999991,-25.174699999999916],[-69.24707999999993,-25.165109999999913],[-69.24382999999995,-25.155119999999954],[-69.2376099999999,-25.14772999999991],[-69.23094999999995,-25.136339999999905],[-69.23090999999994,-25.132649999999956],[-69.22509999999994,-25.125259999999912],[-69.20843999999994,-25.110829999999908],[-69.20958999999993,-25.108229999999935],[-69.20684999999992,-25.093539999999905],[-69.2090399999999,-25.092079999999953],[-69.21041999999994,-25.084319999999934],[-69.19719999999995,-25.068729999999903],[-69.19205999999991,-25.058949999999925],[-69.19170999999994,-25.055829999999958],[-69.18624999999992,-25.050139999999942],[-69.18054999999993,-25.034989999999937],[-69.1800199999999,-25.02934999999991],[-69.17525203899993,-25.02471854399994],[-69.17391999999995,-25.01789999999994],[-69.16906999999992,-25.010949999999923],[-69.16955999999993,-25.00670999999994],[-69.16699082799994,-25.003144317999954],[-69.16789700299995,-24.992285867999954],[-69.16228679999995,-24.971180322999942],[-69.15908524499991,-24.96496825099996],[-69.16049877899991,-24.955519936999906],[-69.15837575699993,-24.950098930999957],[-69.15221023599992,-24.942290029999924],[-69.14921686999992,-24.940719498999954],[-69.14271522899992,-24.939834186999917],[-69.13454186699994,-24.935698084999956],[-69.12648886199992,-24.936229656999956],[-69.12705621499993,-24.928518728999904],[-69.1243487349999,-24.924587107999912],[-69.12715937599995,-24.916926733999958],[-69.12588740799993,-24.910423747999914],[-69.12737479299994,-24.90265956199994],[-69.12667685999992,-24.89500212899992],[-69.12321586099995,-24.884304762999932],[-69.1192713449999,-24.880893663999927],[-69.11276833099993,-24.87803707799992],[-69.1145884149999,-24.874103091999928],[-69.11469876199993,-24.86906757299994],[-69.12005741199994,-24.86625715699995],[-69.12219640599994,-24.863580346999925],[-69.12259322599994,-24.85787581099993],[-69.1305504579999,-24.846218046999923],[-69.13442030399995,-24.84331660999993],[-69.13326863399993,-24.837457454999935],[-69.13384627399995,-24.83347422299994],[-69.13725208499994,-24.83097455099994],[-69.13650779199992,-24.816092425999955],[-69.1318676329999,-24.80940053599994],[-69.13680943899993,-24.807565720999946],[-69.13914193999994,-24.803907430999914],[-69.14145694099994,-24.79386010299993],[-69.13899387799995,-24.78904294499995],[-69.14034357999992,-24.778517559999955],[-69.1422602259999,-24.77627248999994],[-69.14798214899992,-24.774771244999954],[-69.14711296099995,-24.766596531999937],[-69.14886826599991,-24.76312329399991],[-69.1507554069999,-24.751672820999943],[-69.15257126799992,-24.748365661999912],[-69.1570402719999,-24.746560661999922],[-69.15520951899992,-24.743866607999905],[-69.1570032859999,-24.739248365999913],[-69.15461328099991,-24.735890126999948],[-69.1546277679999,-24.731255266999938],[-69.1610619189999,-24.72524027299994],[-69.1619436009999,-24.723074238999914],[-69.16028196199994,-24.720038441999918],[-69.16662821499995,-24.716426059999947],[-69.16811135699993,-24.711552215999916],[-69.17047274099991,-24.708816647999924],[-69.17009718799994,-24.702303586999903],[-69.16704369599995,-24.699181469999928],[-69.17279001899993,-24.688834226999916],[-69.17326943899991,-24.68475277199991],[-70.4046300089999,-24.627807683999947],[-70.56994929899992,-24.555867146999958]]]]}},{"type":"Feature","properties":{"cut":2203,"comuna":"SAN PEDRO DE ATACAMA"},"geometry":{"type":"Polygon","coordinates":[[[-67.9430189489999,-22.381749044999935],[-67.9556399999999,-22.39232999999996],[-67.96230577799992,-22.39395818299994],[-67.96850999999992,-22.392919999999947],[-67.9688099999999,-22.397689999999955],[-67.96724999999992,-22.40396999999996],[-67.96839442399994,-22.40880464399993],[-67.97096999999991,-22.41100999999992],[-67.97651999999994,-22.411869999999908],[-67.9838299999999,-22.410589999999956],[-67.98629690299992,-22.411484456999915],[-68.00166007299993,-22.420882569999947],[-68.0074699999999,-22.42825999999991],[-68.01377502499992,-22.432341355999938],[-68.01552061299992,-22.432340853999904],[-68.01455260699993,-22.428931935999913],[-68.01739999999995,-22.425499999999943],[-68.02541999999994,-22.418969999999945],[-68.0290599999999,-22.418329999999912],[-68.04721343999995,-22.42127884699994],[-68.0629199999999,-22.42032999999992],[-68.06772999999993,-22.42142999999993],[-68.0721299999999,-22.425229999999942],[-68.07468999999992,-22.431859999999915],[-68.07679800499994,-22.432331895999937],[-68.08274937599992,-22.427148820999946],[-68.0834822569999,-22.455564066999955],[-68.08802999999995,-22.48636999999991],[-68.09147999999993,-22.490799999999922],[-68.09628999999995,-22.493319999999926],[-68.0993336919999,-22.493331869999906],[-68.09882926499995,-22.490604369999915],[-68.10172967299991,-22.488013949999925],[-68.10806999999994,-22.489129999999932],[-68.11380999999994,-22.492539999999906],[-68.11641999999995,-22.49240999999995],[-68.11835999999994,-22.473229999999944],[-68.11793908699991,-22.463984410999956],[-68.11907948599992,-22.461719995999943],[-68.12425999999994,-22.459269999999947],[-68.13079181299992,-22.457415277999928],[-68.14176999999995,-22.45995999999991],[-68.15030341199991,-22.459071916999903],[-68.15548999999993,-22.457209999999918],[-68.16426999999993,-22.44766999999996],[-68.16979999999995,-22.444429999999954],[-68.17527999999993,-22.446039999999925],[-68.19986154799994,-22.458449884999936],[-68.22020189699992,-22.493467091999946],[-68.22715541699995,-22.497802676999925],[-68.22968999999995,-22.510869999999954],[-68.23545272799993,-22.52147440899995],[-68.2374099999999,-22.521159999999952],[-68.23871999999994,-22.515979999999956],[-68.24349574699994,-22.515006263999908],[-68.24531999999994,-22.521369999999933],[-68.25113875699992,-22.523739210999906],[-68.25096999999994,-22.53075999999993],[-68.25628999999992,-22.53281999999996],[-68.25097999999991,-22.53619999999995],[-68.25018962399992,-22.538742463999938],[-68.25423999999992,-22.539749999999913],[-68.25697217599992,-22.54380326799992],[-68.26045806099995,-22.54547171799993],[-68.26045999999991,-22.55580999999995],[-68.25796999999994,-22.560709999999915],[-68.25984999999991,-22.56287999999995],[-68.25982999999991,-22.566649999999925],[-68.26394999999991,-22.56794999999994],[-68.26743999999991,-22.574329999999918],[-68.26726999999994,-22.576599999999928],[-68.26389999999992,-22.579959999999915],[-68.26175999999992,-22.58555999999993],[-68.26092999999992,-22.592869999999948],[-68.26300224999994,-22.598453397999947],[-68.2657176269999,-22.600741184999947],[-68.26962251399993,-22.599702952999905],[-68.2720274859999,-22.601459381999916],[-68.27805311599991,-22.601212623999913],[-68.28780999999992,-22.609119999999905],[-68.29058999999995,-22.614469999999926],[-68.30443999999994,-22.619949999999903],[-68.30756999999994,-22.623069999999927],[-68.30907999999994,-22.63098999999994],[-68.30215691699993,-22.642969683999922],[-68.30306834799995,-22.650316451999913],[-68.30436743399991,-22.652096526999912],[-68.30139999999994,-22.656869999999913],[-68.30378999999994,-22.666579999999954],[-68.30674999999991,-22.671769999999924],[-68.30578999999994,-22.674169999999947],[-68.30656999999991,-22.676069999999925],[-68.31842999999992,-22.67691999999994],[-68.32813558099991,-22.685240130999944],[-68.33445037799993,-22.68798328999992],[-68.34371243699991,-22.685019756999907],[-68.3585200469999,-22.678025671999933],[-68.36292698599993,-22.67760916599991],[-68.37435999999991,-22.695059999999955],[-68.38753999999994,-22.726539999999943],[-68.39893999999993,-22.737349999999935],[-68.40471999999994,-22.74860999999993],[-68.40741011299991,-22.74992997299995],[-68.41780999999992,-22.747879999999952],[-68.4287799999999,-22.748399999999947],[-68.43402999999995,-22.74989999999991],[-68.43868999999995,-22.753699999999924],[-68.44390990099993,-22.765850120999914],[-68.44978000999993,-22.76918993299995],[-68.45150999999993,-22.780369999999948],[-68.4598154599999,-22.78943662699993],[-68.46045023399995,-22.802960066999958],[-68.48097860199994,-22.813462889999926],[-68.4800699999999,-22.81615999999991],[-68.48148999999995,-22.819749999999942],[-68.49183999999991,-22.82985999999994],[-68.49432000199994,-22.83742000399991],[-68.48989006499994,-22.849330064999947],[-68.49088774899991,-22.854039385999954],[-68.49799999999993,-22.860349999999926],[-68.50056999999993,-22.864999999999952],[-68.50497999999993,-22.86752999999993],[-68.50729999999993,-22.87215999999995],[-68.50797999999992,-22.881369999999947],[-68.51098999999994,-22.886909999999943],[-68.52095999999995,-22.89593999999994],[-68.52455999999995,-22.902829999999938],[-68.52593999999993,-22.91450999999995],[-68.52444999999994,-22.923229999999933],[-68.52632999999992,-22.934369999999944],[-68.52380999999991,-22.94918999999993],[-68.52510999999993,-22.956429999999955],[-68.52424999999994,-22.961449999999957],[-68.53457999999995,-22.976119999999923],[-68.53724999999991,-22.989879999999914],[-68.53478999999993,-23.011399999999924],[-68.52596999999992,-23.023099999999943],[-68.53208999999993,-23.039729999999906],[-68.53062999999992,-23.04788999999994],[-68.53493999999995,-23.054049999999904],[-68.54250999999994,-23.058629999999937],[-68.54358999999994,-23.060419999999908],[-68.5426799999999,-23.066299999999956],[-68.53955999999994,-23.069319999999948],[-68.53799999999995,-23.07340999999991],[-68.5387199999999,-23.080599999999947],[-68.54181999999992,-23.084349999999915],[-68.54827999999992,-23.08627999999993],[-68.58555999999993,-23.088379999999916],[-68.59720010899991,-23.088359969999942],[-68.61863999999991,-23.082719999999938],[-68.63510999999994,-23.08119999999991],[-68.64296999999993,-23.08826999999991],[-68.64706454499992,-23.09029142299994],[-68.64870007799993,-23.095387862999928],[-68.65142694699995,-23.097698091999916],[-68.65152109999991,-23.10290786799993],[-68.66130088099993,-23.106449853999948],[-68.65673999899991,-23.112789999999904],[-68.6588142519999,-23.120132631999923],[-68.65661492899994,-23.126810574999922],[-68.64935716499991,-23.132368863999943],[-68.6466180079999,-23.136047730999906],[-68.64421874699991,-23.13680749699995],[-68.63990007799993,-23.14616461499992],[-68.63276227499995,-23.156761351999933],[-68.62056603099995,-23.171276881999916],[-68.61920645099991,-23.175575557999935],[-68.62108587199992,-23.184172909999916],[-68.6270240419999,-23.189451284999905],[-68.63098282299995,-23.197948667999924],[-68.6363700089999,-23.20370806099993],[-68.6458382479999,-23.210704738999937],[-68.65027688099991,-23.222561087999907],[-68.64757771299992,-23.227119683999945],[-68.6477176699999,-23.23283792299992],[-68.67029071899992,-23.255610909999916],[-68.67598896299995,-23.263268551999943],[-68.6764199989999,-23.266739999999913],[-68.68230278699991,-23.275297590999912],[-68.6824998749999,-23.282630513999948],[-68.68744837199995,-23.284934407999913],[-68.69098782099991,-23.312327952999908],[-68.69051192899991,-23.31577817199991],[-68.68750785799995,-23.32065606699996],[-68.68914373899992,-23.33070928999996],[-68.70029746199992,-23.347603462999928],[-68.70229026099992,-23.357329509999943],[-68.70152999899994,-23.365599999999915],[-68.70249846299993,-23.36848323299995],[-68.7094002899999,-23.379091715999948],[-68.7162993359999,-23.383087174999957],[-68.7178757289999,-23.38716200199991],[-68.7137702409999,-23.39665074599992],[-68.70993427899992,-23.397720859999936],[-68.70701943899991,-23.401855173999934],[-68.70456999999993,-23.41751999999991],[-68.7045399989999,-23.42790999999994],[-68.70504999999991,-23.440339999999935],[-68.70723999899991,-23.444059999999922],[-68.70650999999992,-23.44723999999991],[-68.69914999999992,-23.45375999999993],[-68.69887999999992,-23.456139999999948],[-68.70236999999992,-23.46419999999995],[-68.70291486899993,-23.46865854099991],[-68.6982749199999,-23.49185828599991],[-68.6977990279999,-23.500929980999956],[-68.69803006399991,-23.503362250999942],[-68.7015602699999,-23.505302069999914],[-68.7025103599999,-23.507889904999956],[-68.7017251389999,-23.512149139999906],[-68.69732313599991,-23.518502300999955],[-68.69394430099993,-23.529899918999945],[-68.6943250139999,-23.53246973699993],[-68.70262933299995,-23.53453986799991],[-68.70533999899993,-23.538769998999953],[-68.70482999899991,-23.55445999999995],[-68.70703133699993,-23.557382693999955],[-68.70867316399995,-23.56723366199992],[-68.70793553199991,-23.56997004199991],[-68.69416999999993,-23.582859999999926],[-68.69077961799991,-23.591742110999917],[-68.68547341899995,-23.598571163999907],[-68.68592999999993,-23.605819999999937],[-68.68871999799995,-23.612209999999948],[-68.68777999999992,-23.62295999899993],[-68.68563998099995,-23.629980048999926],[-68.6869202389999,-23.63455835299993],[-68.68631999999991,-23.64080999999993],[-68.68052414099992,-23.64380471699991],[-68.67981030199991,-23.65094309999995],[-68.67446999799995,-23.655089998999927],[-68.67346000099991,-23.657329998999955],[-68.67793052899992,-23.681638146999944],[-68.67703972099991,-23.68411797999994],[-68.6694834409999,-23.687824745999933],[-68.6651052329999,-23.69955548899992],[-68.66895999899992,-23.708429999999908],[-68.66987028799991,-23.71534066499993],[-68.67728807399993,-23.732320666999954],[-68.67687029899992,-23.73499787299994],[-68.6791202579999,-23.737531685999954],[-68.67921999799995,-23.740479999999934],[-68.67732999999993,-23.741589998999928],[-68.67461735299992,-23.747971347999908],[-68.67859999899991,-23.759469999999908],[-68.6801799989999,-23.760179998999945],[-68.68123999799991,-23.763400000999923],[-68.68385999799995,-23.77520999999996],[-68.6856499989999,-23.77735999999993],[-68.68699530799995,-23.782706719999908],[-68.6862198039999,-23.78608223799995],[-68.68761999799995,-23.79135999899995],[-68.6895299979999,-23.79421999899995],[-68.69012999899991,-23.80502999899994],[-68.6885099989999,-23.80860999899994],[-68.69061037499995,-23.821068113999956],[-68.68979355399995,-23.827864130999956],[-68.69292016599991,-23.839142775999903],[-68.6928202279999,-23.84670946199992],[-68.68867999899993,-23.855149998999934],[-68.68397999899992,-23.86074999999994],[-68.6874807179999,-23.874049468999942],[-68.6868699979999,-23.880759999999952],[-68.69065999999992,-23.894249999999943],[-68.69608000099993,-23.905889999999943],[-68.69854999899991,-23.923129999999958],[-68.41873001099992,-23.98923008199995],[-68.34535000099993,-23.999309999999923],[-68.11782999999991,-24.238119998999935],[-68.06845794199995,-24.32701529299993],[-67.32261666699992,-24.034161110999946],[-66.99050278899995,-23.000005561999956],[-67.18030266799991,-22.814171513999952],[-67.56850769899995,-22.898041571999954],[-67.79906314199991,-22.881177916999945],[-67.8011872969999,-22.87777179099993],[-67.8128953019999,-22.869571854999947],[-67.81966751399995,-22.861812421999957],[-67.82526199199992,-22.857781615999954],[-67.82980202899995,-22.856238186999917],[-67.82467236199994,-22.850779943999953],[-67.82419190199994,-22.84787996299991],[-67.8260913389999,-22.84528432199994],[-67.83467516599995,-22.844607381999936],[-67.8393943179999,-22.848190616999943],[-67.8422185419999,-22.84815547799991],[-67.84701930999995,-22.84515048299994],[-67.85583924499991,-22.84249928299994],[-67.8588724629999,-22.837435514999925],[-67.86391523999993,-22.835005272999922],[-67.87007423799992,-22.833510039999908],[-67.88181670499995,-22.834065907999957],[-67.88348743899991,-22.82895879399996],[-67.88174983399995,-22.827053854999917],[-67.87905677799995,-22.81463645799994],[-67.88207402899991,-22.806935754999927],[-67.8795940949999,-22.803836541999942],[-67.87734879899995,-22.79278129699992],[-67.87512600299993,-22.78965134999993],[-67.87588465499994,-22.782733638999957],[-67.87385423099994,-22.778905128999952],[-67.87299197499993,-22.768412394999928],[-67.87384830299993,-22.760780479999937],[-67.87706764299992,-22.75483507699994],[-67.87259134099992,-22.751950490999945],[-67.86711197799991,-22.741871772999957],[-67.8688961659999,-22.741983648999906],[-67.87584662699993,-22.738017743999933],[-67.88051310199995,-22.728108970999926],[-67.88526699999994,-22.728070205999927],[-67.8853481669999,-22.723864011999922],[-67.88795605599995,-22.72013301699991],[-67.8904802369999,-22.718953271999908],[-67.88653990899991,-22.715627859999927],[-67.8864522369999,-22.70766464199994],[-67.8876705209999,-22.70435243199995],[-67.88519588199995,-22.700488186999905],[-67.88047852699992,-22.69914323699993],[-67.87044322299994,-22.693254624999952],[-67.87228819699993,-22.690985844999943],[-67.86804857899995,-22.680570158999956],[-67.87192584499991,-22.671741399999917],[-67.88912579399994,-22.66599653399993],[-67.87736173799993,-22.666034605999926],[-67.8751596159999,-22.66126227199993],[-67.87725954599995,-22.65848454199994],[-67.87623396499993,-22.65265428799995],[-67.87699560999994,-22.647652818999916],[-67.87497371699993,-22.63896484299994],[-67.87975086299991,-22.638100598999927],[-67.87998867699991,-22.635760168999923],[-67.8784953199999,-22.634205920999932],[-67.8839947969999,-22.627459320999947],[-67.8764991139999,-22.624802012999908],[-67.8659133669999,-22.62699791299991],[-67.85706911599993,-22.621136119999903],[-67.85900923399993,-22.617494465999926],[-67.85490537399994,-22.614862762999905],[-67.85875730399994,-22.610061833999907],[-67.8635332689999,-22.60801281399995],[-67.8629812339999,-22.599621645999946],[-67.86018536699993,-22.596617575999915],[-67.84830356299994,-22.59438514099992],[-67.84633575999993,-22.592969833999916],[-67.84355986899993,-22.593829298999935],[-67.8420322099999,-22.59053702999995],[-67.83755981999991,-22.587715035999906],[-67.83616196999992,-22.58344923699991],[-67.83199811799994,-22.581292025999915],[-67.8338625799999,-22.578682388999937],[-67.83734254099994,-22.579574685999944],[-67.83966513599995,-22.578467776999958],[-67.84021320099993,-22.574480628999936],[-67.8446428549999,-22.572528931999955],[-67.84578329599992,-22.570003845999906],[-67.8433466699999,-22.567049892999933],[-67.84585452099992,-22.56608493899995],[-67.8435452839999,-22.561363809999932],[-67.8528858169999,-22.55754359799994],[-67.84379495199994,-22.547679924999954],[-67.8441345139999,-22.54556139899995],[-67.84703884499993,-22.543049959999905],[-67.84281384199994,-22.53883025899995],[-67.8394671069999,-22.53755145899993],[-67.84096340099995,-22.533074996999915],[-67.84643359699993,-22.530479656999944],[-67.85159292999992,-22.529930300999922],[-67.85698383699992,-22.53079071399992],[-67.85933273299992,-22.533905518999916],[-67.8622986009999,-22.534559780999928],[-67.87132742499995,-22.531223862999923],[-67.87300445999995,-22.52471486199994],[-67.87734530299991,-22.52076597699994],[-67.87694227399993,-22.514931756999943],[-67.88707777799993,-22.508099999999956],[-67.88784838299995,-22.505352131999928],[-67.89290410699994,-22.49910671899994],[-67.89248360199991,-22.447377322999955],[-67.88540170499994,-22.44538498299994],[-67.8838312609999,-22.44202994299991],[-67.88714594099991,-22.43757508199991],[-67.89465780899991,-22.436652360999915],[-67.89752179899995,-22.43450605499993],[-67.89748348499995,-22.428941969999926],[-67.90044278099992,-22.426610421999953],[-67.89737971799991,-22.423188289999928],[-67.8981368769999,-22.420419048999918],[-67.9047771889999,-22.41937437699994],[-67.90389011699995,-22.41143007499994],[-67.90125480899991,-22.41096646299991],[-67.90005147699992,-22.407096091999904],[-67.90373793799995,-22.40636590699995],[-67.9031703739999,-22.402068193999924],[-67.90980850199992,-22.397869977999903],[-67.91282202899993,-22.39902789799993],[-67.9189909989999,-22.396306444999937],[-67.92293261299994,-22.39236580499994],[-67.93336333999991,-22.38956652199994],[-67.9386757389999,-22.382651791999933],[-67.9430189489999,-22.381749044999935]]]}},{"type":"Feature","properties":{"cut":3202,"comuna":"DIEGO DE ALMAGRO"},"geometry":{"type":"Polygon","coordinates":[[[-68.55743434199991,-25.301547430999904],[-68.5676751119999,-25.29165826499991],[-68.57568667099991,-25.288374850999958],[-68.5788751469999,-25.285805032999917],[-68.58751259099995,-25.290076164999903],[-68.5864199479999,-25.294929991999936],[-68.5892376999999,-25.300664766999944],[-68.5953648119999,-25.302925254999934],[-68.59716702499992,-25.296636188999912],[-68.60032759499995,-25.293163853999943],[-68.60271393799991,-25.295730413999934],[-68.6102364429999,-25.29685762899993],[-68.61386512099995,-25.29971298299995],[-68.61475741899994,-25.30262782199992],[-68.61823666499993,-25.303212533999954],[-68.6224906679999,-25.30655393299992],[-68.63278183699992,-25.310301583999944],[-68.63623205599993,-25.31327590999996],[-68.64170481499991,-25.310539529999915],[-68.64908114499991,-25.303936525999916],[-68.6574092589999,-25.303520119999916],[-68.6615053779999,-25.30688562699993],[-68.66242328699991,-25.309967179999944],[-68.66586784299994,-25.313989875999937],[-68.67153995299992,-25.32565999299993],[-68.67093143799991,-25.32847193099991],[-68.67348429799995,-25.331518924999955],[-68.66828995199995,-25.345029992999912],[-68.66995608699995,-25.348375931999954],[-68.67382031799991,-25.349944025999946],[-68.67477237599991,-25.351904142999956],[-68.67415633899992,-25.357616484999937],[-68.67199672599992,-25.360622038999907],[-68.67508073699992,-25.36219313899994],[-68.68082073799991,-25.361480715999903],[-68.68223595899991,-25.369253719999904],[-68.68823995399993,-25.368709992999925],[-68.69062228999991,-25.366373039999928],[-68.6916293829999,-25.362712789999932],[-68.69347749399992,-25.36243277299991],[-68.69566162399991,-25.364224879999938],[-68.69857379899992,-25.364448892999917],[-68.70053391599993,-25.368425130999924],[-68.70685258599991,-25.372630881999953],[-68.71163276399994,-25.377742929999954],[-68.71483110699995,-25.378582312999924],[-68.7197103339999,-25.385828554999932],[-68.72502955199991,-25.39038722199996],[-68.73027316399993,-25.387959423999916],[-68.7352545949999,-25.383103683999934],[-68.7476426309999,-25.380794176999927],[-68.75019889099991,-25.38215619899995],[-68.75603241099992,-25.38991350899994],[-68.76461882599995,-25.396367683999927],[-68.78274464099991,-25.40292895899995],[-68.78957249399991,-25.39594550299995],[-68.79137820799991,-25.388655771999936],[-68.79363534799995,-25.386820524999905],[-68.8007424409999,-25.384726929999943],[-68.8027679189999,-25.381529730999944],[-68.80672314199995,-25.379085610999937],[-68.81857702899993,-25.37879797699992],[-68.81931995999992,-25.37140999399992],[-68.8221707379999,-25.370111568999903],[-68.82768003799993,-25.369690071999912],[-68.83714786099995,-25.37868210399995],[-68.8479182179999,-25.382921495999938],[-68.86633980699992,-25.379994867999926],[-68.88345851899993,-25.37388020599991],[-68.88433005399992,-25.375827227999935],[-68.88628543399994,-25.376533912999946],[-68.91341996299991,-25.375319994999927],[-68.9167982809999,-25.375698494999938],[-68.92472369599994,-25.382978369999933],[-68.93733519099993,-25.383880605999934],[-68.94509366199992,-25.386867731999928],[-68.94993636099991,-25.385170916999925],[-68.95288074399991,-25.387869209999906],[-68.96116146199995,-25.390345191999927],[-68.96320981499991,-25.385024104999957],[-68.96837876199993,-25.383159705999958],[-68.97088996499991,-25.377909994999925],[-68.98521996699992,-25.37565999499992],[-68.9877243599999,-25.37722684499994],[-68.9886299659999,-25.380159998999943],[-68.98730711999991,-25.384106299999928],[-68.9869592739999,-25.393114812999954],[-68.99078557099995,-25.405683706999923],[-68.99565540299994,-25.410606166999912],[-69.00330799699992,-25.41311968699995],[-69.02174378899991,-25.426733671999955],[-69.02986017599994,-25.43720492199992],[-69.03586104199991,-25.442261694999956],[-69.03404845299991,-25.446592419999945],[-69.0233759589999,-25.444835757999954],[-69.0168717599999,-25.447988221999935],[-69.01348013199993,-25.452154608999933],[-69.00179673199995,-25.461311662999947],[-69.00460240099994,-25.476853201999916],[-68.99747472299993,-25.486721191999948],[-68.99400837399992,-25.496532862999914],[-68.99473001399991,-25.507355783999913],[-68.99724731099991,-25.50776779699993],[-69.00434515699993,-25.503535971999952],[-69.00970973699992,-25.50357316399993],[-69.01602370299992,-25.505669775999934],[-69.02246224999993,-25.51072460499995],[-69.02642530199995,-25.516566050999927],[-69.0289055419999,-25.532893714999943],[-69.0371811569999,-25.532554581999932],[-69.04213482699993,-25.534163560999957],[-69.05142609399991,-25.54371015499993],[-69.0539894609999,-25.552697043999956],[-69.05442847899991,-25.564980204999927],[-69.05730011599991,-25.569585349999954],[-69.0679992609999,-25.579167732999906],[-69.07068393399993,-25.580439720999948],[-69.08141932199993,-25.57953536699995],[-69.08275126599995,-25.57994655899995],[-69.08481999499992,-25.58411000299992],[-69.07931385299992,-25.586300942999912],[-69.07420238999993,-25.584652559999938],[-69.07052998199993,-25.585813018999943],[-69.06677881999991,-25.60614274699992],[-69.0611299649999,-25.613594476999936],[-69.05878269199991,-25.622253008999905],[-69.05399962299992,-25.631250287999933],[-69.05067003599993,-25.63481858399996],[-69.05578297699992,-25.646427160999906],[-69.0600305719999,-25.66539960399996],[-69.07045909099992,-25.679554828999926],[-69.0708360239999,-25.69274598499993],[-69.07366303099991,-25.69687853599993],[-69.08270945699991,-25.70435072899994],[-69.08828999999992,-25.707319999999925],[-69.09580999999991,-25.721619999999916],[-69.0903035469999,-25.724085605999903],[-69.0814733229999,-25.722659494999903],[-69.07395201999992,-25.726180042999943],[-69.06744240799992,-25.726459297999952],[-69.06004999799995,-25.724759999999947],[-69.0582204559999,-25.727646126999957],[-69.05984785899994,-25.730648051999935],[-69.07061971899992,-25.74028162499991],[-69.0801337389999,-25.744420850999916],[-69.0790657579999,-25.75387044999991],[-69.09722143199991,-25.784703732999958],[-69.09429687699992,-25.793222493999906],[-69.09823999999992,-25.801759999999945],[-69.1059188989999,-25.803226226999925],[-69.11146999899995,-25.802379999999914],[-69.11410695399991,-25.807098862999908],[-69.1237930019999,-25.808681254999954],[-69.1321980909999,-25.814181790999953],[-69.14431466099995,-25.819327573999942],[-69.14897409399993,-25.820314460999953],[-69.1695304129999,-25.816037887999926],[-69.19616999899995,-25.829310000999953],[-69.2018723569999,-25.83355440899993],[-69.2056418379999,-25.83449898899994],[-69.21266882299994,-25.83324765699996],[-69.22128566499993,-25.834243273999903],[-69.22373354899992,-25.83679953399991],[-69.23080168999991,-25.839619984999956],[-69.23454999899991,-25.84430999999995],[-69.24343999999991,-25.84597999999994],[-69.24271121499993,-25.852827272999946],[-69.2463244619999,-25.858794520999936],[-69.25156268499995,-25.86262553499995],[-69.25541857499991,-25.861455167999907],[-69.26078999999993,-25.864469999999926],[-69.26361080599992,-25.863224759999923],[-69.26505795999992,-25.85852880099992],[-69.2732872919999,-25.85781536399992],[-69.27865067199991,-25.859822133999955],[-69.28037178099993,-25.862495176999914],[-69.28380525199992,-25.864078803999917],[-69.28496910799993,-25.866714087999924],[-69.29947005199995,-25.868856670999946],[-69.31228243699991,-25.868054253999958],[-69.3171299999999,-25.86539999999991],[-69.32427790499992,-25.864769788999922],[-69.33144220399993,-25.866460263999954],[-69.34083140999991,-25.86651609599994],[-69.34461135099991,-25.868989577999912],[-69.35124977499993,-25.86664640999993],[-69.36698216099995,-25.87995038799994],[-69.3802749489999,-25.88022646099995],[-69.3844799979999,-25.879099999999937],[-69.3968783489999,-25.870368781999957],[-69.42018894799992,-25.86074207599995],[-69.4269040069999,-25.85641708399993],[-69.42851113799992,-25.856295987999943],[-69.43165197499991,-25.859447856999907],[-69.43906910599992,-25.859638943999926],[-69.44164816999995,-25.86149291499993],[-69.44182599499993,-25.863199014999907],[-69.4402250899999,-25.870806194999943],[-69.44169575399991,-25.874292579999917],[-69.44539487599991,-25.877461827999923],[-69.44533327599993,-25.883900697999934],[-69.45032563399991,-25.88877247399995],[-69.45176032899991,-25.893936393999923],[-69.45808763699995,-25.897291025999948],[-69.4645829769999,-25.896921281999937],[-69.46652482499991,-25.894549037999923],[-69.46774740599994,-25.894661459999952],[-69.46823410299993,-25.898461022999925],[-69.47471195999992,-25.90443255899993],[-69.47673643599995,-25.91196998299995],[-69.49464229299991,-25.911968174999913],[-69.50265291799991,-25.914791455999932],[-69.50299005199992,-25.948715655999933],[-69.50987999999995,-25.949929999999938],[-69.51771999999994,-25.949709999999925],[-69.52386999999993,-25.951529999999934],[-69.52987999999993,-25.947889999999916],[-69.53475999999995,-25.947859999999935],[-69.54054999999994,-25.945329999999956],[-69.55750999999992,-25.942289999999957],[-69.56340999999992,-25.943329999999946],[-69.5884299999999,-25.94226999999995],[-69.6024799999999,-25.944369999999935],[-69.6133299999999,-25.94181999999995],[-69.61930999999993,-25.943149999999946],[-69.63211999899994,-25.940869999999904],[-69.64916999999991,-25.94199999999995],[-69.65841999999992,-25.944629999999904],[-69.66485999999992,-25.942599999999914],[-69.67362999999995,-25.943259999999952],[-69.68052999999992,-25.939959999999928],[-69.68724999999995,-25.939749999999947],[-69.6944499999999,-25.935979999999915],[-69.70225999999991,-25.934589999999957],[-69.71241999999995,-25.930059999999912],[-69.71823999999992,-25.924249999999915],[-69.72931999999992,-25.91963999999996],[-69.73851999999994,-25.919679999999914],[-69.7431699999999,-25.92092999999994],[-69.75654999999995,-25.917359999999917],[-69.76147999999995,-25.917389999999955],[-69.77508999999992,-25.921919999999943],[-69.79010999999991,-25.923139999999933],[-69.79542999999995,-25.926219999999944],[-69.80330999999995,-25.92515999999995],[-69.80863999999991,-25.926579999999944],[-69.81831999999991,-25.92459999999994],[-69.82544999999993,-25.927509999999927],[-69.83656999999994,-25.93912999999992],[-69.84250999999995,-25.94211999999993],[-69.84912999999995,-25.942839999999933],[-69.85410166899993,-25.946836809999922],[-69.86784171699992,-25.923844851999945],[-69.88155999999992,-25.914259999999956],[-69.89213999999993,-25.940669999999955],[-69.89781999999991,-25.94724999999994],[-69.90000999999995,-25.953149999999937],[-69.8993099999999,-25.966299999999933],[-69.90539999999993,-25.966749999999934],[-69.90868999999992,-25.969269999999938],[-69.92244999999991,-25.97386999999992],[-69.9308299999999,-25.979109999999935],[-69.93061999999992,-25.98112999999995],[-69.92899999999992,-25.98184999999995],[-69.9209699999999,-25.97655999999995],[-69.91442999999992,-25.97446999999994],[-69.91255999999993,-25.975969999999904],[-69.91814999999991,-25.988039999999955],[-69.92346999999995,-25.993229999999926],[-69.92753999999991,-25.99433999999991],[-69.92928999999992,-25.997319999999945],[-69.93411999999995,-25.99869999999993],[-69.93723999999992,-26.004149999999925],[-69.94348999999994,-26.00765999999993],[-69.95283999999992,-26.04230999999993],[-69.9681599999999,-26.064839999999947],[-69.97787999999991,-26.10525999999993],[-69.98138999999992,-26.127869999999916],[-69.98523999999992,-26.137659999999926],[-69.98657979899991,-26.164836532999914],[-70.03248992899995,-26.16454170199995],[-70.05103958699993,-26.20699131799995],[-70.10574000399993,-26.23336999499992],[-70.12745000099994,-26.268569214999957],[-70.16813990899993,-26.285199182999918],[-70.18916955399993,-26.331671095999923],[-70.18916835599993,-26.351555815999916],[-70.20259980599991,-26.36462937199991],[-70.19971989599992,-26.384479420999924],[-70.20594984599995,-26.397161272999938],[-70.2109901959999,-26.41181197499992],[-70.16847981599994,-26.436320507999937],[-70.14254178699991,-26.44244819499994],[-70.10444480299992,-26.46069590499991],[-70.11514012799995,-26.481820220999907],[-70.11150988299994,-26.48696743499994],[-70.10889038099992,-26.49536599499993],[-70.10434665999992,-26.50073690499994],[-70.09787929399994,-26.502077846999953],[-70.09173008199991,-26.506706856999926],[-70.0844055039999,-26.507746794999946],[-70.08418644599993,-26.514140453999914],[-70.07856143099991,-26.519550386999924],[-70.07884527399995,-26.52351163499992],[-70.0719499779999,-26.536216707999927],[-70.07241863399992,-26.54215826999996],[-70.07011763299994,-26.547615066999924],[-70.0624995899999,-26.555544678999922],[-70.05987326499991,-26.556715337999947],[-70.05848237599992,-26.559804302999908],[-70.0435985769999,-26.566184218999922],[-70.04022804399995,-26.570461175999924],[-70.03854862399993,-26.575380281999912],[-70.03415163799991,-26.57805755399994],[-70.03750727099992,-26.587815236999916],[-70.03113003099992,-26.59407299299994],[-70.03484982599991,-26.59966155299992],[-70.03419454699991,-26.604514466999944],[-70.03940210199994,-26.61050285099992],[-70.04378035199994,-26.61134653499994],[-70.04064618699994,-26.618849346999923],[-70.04404300599992,-26.627867116999937],[-70.04928514099993,-26.63350045699991],[-70.0554661669999,-26.63749073899993],[-70.06841404699992,-26.644333021999955],[-70.07558033599992,-26.64442343199994],[-70.07959993399993,-26.649164303999953],[-70.07982949099994,-26.651171307999903],[-70.07583838499994,-26.65791846299993],[-70.07916161599991,-26.664285135999933],[-70.0775823159999,-26.666576707999923],[-70.07752759899995,-26.67194881699993],[-70.07509258499994,-26.67516319799995],[-70.07645589999993,-26.683630208999944],[-70.07396650899994,-26.684321645999944],[-70.07051731199994,-26.683300433999932],[-70.06693331499991,-26.685706297999957],[-70.06108007799992,-26.686395659999903],[-70.06143048899992,-26.69353875099995],[-70.06888157799995,-26.704497056999912],[-70.07504032599991,-26.70621100799991],[-70.07525492499991,-26.710831724999935],[-70.08013089399992,-26.719642133999912],[-70.08195907699991,-26.726426276999916],[-70.08662257299994,-26.729247983999926],[-70.08757731399993,-26.73412930899991],[-70.08610788099992,-26.73810835799992],[-70.09466734699993,-26.759298805999947],[-70.09352276099992,-26.76609211899995],[-70.09520915799993,-26.77076909199991],[-70.09872367699995,-26.772335306999935],[-70.09970768199992,-26.775816952999946],[-70.09645704399992,-26.779254688999913],[-70.09503417499991,-26.78686266099993],[-70.09278290099991,-26.788085270999943],[-70.09037994899995,-26.786171821999915],[-70.08769778999994,-26.78803413499992],[-70.08171159499994,-26.786242801999947],[-70.07478810799995,-26.785975015999952],[-70.07303152399993,-26.787577247999934],[-70.0661593449999,-26.78735830699992],[-70.0631988259999,-26.78958789099994],[-70.05914380199994,-26.79031793899992],[-70.05336345199993,-26.786718269999938],[-70.04370817499995,-26.793998577999957],[-70.0423184679999,-26.797967575999905],[-70.03839985299993,-26.79946792499993],[-70.03416771099995,-26.80454101999993],[-70.02857072099994,-26.80687038499991],[-70.02449613999994,-26.810312505999946],[-70.02316385499995,-26.82560197899994],[-70.02590782399994,-26.827906808999956],[-70.02708343099994,-26.833640053999943],[-70.02990857299994,-26.835361906999935],[-70.04193156799994,-26.835973527999954],[-70.04132393599991,-26.840437790999943],[-70.03904159799993,-26.84377684699996],[-70.03270406299993,-26.84522945099991],[-70.0195370589999,-26.845766676999915],[-70.0052854349999,-26.848960572999943],[-70.00137285099993,-26.84861077499994],[-69.98935657299995,-26.843792366999935],[-69.98510240099995,-26.843620089999945],[-69.97505999999993,-26.85540999999995],[-69.96981224599995,-26.854075348999913],[-69.96704999999992,-26.85101999999995],[-69.96680037699991,-26.845165186999907],[-69.9648374489999,-26.842155362999904],[-69.95918421399995,-26.84283584499991],[-69.94191210199995,-26.85702415299994],[-69.94103459099995,-26.86009151399992],[-69.9425081569999,-26.864630822999914],[-69.9407645679999,-26.865545984999926],[-69.94044054099993,-26.86754415799993],[-69.9403865349999,-26.86981235399992],[-69.94270873699992,-26.87337666199994],[-69.94926488099992,-26.878430286999958],[-69.95096608499995,-26.883717107999928],[-69.94991733299992,-26.88758530499996],[-69.95075670499995,-26.89308682199993],[-69.9522223589999,-26.896646265999948],[-69.9577275339999,-26.902763018999906],[-69.9521460709999,-26.905450944999927],[-69.9470362639999,-26.90565094099992],[-69.93679425199991,-26.903345128999945],[-69.91733345299991,-26.903279633999944],[-69.91564707099991,-26.90798363999994],[-69.90728794299991,-26.917754997999907],[-69.9007679369999,-26.91884578899993],[-69.88924455599994,-26.91811826199995],[-69.87609038699992,-26.921540877999917],[-69.87641812699991,-26.916127994999954],[-69.88153400599992,-26.90869763799992],[-69.8802732179999,-26.90495103199993],[-69.87575284699994,-26.901749182999936],[-69.87506142599995,-26.899931443999947],[-69.8752434829999,-26.891593163999914],[-69.87335634699991,-26.88641482199995],[-69.86697465599991,-26.881236488999946],[-69.8639510619999,-26.880371597999954],[-69.8593446989999,-26.88189044199993],[-69.85663190299994,-26.881409995999945],[-69.82534046199993,-26.862685594999903],[-69.80579847299992,-26.858905759999914],[-69.79565471599994,-26.852061470999956],[-69.7850675709999,-26.852148248999924],[-69.77434431499995,-26.850330095999936],[-69.76818969899995,-26.85047408999992],[-69.7634685829999,-26.853260364999926],[-69.75779887199991,-26.852297007999937],[-69.75485894099995,-26.83596929899994],[-69.7497957999999,-26.833511574999932],[-69.74681901499991,-26.83007641499995],[-69.74406008299991,-26.82227809299991],[-69.73874589999991,-26.818937843999947],[-69.73700678999995,-26.816462250999905],[-69.7366061699999,-26.81160544599993],[-69.73994461399991,-26.804520554999954],[-69.73750354299995,-26.798128379999923],[-69.73479071199995,-26.79725904399993],[-69.73165822599992,-26.798103486999935],[-69.72155883999994,-26.806437537999955],[-69.70975405999991,-26.807960403999914],[-69.6904525189999,-26.821417882999924],[-69.65618895299991,-26.83466687899994],[-69.6543609599999,-26.837877816999935],[-69.65387140899992,-26.849088732999917],[-69.6557481179999,-26.854297851999945],[-69.65508720399993,-26.85711687999992],[-69.65695437799991,-26.860641966999935],[-69.65550078899992,-26.864789828999903],[-69.6586149179999,-26.870987018999926],[-69.65869536199995,-26.87424431799991],[-69.65589286399995,-26.879392321999944],[-69.65548368399993,-26.883176428999946],[-69.64151720299992,-26.885117829999956],[-69.63764949299991,-26.88717828399996],[-69.62616527599994,-26.881570122999904],[-69.6226532259999,-26.88114392199992],[-69.6196160149999,-26.877457868999954],[-69.61826176799991,-26.877519014999905],[-69.61219812999991,-26.88345341899992],[-69.61308012399991,-26.88714899599995],[-69.6011123099999,-26.89465444399991],[-69.59267111499992,-26.893779061999908],[-69.58705511199992,-26.891428263999956],[-69.58232094599992,-26.892883450999932],[-69.58005549299992,-26.89543266499993],[-69.57233678099993,-26.891267798999934],[-69.56762178899993,-26.88427449099993],[-69.5653904529999,-26.868961187999957],[-69.56782635799993,-26.863595534999945],[-69.56851420099991,-26.853405520999956],[-69.56789597399995,-26.840542787999937],[-69.56578307599995,-26.83649290799991],[-69.56674696699992,-26.83229266199993],[-69.54936331399995,-26.813891536999904],[-69.54712175199995,-26.80843384499991],[-69.5473518519999,-26.805092387999935],[-69.54397170599992,-26.793068322999943],[-69.5382408449999,-26.791185259999907],[-69.5352041239999,-26.786503394999954],[-69.53208476999993,-26.777238820999912],[-69.52781034899994,-26.770822106999958],[-69.52047662799993,-26.767867547999913],[-69.51824013999993,-26.763016698999934],[-69.51939175099994,-26.759257764999916],[-69.51695000599995,-26.757520016999933],[-69.51185362399991,-26.748324684999943],[-69.5134692119999,-26.744803658999956],[-69.51179723099995,-26.735728801999926],[-69.5075333719999,-26.73061779899996],[-69.50460565499992,-26.723268298999926],[-69.50010305899991,-26.71932963899991],[-69.49504009099991,-26.717736257999945],[-69.48969628099991,-26.70764857499995],[-69.4853690619999,-26.706345231999933],[-69.47032369399994,-26.706066328999952],[-69.46283155099991,-26.708434436999937],[-69.44601895799991,-26.704606867999928],[-69.44317191199991,-26.706373397999926],[-69.4424547509999,-26.710696432999953],[-69.44131597499995,-26.71143231399992],[-69.43526171499991,-26.70617817199991],[-69.43098597699992,-26.707546045999948],[-69.42397129999995,-26.70698129999994],[-69.41156582399992,-26.703868746999945],[-69.4097654279999,-26.702043102999937],[-69.40810937799995,-26.69494415999992],[-69.40492289999992,-26.69304919399991],[-69.39921396099993,-26.692552718999934],[-69.39488249699991,-26.689562224999918],[-69.3904053999999,-26.679651342999932],[-69.3863147749999,-26.67534169299995],[-69.38800559499992,-26.669112149999933],[-69.36422741099994,-26.66386557699991],[-69.35633546499992,-26.668572609999956],[-69.34387637099991,-26.672777690999908],[-69.3383269549999,-26.670667205999905],[-69.32858890299991,-26.67175196599993],[-69.3115293109999,-26.663441613999908],[-69.30785937499991,-26.662717263999923],[-69.29564607999993,-26.667869647999908],[-69.28716846299994,-26.66781379799994],[-69.28265897999995,-26.673718256999905],[-69.2798101379999,-26.675481538999918],[-69.27605760499995,-26.674390357999926],[-69.27352458999991,-26.671905264999907],[-69.26138092199994,-26.672953415999928],[-69.26189612499991,-26.684377129999916],[-69.25929120599994,-26.70411870399994],[-69.26011708699991,-26.70873097799995],[-69.25724938399992,-26.72078330399995],[-69.24970328299992,-26.738299837999932],[-69.24147256599991,-26.741756107999947],[-69.23258335199995,-26.74253992699994],[-69.2267693899999,-26.74139590099992],[-69.22024787499993,-26.743383509999944],[-69.20973764999991,-26.750280560999954],[-69.2057482909999,-26.754979875999936],[-69.2048922379999,-26.757797214999925],[-69.20393407499995,-26.77234842599995],[-69.19675060799995,-26.780475553999906],[-69.19534601899994,-26.786551414999906],[-69.1900505989999,-26.783963397999912],[-69.18431950099995,-26.778117918999953],[-69.17939643699992,-26.777185539999948],[-69.17429061899992,-26.777385169999945],[-69.15910513999995,-26.784470877999922],[-69.13923738299991,-26.78802572199993],[-69.13671414799995,-26.78744839299992],[-69.12390326299993,-26.774870569999905],[-69.11190651099992,-26.774190332999922],[-69.10267617999995,-26.77127078399991],[-69.09314302799993,-26.773596513999905],[-69.05586411999991,-26.775327858999958],[-69.05026728199994,-26.778422144999922],[-69.03950173499993,-26.779916432999926],[-69.0250451519999,-26.783978222999906],[-69.0248003769999,-26.790052201999913],[-69.02880223799991,-26.800459944999943],[-69.01538813999991,-26.799965079999936],[-69.00732761199993,-26.80250573299992],[-69.00425107399991,-26.80603977699991],[-69.00406661099993,-26.809960218999947],[-68.98374851799991,-26.814284823999913],[-68.9715134679999,-26.82128833699994],[-68.96732840299995,-26.822404858999903],[-68.95722759199992,-26.823796843999958],[-68.94502333699995,-26.822435791999908],[-68.93394456599992,-26.81836215499993],[-68.92439102999992,-26.81302740399991],[-68.91882903899995,-26.811718699999915],[-68.9163900929999,-26.81329509299991],[-68.91296961699993,-26.82123654399993],[-68.89752230399995,-26.825687719999905],[-68.88967171999991,-26.82691155899994],[-68.88163538399994,-26.825679516999912],[-68.87294526799991,-26.828385725999908],[-68.87045023999991,-26.828067356999952],[-68.86699415699991,-26.823857218999933],[-68.8637265879999,-26.82247478499994],[-68.85409877799992,-26.823996718999922],[-68.85350391199995,-26.825364908999916],[-68.85629977899993,-26.829291019999914],[-68.85649999999993,-26.83248999999995],[-68.85269999999991,-26.83779999999996],[-68.85165982899991,-26.84208062299996],[-68.85255212699991,-26.848683626999957],[-68.85686826299991,-26.85972136999993],[-68.85440358099993,-26.861375360999943],[-68.8496007789999,-26.861922500999924],[-68.8420927379999,-26.859816071999944],[-68.83581064099991,-26.861575858999913],[-68.83482656599995,-26.86091210999996],[-68.8331231539999,-26.849705738999944],[-68.83453135299993,-26.844750966999925],[-68.83411410899993,-26.840578526999934],[-68.83035891199995,-26.836666863999938],[-68.8287999989999,-26.82866999999993],[-68.82013999999992,-26.81702999999993],[-68.81988883999992,-26.80777503999991],[-68.81033119999995,-26.79770670599993],[-68.80554999999993,-26.783639999999934],[-68.80854999999991,-26.782389999999907],[-68.8061587599999,-26.777574682999955],[-68.8076999999999,-26.771499999999946],[-68.80621091699993,-26.768343159999915],[-68.80078674499993,-26.766100473999927],[-68.79791819199994,-26.765891851999925],[-68.7888299999999,-26.768799999999942],[-68.78357542999993,-26.774184575999925],[-68.77309217499993,-26.779713058999903],[-68.7459713149999,-26.78185143399992],[-68.73673978999994,-26.787640694999936],[-68.73293243899991,-26.79202175699993],[-68.73574999899995,-26.803279999999916],[-68.71055772999995,-26.798228260999906],[-68.69956855499993,-26.791116158999955],[-68.69268623199991,-26.787898799999937],[-68.68887125499992,-26.788056120999954],[-68.6846820849999,-26.790034671999933],[-68.67386170299994,-26.790885404999926],[-68.66172645299991,-26.799023160999923],[-68.65901386799993,-26.80530493899994],[-68.65665820099991,-26.80716091799991],[-68.6456650909999,-26.812514704999955],[-68.64284999999995,-26.812499999999943],[-68.64013218999992,-26.810797289999925],[-68.6311663809999,-26.802231229999904],[-68.6203714209999,-26.80743455599992],[-68.61763504099991,-26.806899176999934],[-68.6153269639999,-26.798951777999946],[-68.61865041599992,-26.792794287999925],[-68.61380012299992,-26.79132120299994],[-68.60152040799994,-26.783916924999914],[-68.60152966299995,-26.781266540999923],[-68.59649668299994,-26.769963160999907],[-68.59375554299993,-26.768192841999905],[-68.5915283679999,-26.76448088299992],[-68.58804483699993,-26.76356716999993],[-68.58044959799992,-26.764423775999944],[-68.5760523539999,-26.76910655499995],[-68.57472999999993,-26.774039999999957],[-68.55595066599994,-26.78423992699993],[-68.54955467499991,-26.785039425999912],[-68.54595999999992,-26.78251999999992],[-68.5433300059999,-26.782298286999946],[-68.52939333099994,-26.785447087999955],[-68.5215442619999,-26.791099913999915],[-68.51401579999992,-26.798897009999905],[-68.50830509299993,-26.801181292999956],[-68.50603999999993,-26.80770999999993],[-68.50268956499991,-26.80953320099991],[-68.47351737199995,-26.806535079999946],[-68.4677471789999,-26.807308404999958],[-68.46514999999994,-26.80928999999992],[-68.4615605809999,-26.809866325999906],[-68.45245999999992,-26.80257999999992],[-68.44532551899994,-26.801678599999946],[-68.43236370199992,-26.802582917999928],[-68.42518999999993,-26.79490999999996],[-68.40978801999995,-26.796405266999955],[-68.3976199999999,-26.79475999999994],[-68.3847140229999,-26.79961230799995],[-68.36945801899992,-26.799507503999905],[-68.36690701799995,-26.796761313999923],[-68.43732777799994,-26.70206111099992],[-68.58768943799993,-26.492085983999914],[-68.56553055599994,-26.31878611099995],[-68.55744096399991,-26.28649999499993],[-68.51521666699995,-26.25953611099993],[-68.38106511899991,-26.177901455999915],[-68.40421111099994,-26.06587222199994],[-68.4198277779999,-25.976549999999918],[-68.44026944399991,-25.892797221999956],[-68.47851562499994,-25.705993651999904],[-68.47680664099994,-25.70251464799992],[-68.4796752929999,-25.698974608999947],[-68.48400878899992,-25.699523925999927],[-68.4918823239999,-25.686096190999933],[-68.4918823239999,-25.681579589999956],[-68.49468994099993,-25.678405761999954],[-68.4982299799999,-25.678894042999957],[-68.49987792899992,-25.672790526999904],[-68.50622558599991,-25.670593261999954],[-68.51147460999994,-25.672180175999927],[-68.51489257899993,-25.66552734399994],[-68.51611328099995,-25.659729003999928],[-68.52209472599992,-25.650695800999927],[-68.5241088869999,-25.643798827999944],[-68.5394897459999,-25.640075682999907],[-68.54467773399995,-25.633789062999938],[-68.54620361299993,-25.629394530999946],[-68.54522705099993,-25.617309570999907],[-68.5390014649999,-25.61279296899994],[-68.53857421899994,-25.611083983999947],[-68.54089355399992,-25.605590820999907],[-68.54162597699991,-25.598876952999944],[-68.5407104489999,-25.596801757999913],[-68.53338623099995,-25.58868408199993],[-68.53198242099995,-25.581298827999944],[-68.52929687499994,-25.579284667999957],[-68.51489257899993,-25.574584960999914],[-68.52551269499992,-25.56701660099992],[-68.52551269499992,-25.557678222999925],[-68.53790283199993,-25.55371093699995],[-68.54321289099994,-25.548583983999947],[-68.53961181599993,-25.547424316999923],[-68.5372924799999,-25.54302978499993],[-68.5433959959999,-25.535278319999918],[-68.54357910199991,-25.530395507999913],[-68.54791259799993,-25.526916503999928],[-68.54760742199994,-25.525512695999907],[-68.5429077149999,-25.523193358999947],[-68.5386962899999,-25.509094237999932],[-68.54107665999993,-25.507019042999957],[-68.54321289099994,-25.50860595699993],[-68.54498290999993,-25.508483886999954],[-68.54687499999994,-25.506408690999933],[-68.5512084959999,-25.50677490299995],[-68.55419921799995,-25.504211425999927],[-68.56237792999991,-25.505798339999956],[-68.56652831999992,-25.499694823999903],[-68.5726928709999,-25.494506835999914],[-68.57330322299993,-25.490417479999905],[-68.57019042999991,-25.481018065999933],[-68.57757568399995,-25.477478026999904],[-68.5753784179999,-25.473510741999917],[-68.57598876999992,-25.468505858999947],[-68.58081054699994,-25.463989257999913],[-68.5805053709999,-25.460388182999907],[-68.58227539099994,-25.45440673899992],[-68.58850097599992,-25.45019531199995],[-68.5888061519999,-25.447998045999952],[-68.58697509799993,-25.443908691999923],[-68.5844116209999,-25.44219970699993],[-68.58758544999995,-25.438903808999953],[-68.58648681599993,-25.427612303999922],[-68.59039306599993,-25.41448974599996],[-68.58599853599992,-25.41400146399991],[-68.5778198239999,-25.41931152299992],[-68.57049560599995,-25.417724608999947],[-68.57092285199991,-25.41448974599996],[-68.5665893549999,-25.409729003999928],[-68.56329345699993,-25.407287596999936],[-68.55682373099995,-25.40649414099994],[-68.55468749999994,-25.401794433999953],[-68.54931640599995,-25.399291991999917],[-68.54827880899995,-25.39471435599995],[-68.55181884799993,-25.39349365299995],[-68.54309081999992,-25.383300781999935],[-68.53460693399995,-25.378112792999957],[-68.52917480499991,-25.381713867999906],[-68.52429199199992,-25.378906249999943],[-68.5233764649999,-25.377075194999918],[-68.52301025399993,-25.37487792999991],[-68.52838134799993,-25.37011718699995],[-68.52508544999995,-25.366882323999903],[-68.52490234399994,-25.364929198999903],[-68.52691650299994,-25.36279296899994],[-68.52447509799993,-25.359680175999927],[-68.52722167899992,-25.35198974599996],[-68.52532958899991,-25.349182128999928],[-68.52081298799993,-25.34790038999995],[-68.51928710899995,-25.343688964999956],[-68.51892089799992,-25.339782714999956],[-68.52178954999994,-25.336791991999917],[-68.52050781199995,-25.335205077999944],[-68.52209472599992,-25.33221435599995],[-68.52130126999992,-25.32958984299995],[-68.52508544999995,-25.32678222699991],[-68.53021240299995,-25.320129394999924],[-68.53179931699992,-25.319274901999904],[-68.5358276369999,-25.320983885999908],[-68.54400634699994,-25.31378173899992],[-68.5438842769999,-25.306091307999907],[-68.54555456499992,-25.298677734999956],[-68.55230786099992,-25.30147390299993],[-68.55743434199991,-25.301547430999904]]]}}]}