{"type":"FeatureCollection","features":[{"type":"Feature","properties":{"nombre":"Avenida José Manuel Balmaceda","jerarquia":2},"geometry":{"type":"LineString","coordinates":[[-70.40224,-23.64764],[-70.40178,-23.64726]]}},{"type":"Feature","properties":{"nombre":"Avenida José Manuel Balmaceda","jerarquia":2},"geometry":{"type":"LineString","coordinates":[[-70.40178,-23.64726],[-70.40131,-23.6469]]}},{"type":"Feature","properties":{"nombre":"Avenida José Manuel Balmaceda","jerarquia":2},"geometry":{"type":"LineString","coordinates":[[-70.40131,-23.6469],[-70.4009,-23.64657]]}},{"type":"Feature","properties":{"nombre":"Avenida José Manuel Balmaceda","jerarquia":2},"geometry":{"type":"LineString","coordinates":[[-70.4009,-23.64657],[-70.40044,-23.6462]]}},{"type":"Feature","properties":{"nombre":"Avenida José Manuel Balmaceda","jerarquia":2},"geometry":{"type":"LineString","coordinates":[[-70.40044,-23.6462],[-70.39958,-23.64551]]}},{"type":"Feature","properties":{"nombre":"Avenida José Manuel Balmaceda","jerarquia":2},"geometry":{"type":"LineString","coordinates":[[-70.39958,-23.64551],[-70.39879,-23.64488]]}},{"type":"Feature","properties":{"nombre":"Avenida José Manuel Balmaceda","jerarquia":2},"geometry":{"type":"LineString","coordinates":[[-70.39879,-23.64488],[-70.39868,-23.64479]]}},{"type":"Feature","properties":{"nombre":"Avenida José Manuel Balmaceda","jerarquia":2},"geometry":{"type":"LineString","coordinates":[[-70.39868,-23.64479],[-70.39775,-23.64417]]}},{"type":"Feature","properties":{"nombre":"Avenida Grecia","jerarquia":2},"geometry":{"type":"LineString","coordinates":[[-70.40259,-23.64772],[-70.40268,-23.64799],[-70.40273,-23.64828],[-70.40281,-23.65014]]}},{"type":"Feature","properties":{"nombre":"Avenida Grecia","jerarquia":2},"geometry":{"type":"LineString","coordinates":[[-70.40281,-23.65014],[-70.40281,-23.65062],[-70.40261,-23.65128],[-70.40263,-23.65194]]}},{"type":"Feature","properties":{"nombre":"Avenida Séptimo de Linea","jerarquia":2},"geometry":{"type":"LineString","coordinates":[[-70.39625,-23.64018],[-70.39661,-23.64138]]}},{"type":"Feature","properties":{"nombre":"Avenida Séptimo de Linea","jerarquia":2},"geometry":{"type":"LineString","coordinates":[[-70.39661,-23.64138],[-70.39677,-23.64187]]}},{"type":"Feature","properties":{"nombre":"Avenida Séptimo de Linea","jerarquia":2},"geometry":{"type":"LineString","coordinates":[[-70.39775,-23.64417],[-70.39691,-23.64304]]}},{"type":"Feature","properties":{"nombre":"Avenida Séptimo de Linea","jerarquia":2},"geometry":{"type":"LineString","coordinates":[[-70.39691,-23.64304],[-70.39676,-23.64271],[-70.3966,-23.64182]]}},{"type":"Feature","properties":{"nombre":"Avenida Séptimo de Linea","jerarquia":2},"geometry":{"type":"LineString","coordinates":[[-70.3966,-23.64182],[-70.39643,-23.64128]]}},{"type":"Feature","properties":{"nombre":"Avenida Séptimo de Linea","jerarquia":2},"geometry":{"type":"LineString","coordinates":[[-70.39643,-23.64128],[-70.3961,-23.64018]]}},{"type":"Feature","properties":{"nombre":"Avenida Séptimo de Linea","jerarquia":2},"geometry":{"type":"LineString","coordinates":[[-70.3961,-23.64018],[-70.39582,-23.63932]]}},{"type":"Feature","properties":{"nombre":"Avenida Séptimo de Linea","jerarquia":2},"geometry":{"type":"LineString","coordinates":[[-70.39582,-23.63932],[-70.39577,-23.63917]]}},{"type":"Feature","properties":{"nombre":"Avenida Séptimo de Linea","jerarquia":2},"geometry":{"type":"LineString","coordinates":[[-70.39577,-23.63917],[-70.39567,-23.63877],[-70.39561,-23.6382]]}},{"type":"Feature","properties":{"nombre":"Avenida Séptimo de Linea","jerarquia":2},"geometry":{"type":"LineString","coordinates":[[-70.39561,-23.6382],[-70.39561,-23.63801]]}},{"type":"Feature","properties":{"nombre":"Avenida Ejército","jerarquia":2},"geometry":{"type":"LineString","coordinates":[[-70.42182,-23.69606],[-70.42189,-23.69652]]}},{"type":"Feature","properties":{"nombre":"Ruta B-472","jerarquia":5},"geometry":{"type":"LineString","coordinates":[[-70.3034,-23.69602],[-70.30448,-23.69598],[-70.30609,-23.69576],[-70.30713,-23.69546],[-70.30767,-23.69537],[-70.30811,-23.69538],[-70.30855,-23.69546],[-70.30956,-23.69582],[-70.31048,-23.69596],[-70.31204,-23.69599],[-70.31366,-23.69614],[-70.31423,-23.69609],[-70.31603,-23.69577],[-70.31668,-23.69578],[-70.31832,-23.69621],[-70.31974,-23.69626],[-70.32088,-23.69644],[-70.32263,-23.69703],[-70.32315,-23.6973],[-70.32477,-23.69861],[-70.32647,-23.69951],[-70.32677,-23.69962],[-70.32866,-23.69976],[-70.329,-23.69987],[-70.32978,-23.70029],[-70.33042,-23.70045],[-70.3309,-23.70063],[-70.3313,-23.70098],[-70.33169,-23.70235],[-70.33215,-23.70362],[-70.33323,-23.70469],[-70.33388,-23.70547],[-70.33408,-23.70555],[-70.33551,-23.70506],[-70.33587,-23.70512],[-70.33622,-23.70512],[-70.33701,-23.70472],[-70.33791,-23.70414],[-70.33841,-23.70388],[-70.33863,-23.70371],[-70.33932,-23.70279],[-70.33957,-23.70256],[-70.33988,-23.70207],[-70.34027,-23.70186],[-70.34073,-23.70143],[-70.34099,-23.70126],[-70.34144,-23.70115],[-70.342,-23.70113],[-70.34313,-23.70091],[-70.34399,-23.70066],[-70.34446,-23.70045],[-70.34502,-23.70006],[-70.34564,-23.69961],[-70.34816,-23.69743],[-70.34946,-23.69601],[-70.34981,-23.69553],[-70.35024,-23.69483],[-70.35093,-23.69397],[-70.35171,-23.69327],[-70.35338,-23.69194],[-70.35516,-23.6908]]}},{"type":"Feature","properties":{"nombre":"Ruta B-472","jerarquia":5},"geometry":{"type":"LineString","coordinates":[[-70.35516,-23.6908],[-70.35667,-23.68986],[-70.35698,-23.68961],[-70.35734,-23.68921],[-70.36061,-23.68503],[-70.36189,-23.68319],[-70.36247,-23.68213],[-70.36259,-23.68177],[-70.36267,-23.6812],[-70.3635,-23.67901],[-70.36365,-23.67876],[-70.365,-23.67797],[-70.366,-23.6771],[-70.36696,-23.67656],[-70.36753,-23.67614],[-70.36808,-23.67562],[-70.37022,-23.67317],[-70.37041,-23.67281],[-70.37048,-23.67205],[-70.37064,-23.67169],[-70.37162,-23.67066],[-70.37197,-23.67014],[-70.37222,-23.6696],[-70.37246,-23.66862],[-70.37249,-23.66812],[-70.37241,-23.66723],[-70.37216,-23.66611],[-70.37169,-23.66477],[-70.37109,-23.66221],[-70.37102,-23.66185],[-70.37099,-23.6611],[-70.37093,-23.661],[-70.37079,-23.66094],[-70.37047,-23.66106]]}},{"type":"Feature","properties":{"nombre":"Ruta B-510","jerarquia":5},"geometry":{"type":"LineString","coordinates":[[-70.31424,-23.83396],[-70.31827,-23.83406],[-70.31902,-23.83418],[-70.32006,-23.83448],[-70.32127,-23.835],[-70.32821,-23.83883]]}},{"type":"Feature","properties":{"nombre":"Ruta B-510","jerarquia":5},"geometry":{"type":"LineString","coordinates":[[-70.32821,-23.83883],[-70.3318,-23.84079],[-70.33265,-23.84115],[-70.33512,-23.84196],[-70.33585,-23.84206],[-70.33813,-23.84201],[-70.33889,-23.84186],[-70.34023,-23.84145],[-70.3409,-23.84137],[-70.3417,-23.84144],[-70.34309,-23.84184],[-70.34424,-23.84233],[-70.35081,-23.84599],[-70.35177,-23.84638],[-70.3526,-23.84655],[-70.35975,-23.84694],[-70.36102,-23.84692],[-70.36223,-23.84677],[-70.3699,-23.84536],[-70.37171,-23.84524],[-70.37349,-23.84493],[-70.37403,-23.84476],[-70.37463,-23.84449],[-70.37549,-23.84396],[-70.37592,-23.84357],[-70.37618,-23.84312],[-70.37623,-23.84101],[-70.37608,-23.84061],[-70.37612,-23.83971],[-70.37608,-23.83952],[-70.37584,-23.83925],[-70.37584,-23.83908],[-70.37589,-23.83892],[-70.37618,-23.83853],[-70.37619,-23.8384],[-70.37592,-23.83791],[-70.37592,-23.83744],[-70.37569,-23.83722],[-70.37566,-23.83714],[-70.37574,-23.83689],[-70.37575,-23.83656],[-70.37585,-23.83642],[-70.37599,-23.83634],[-70.37629,-23.8363],[-70.37773,-23.83583],[-70.3782,-23.83572],[-70.37897,-23.83565],[-70.37919,-23.83554],[-70.37983,-23.83466],[-70.37982,-23.83448],[-70.37974,-23.83434],[-70.37939,-23.83417],[-70.37929,-23.83406],[-70.37931,-23.83387],[-70.37966,-23.83344],[-70.37966,-23.83329],[-70.37958,-23.83308],[-70.37945,-23.83294],[-70.37902,-23.83275],[-70.37861,-23.83263],[-70.37786,-23.83223],[-70.37756,-23.83192],[-70.37725,-23.8312],[-70.37683,-23.8307],[-70.3767,-23.83047],[-70.37645,-23.82963],[-70.37623,-23.82907],[-70.37604,-23.82876],[-70.37553,-23.82815],[-70.37539,-23.82788],[-70.37535,-23.82765],[-70.37536,-23.82745],[-70.37591,-23.82585],[-70.37592,-23.82497],[-70.37619,-23.82288],[-70.37639,-23.8224],[-70.3766,-23.8221],[-70.37691,-23.82146],[-70.37714,-23.8212],[-70.37737,-23.82096],[-70.37859,-23.81994],[-70.37886,-23.8195],[-70.37885,-23.81928],[-70.3789,-23.81919],[-70.37909,-23.81905],[-70.37956,-23.8189]]}},{"type":"Feature","properties":{"nombre":"Ruta Minera","jerarquia":2},"geometry":{"type":"LineString","coordinates":[[-70.31615,-23.77578],[-70.31599,-23.77583]]}},{"type":"Feature","properties":{"nombre":"","jerarquia":5},"geometry":{"type":"LineString","coordinates":[[-70.41853,-23.49801],[-70.41945,-23.49795],[-70.42021,-23.49775]]}},{"type":"Feature","properties":{"nombre":"Ruta 28","jerarquia":2},"geometry":{"type":"LineString","coordinates":[[-70.34754,-23.75721],[-70.34943,-23.75655],[-70.35041,-23.7561],[-70.35124,-23.75564],[-70.35168,-23.75522],[-70.35193,-23.75483],[-70.35208,-23.75441],[-70.35256,-23.75188],[-70.35278,-23.75131],[-70.35307,-23.7508],[-70.35334,-23.75042],[-70.35496,-23.74852],[-70.3554,-23.74808],[-70.35617,-23.74745],[-70.35783,-23.7464],[-70.35827,-23.74595],[-70.35866,-23.74527],[-70.35946,-23.74305]]}},{"type":"Feature","properties":{"nombre":"Paraguay","jerarquia":5},"geometry":{"type":"LineString","coordinates":[[-70.38689,-23.63111],[-70.38572,-23.63105]]}},{"type":"Feature","properties":{"nombre":"Paraguay","jerarquia":5},"geometry":{"type":"LineString","coordinates":[[-70.38572,-23.63105],[-70.38456,-23.63099]]}},{"type":"Feature","properties":{"nombre":"Paraguay","jerarquia":5},"geometry":{"type":"LineString","coordinates":[[-70.38456,-23.63099],[-70.38339,-23.63093]]}},{"type":"Feature","properties":{"nombre":"Paraguay","jerarquia":5},"geometry":{"type":"LineString","coordinates":[[-70.38339,-23.63093],[-70.38279,-23.6309]]}},{"type":"Feature","properties":{"nombre":"Paraguay","jerarquia":5},"geometry":{"type":"LineString","coordinates":[[-70.38279,-23.6309],[-70.38273,-23.63089]]}},{"type":"Feature","properties":{"nombre":"Paraguay","jerarquia":5},"geometry":{"type":"LineString","coordinates":[[-70.38273,-23.63089],[-70.38218,-23.63086]]}},{"type":"Feature","properties":{"nombre":"Paraguay","jerarquia":5},"geometry":{"type":"LineString","coordinates":[[-70.38218,-23.63086],[-70.38131,-23.63082]]}},{"type":"Feature","properties":{"nombre":"Almirante Latorre","jerarquia":5},"geometry":{"type":"LineString","coordinates":[[-70.38979,-23.642],[-70.39005,-23.6422]]}},{"type":"Feature","properties":{"nombre":"Almirante Latorre","jerarquia":5},"geometry":{"type":"LineString","coordinates":[[-70.39005,-23.6422],[-70.39088,-23.64287]]}},{"type":"Feature","properties":{"nombre":"Almirante Latorre","jerarquia":5},"geometry":{"type":"LineString","coordinates":[[-70.39088,-23.64287],[-70.39175,-23.64357]]}},{"type":"Feature","properties":{"nombre":"Almirante Latorre","jerarquia":5},"geometry":{"type":"LineString","coordinates":[[-70.39175,-23.64357],[-70.39244,-23.64412]]}},{"type":"Feature","properties":{"nombre":"Almirante Latorre","jerarquia":5},"geometry":{"type":"LineString","coordinates":[[-70.39244,-23.64412],[-70.3926,-23.64425]]}},{"type":"Feature","properties":{"nombre":"Domingo Faustino Sarmiento","jerarquia":4},"geometry":{"type":"LineString","coordinates":[[-70.38192,-23.62566],[-70.38189,-23.62573]]}},{"type":"Feature","properties":{"nombre":"Domingo Faustino Sarmiento","jerarquia":4},"geometry":{"type":"LineString","coordinates":[[-70.38189,-23.62573],[-70.38184,-23.62586]]}},{"type":"Feature","properties":{"nombre":"Domingo Faustino Sarmiento","jerarquia":4},"geometry":{"type":"LineString","coordinates":[[-70.38184,-23.62586],[-70.38175,-23.62614]]}},{"type":"Feature","properties":{"nombre":"Domingo Faustino Sarmiento","jerarquia":4},"geometry":{"type":"LineString","coordinates":[[-70.38175,-23.62614],[-70.38172,-23.62625]]}},{"type":"Feature","properties":{"nombre":"Domingo Faustino Sarmiento","jerarquia":4},"geometry":{"type":"LineString","coordinates":[[-70.38172,-23.62625],[-70.38164,-23.62647]]}},{"type":"Feature","properties":{"nombre":"Domingo Faustino Sarmiento","jerarquia":4},"geometry":{"type":"LineString","coordinates":[[-70.38164,-23.62647],[-70.38158,-23.62666]]}},{"type":"Feature","properties":{"nombre":"Domingo Faustino Sarmiento","jerarquia":4},"geometry":{"type":"LineString","coordinates":[[-70.38158,-23.62666],[-70.38153,-23.62682]]}},{"type":"Feature","properties":{"nombre":"Domingo Faustino Sarmiento","jerarquia":4},"geometry":{"type":"LineString","coordinates":[[-70.38153,-23.62682],[-70.3815,-23.6269]]}},{"type":"Feature","properties":{"nombre":"Domingo Faustino Sarmiento","jerarquia":4},"geometry":{"type":"LineString","coordinates":[[-70.3815,-23.6269],[-70.38143,-23.62713]]}},{"type":"Feature","properties":{"nombre":"Domingo Faustino Sarmiento","jerarquia":4},"geometry":{"type":"LineString","coordinates":[[-70.38143,-23.62713],[-70.38135,-23.62737]]}},{"type":"Feature","properties":{"nombre":"Domingo Faustino Sarmiento","jerarquia":4},"geometry":{"type":"LineString","coordinates":[[-70.38135,-23.62737],[-70.38131,-23.62748]]}},{"type":"Feature","properties":{"nombre":"Domingo Faustino Sarmiento","jerarquia":4},"geometry":{"type":"LineString","coordinates":[[-70.38131,-23.62748],[-70.38133,-23.62791]]}},{"type":"Feature","properties":{"nombre":"Domingo Faustino Sarmiento","jerarquia":4},"geometry":{"type":"LineString","coordinates":[[-70.38133,-23.62791],[-70.38136,-23.62852]]}},{"type":"Feature","properties":{"nombre":"Domingo Faustino Sarmiento","jerarquia":4},"geometry":{"type":"LineString","coordinates":[[-70.38136,-23.62852],[-70.38136,-23.62861]]}},{"type":"Feature","properties":{"nombre":"Copiapó","jerarquia":4},"geometry":{"type":"LineString","coordinates":[[-70.40252,-23.65214],[-70.40234,-23.65232]]}},{"type":"Feature","properties":{"nombre":"Copiapó","jerarquia":4},"geometry":{"type":"LineString","coordinates":[[-70.40234,-23.65232],[-70.40178,-23.65295]]}},{"type":"Feature","properties":{"nombre":"Copiapó","jerarquia":4},"geometry":{"type":"LineString","coordinates":[[-70.40178,-23.65295],[-70.40101,-23.65377]]}},{"type":"Feature","properties":{"nombre":"Salar de Pajonales","jerarquia":4},"geometry":{"type":"LineString","coordinates":[[-70.38105,-23.63079],[-70.38087,-23.63086]]}},{"type":"Feature","properties":{"nombre":"Salar de Pajonales","jerarquia":4},"geometry":{"type":"LineString","coordinates":[[-70.38087,-23.63086],[-70.38051,-23.63098]]}},{"type":"Feature","properties":{"nombre":"Salar de Pajonales","jerarquia":4},"geometry":{"type":"LineString","coordinates":[[-70.38051,-23.63098],[-70.38017,-23.63118]]}},{"type":"Feature","properties":{"nombre":"Salar de Pajonales","jerarquia":4},"geometry":{"type":"LineString","coordinates":[[-70.38017,-23.63118],[-70.37985,-23.63141]]}},{"type":"Feature","properties":{"nombre":"Salar de Pajonales","jerarquia":4},"geometry":{"type":"LineString","coordinates":[[-70.37985,-23.63141],[-70.37975,-23.63146]]}},{"type":"Feature","properties":{"nombre":"Salar de Pajonales","jerarquia":4},"geometry":{"type":"LineString","coordinates":[[-70.37975,-23.63146],[-70.37948,-23.6317],[-70.37941,-23.63196]]}},{"type":"Feature","properties":{"nombre":"Salar de Pajonales","jerarquia":4},"geometry":{"type":"LineString","coordinates":[[-70.37941,-23.63196],[-70.3794,-23.63234]]}},{"type":"Feature","properties":{"nombre":"Salar de Pajonales","jerarquia":4},"geometry":{"type":"LineString","coordinates":[[-70.3794,-23.63234],[-70.37939,-23.63284]]}},{"type":"Feature","properties":{"nombre":"Salar de Pajonales","jerarquia":4},"geometry":{"type":"LineString","coordinates":[[-70.37939,-23.63284],[-70.37917,-23.63332]]}},{"type":"Feature","properties":{"nombre":"Iquique","jerarquia":3},"geometry":{"type":"LineString","coordinates":[[-70.39362,-23.64296],[-70.39362,-23.64286]]}},{"type":"Feature","properties":{"nombre":"Iquique","jerarquia":3},"geometry":{"type":"LineString","coordinates":[[-70.39235,-23.62247],[-70.39255,-23.6227]]}},{"type":"Feature","properties":{"nombre":"Avenida Sargento Aldea","jerarquia":3},"geometry":{"type":"LineString","coordinates":[[-70.39003,-23.62122],[-70.39023,-23.62147]]}},{"type":"Feature","properties":{"nombre":"Avenida Sargento Aldea","jerarquia":3},"geometry":{"type":"LineString","coordinates":[[-70.39023,-23.62147],[-70.39034,-23.62154]]}},{"type":"Feature","properties":{"nombre":"Calama","jerarquia":5},"geometry":{"type":"LineString","coordinates":[[-70.39118,-23.62737],[-70.39138,-23.62738]]}},{"type":"Feature","properties":{"nombre":"Calama","jerarquia":5},"geometry":{"type":"LineString","coordinates":[[-70.39138,-23.62738],[-70.39172,-23.6274]]}},{"type":"Feature","properties":{"nombre":"Calama","jerarquia":5},"geometry":{"type":"LineString","coordinates":[[-70.39172,-23.6274],[-70.39184,-23.6274]]}},{"type":"Feature","properties":{"nombre":"Calama","jerarquia":5},"geometry":{"type":"LineString","coordinates":[[-70.39184,-23.6274],[-70.39249,-23.62743]]}},{"type":"Feature","properties":{"nombre":"Calama","jerarquia":5},"geometry":{"type":"LineString","coordinates":[[-70.39249,-23.62743],[-70.393,-23.62745]]}},{"type":"Feature","properties":{"nombre":"Calama","jerarquia":5},"geometry":{"type":"LineString","coordinates":[[-70.393,-23.62745],[-70.3941,-23.6275]]}},{"type":"Feature","properties":{"nombre":"Calama","jerarquia":5},"geometry":{"type":"LineString","coordinates":[[-70.3941,-23.6275],[-70.3942,-23.6275]]}},{"type":"Feature","properties":{"nombre":"Calama","jerarquia":5},"geometry":{"type":"LineString","coordinates":[[-70.3942,-23.6275],[-70.39492,-23.62753]]}},{"type":"Feature","properties":{"nombre":"Calama","jerarquia":5},"geometry":{"type":"LineString","coordinates":[[-70.39492,-23.62753],[-70.39528,-23.62754]]}},{"type":"Feature","properties":{"nombre":"Calama","jerarquia":5},"geometry":{"type":"LineString","coordinates":[[-70.39528,-23.62754],[-70.39633,-23.62758]]}},{"type":"Feature","properties":{"nombre":"Ovalle","jerarquia":5},"geometry":{"type":"LineString","coordinates":[[-70.39153,-23.62551],[-70.39235,-23.62537]]}},{"type":"Feature","properties":{"nombre":"Ovalle","jerarquia":5},"geometry":{"type":"LineString","coordinates":[[-70.39235,-23.62537],[-70.39243,-23.62535]]}},{"type":"Feature","properties":{"nombre":"Ovalle","jerarquia":5},"geometry":{"type":"LineString","coordinates":[[-70.39243,-23.62535],[-70.39291,-23.62525]]}},{"type":"Feature","properties":{"nombre":"Ovalle","jerarquia":5},"geometry":{"type":"LineString","coordinates":[[-70.39291,-23.62525],[-70.39298,-23.62521]]}},{"type":"Feature","properties":{"nombre":"Avenida Pedro Aguirre Cerda","jerarquia":5},"geometry":{"type":"LineString","coordinates":[[-70.39014,-23.62202],[-70.39008,-23.62177]]}},{"type":"Feature","properties":{"nombre":"Avenida Pedro Aguirre Cerda","jerarquia":5},"geometry":{"type":"LineString","coordinates":[[-70.39008,-23.62177],[-70.39007,-23.62171]]}},{"type":"Feature","properties":{"nombre":"Avenida Argentina","jerarquia":3},"geometry":{"type":"LineString","coordinates":[[-70.39372,-23.64287],[-70.39362,-23.64296]]}},{"type":"Feature","properties":{"nombre":"Covadonga","jerarquia":5},"geometry":{"type":"LineString","coordinates":[[-70.38892,-23.64877],[-70.38932,-23.64834]]}},{"type":"Feature","properties":{"nombre":"Covadonga","jerarquia":5},"geometry":{"type":"LineString","coordinates":[[-70.38932,-23.64834],[-70.3895,-23.64814]]}},{"type":"Feature","properties":{"nombre":"Covadonga","jerarquia":5},"geometry":{"type":"LineString","coordinates":[[-70.3895,-23.64814],[-70.39012,-23.64749]]}},{"type":"Feature","properties":{"nombre":"Covadonga","jerarquia":5},"geometry":{"type":"LineString","coordinates":[[-70.39012,-23.64749],[-70.39018,-23.64743]]}},{"type":"Feature","properties":{"nombre":"Covadonga","jerarquia":5},"geometry":{"type":"LineString","coordinates":[[-70.39018,-23.64743],[-70.39069,-23.64689]]}},{"type":"Feature","properties":{"nombre":"Covadonga","jerarquia":5},"geometry":{"type":"LineString","coordinates":[[-70.39069,-23.64689],[-70.39074,-23.64684]]}},{"type":"Feature","properties":{"nombre":"Covadonga","jerarquia":5},"geometry":{"type":"LineString","coordinates":[[-70.39074,-23.64684],[-70.39138,-23.64616]]}},{"type":"Feature","properties":{"nombre":"Covadonga","jerarquia":5},"geometry":{"type":"LineString","coordinates":[[-70.39138,-23.64616],[-70.39145,-23.64608]]}},{"type":"Feature","properties":{"nombre":"Serrano","jerarquia":5},"geometry":{"type":"LineString","coordinates":[[-70.39044,-23.65036],[-70.39113,-23.64962]]}},{"type":"Feature","properties":{"nombre":"Serrano","jerarquia":5},"geometry":{"type":"LineString","coordinates":[[-70.39113,-23.64962],[-70.39182,-23.64892]]}},{"type":"Feature","properties":{"nombre":"Serrano","jerarquia":5},"geometry":{"type":"LineString","coordinates":[[-70.39182,-23.64892],[-70.39244,-23.64825]]}},{"type":"Feature","properties":{"nombre":"Serrano","jerarquia":5},"geometry":{"type":"LineString","coordinates":[[-70.39244,-23.64825],[-70.39277,-23.6479]]}},{"type":"Feature","properties":{"nombre":"Serrano","jerarquia":5},"geometry":{"type":"LineString","coordinates":[[-70.39277,-23.6479],[-70.39284,-23.64782]]}},{"type":"Feature","properties":{"nombre":"Serrano","jerarquia":5},"geometry":{"type":"LineString","coordinates":[[-70.39284,-23.64782],[-70.39317,-23.64747]]}},{"type":"Feature","properties":{"nombre":"Valdivia","jerarquia":5},"geometry":{"type":"LineString","coordinates":[[-70.38991,-23.64484],[-70.38977,-23.64395]]}},{"type":"Feature","properties":{"nombre":"Valdivia","jerarquia":5},"geometry":{"type":"LineString","coordinates":[[-70.38977,-23.64395],[-70.38969,-23.64344],[-70.38971,-23.64327]]}},{"type":"Feature","properties":{"nombre":"21 de Mayo","jerarquia":5},"geometry":{"type":"LineString","coordinates":[[-70.39315,-23.66006],[-70.39382,-23.65996]]}},{"type":"Feature","properties":{"nombre":"Montevideo","jerarquia":5},"geometry":{"type":"LineString","coordinates":[[-70.39009,-23.63667],[-70.38908,-23.63663]]}},{"type":"Feature","properties":{"nombre":"Montevideo","jerarquia":5},"geometry":{"type":"LineString","coordinates":[[-70.38908,-23.63663],[-70.389,-23.63663]]}},{"type":"Feature","properties":{"nombre":"Cardenal Carlos Oviedo Cavada","jerarquia":5},"geometry":{"type":"LineString","coordinates":[[-70.38704,-23.62835],[-70.38703,-23.62793]]}},{"type":"Feature","properties":{"nombre":"Cardenal Carlos Oviedo Cavada","jerarquia":5},"geometry":{"type":"LineString","coordinates":[[-70.38703,-23.62793],[-70.38702,-23.62757]]}},{"type":"Feature","properties":{"nombre":"Cardenal Carlos Oviedo Cavada","jerarquia":5},"geometry":{"type":"LineString","coordinates":[[-70.38702,-23.62757],[-70.38694,-23.62716]]}},{"type":"Feature","properties":{"nombre":"Orella","jerarquia":5},"geometry":{"type":"LineString","coordinates":[[-70.40151,-23.64983],[-70.4015,-23.64996],[-70.40077,-23.65075]]}},{"type":"Feature","properties":{"nombre":"Avenida Mejillones","jerarquia":5},"geometry":{"type":"LineString","coordinates":[[-70.39114,-23.62482],[-70.39151,-23.62547]]}},{"type":"Feature","properties":{"nombre":"Avenida Mejillones","jerarquia":5},"geometry":{"type":"LineString","coordinates":[[-70.39151,-23.62547],[-70.39153,-23.62551]]}},{"type":"Feature","properties":{"nombre":"Avenida Pedro Aguirre Cerda","jerarquia":5},"geometry":{"type":"LineString","coordinates":[[-70.39011,-23.62155],[-70.39012,-23.62159]]}},{"type":"Feature","properties":{"nombre":"Avenida Edmundo Pérez Zujovic","jerarquia":2},"geometry":{"type":"LineString","coordinates":[[-70.39638,-23.62633],[-70.39634,-23.62604],[-70.39621,-23.62568],[-70.39558,-23.62467]]}},{"type":"Feature","properties":{"nombre":"Avenida Edmundo Pérez Zujovic","jerarquia":2},"geometry":{"type":"LineString","coordinates":[[-70.39558,-23.62467],[-70.39511,-23.62393]]}},{"type":"Feature","properties":{"nombre":"Avenida Edmundo Pérez Zujovic","jerarquia":2},"geometry":{"type":"LineString","coordinates":[[-70.39511,-23.62393],[-70.39416,-23.62251]]}},{"type":"Feature","properties":{"nombre":"","jerarquia":3},"geometry":{"type":"LineString","coordinates":[[-70.39364,-23.64322],[-70.39346,-23.64312]]}},{"type":"Feature","properties":{"nombre":"Avenida Grecia","jerarquia":2},"geometry":{"type":"LineString","coordinates":[[-70.40756,-23.67102],[-70.40739,-23.67076]]}},{"type":"Feature","properties":{"nombre":"Avenida Grecia","jerarquia":2},"geometry":{"type":"LineString","coordinates":[[-70.40739,-23.67076],[-70.40728,-23.6705]]}},{"type":"Feature","properties":{"nombre":"Avenida Grecia","jerarquia":2},"geometry":{"type":"LineString","coordinates":[[-70.40728,-23.6705],[-70.40712,-23.67009]]}},{"type":"Feature","properties":{"nombre":"Avenida Grecia","jerarquia":2},"geometry":{"type":"LineString","coordinates":[[-70.40712,-23.67009],[-70.40639,-23.6683]]}},{"type":"Feature","properties":{"nombre":"Avenida Grecia","jerarquia":2},"geometry":{"type":"LineString","coordinates":[[-70.40639,-23.6683],[-70.40531,-23.66607]]}},{"type":"Feature","properties":{"nombre":"Avenida Grecia","jerarquia":2},"geometry":{"type":"LineString","coordinates":[[-70.40531,-23.66607],[-70.40513,-23.66578],[-70.40487,-23.66554]]}},{"type":"Feature","properties":{"nombre":"Avenida Grecia","jerarquia":2},"geometry":{"type":"LineString","coordinates":[[-70.40487,-23.66554],[-70.40401,-23.66487],[-70.40378,-23.6645],[-70.40373,-23.66426],[-70.40367,-23.66254]]}},{"type":"Feature","properties":{"nombre":"Avenida Grecia","jerarquia":2},"geometry":{"type":"LineString","coordinates":[[-70.40367,-23.66254],[-70.40364,-23.66145]]}},{"type":"Feature","properties":{"nombre":"Avenida Grecia","jerarquia":2},"geometry":{"type":"LineString","coordinates":[[-70.40364,-23.66145],[-70.40359,-23.6605],[-70.40308,-23.6593]]}},{"type":"Feature","properties":{"nombre":"Avenida Grecia","jerarquia":2},"geometry":{"type":"LineString","coordinates":[[-70.40308,-23.6593],[-70.40291,-23.65883]]}},{"type":"Feature","properties":{"nombre":"Avenida Grecia","jerarquia":2},"geometry":{"type":"LineString","coordinates":[[-70.40291,-23.65883],[-70.40261,-23.65788],[-70.40252,-23.65713]]}},{"type":"Feature","properties":{"nombre":"Avenida Grecia","jerarquia":2},"geometry":{"type":"LineString","coordinates":[[-70.40252,-23.65713],[-70.40245,-23.65599]]}},{"type":"Feature","properties":{"nombre":"Avenida Grecia","jerarquia":2},"geometry":{"type":"LineString","coordinates":[[-70.40245,-23.65599],[-70.40263,-23.65511]]}},{"type":"Feature","properties":{"nombre":"Avenida Grecia","jerarquia":2},"geometry":{"type":"LineString","coordinates":[[-70.40263,-23.65511],[-70.40263,-23.65492]]}},{"type":"Feature","properties":{"nombre":"Avenida Grecia","jerarquia":2},"geometry":{"type":"LineString","coordinates":[[-70.40263,-23.65492],[-70.40259,-23.65409]]}},{"type":"Feature","properties":{"nombre":"Avenida Ejército","jerarquia":4},"geometry":{"type":"LineString","coordinates":[[-70.42156,-23.6974],[-70.42143,-23.69683],[-70.42156,-23.69616]]}},{"type":"Feature","properties":{"nombre":"Avenida Sargento Aldea","jerarquia":3},"geometry":{"type":"LineString","coordinates":[[-70.39292,-23.6228],[-70.39262,-23.6227]]}},{"type":"Feature","properties":{"nombre":"Avenida Sargento Aldea","jerarquia":3},"geometry":{"type":"LineString","coordinates":[[-70.39262,-23.6227],[-70.39255,-23.6227]]}},{"type":"Feature","properties":{"nombre":"Avenida Pedro Aguirre Cerda","jerarquia":3},"geometry":{"type":"LineString","coordinates":[[-70.38871,-23.60906],[-70.38868,-23.60932]]}},{"type":"Feature","properties":{"nombre":"Avenida Pedro Aguirre Cerda","jerarquia":3},"geometry":{"type":"LineString","coordinates":[[-70.38868,-23.60932],[-70.38844,-23.61195]]}},{"type":"Feature","properties":{"nombre":"Avenida Pedro Aguirre Cerda","jerarquia":3},"geometry":{"type":"LineString","coordinates":[[-70.38844,-23.61195],[-70.38837,-23.6132]]}},{"type":"Feature","properties":{"nombre":"Avenida Pedro Aguirre Cerda","jerarquia":3},"geometry":{"type":"LineString","coordinates":[[-70.38837,-23.6132],[-70.38834,-23.61362],[-70.3884,-23.6142]]}},{"type":"Feature","properties":{"nombre":"Bilbao","jerarquia":5},"geometry":{"type":"LineString","coordinates":[[-70.40146,-23.64844],[-70.40151,-23.64983]]}},{"type":"Feature","properties":{"nombre":"Avenida República de Croacia","jerarquia":2},"geometry":{"type":"LineString","coordinates":[[-70.41202,-23.67563],[-70.412,-23.67557]]}},{"type":"Feature","properties":{"nombre":"Avenida República de Croacia","jerarquia":2},"geometry":{"type":"LineString","coordinates":[[-70.412,-23.67557],[-70.41174,-23.6748]]}},{"type":"Feature","properties":{"nombre":"Avenida República de Croacia","jerarquia":2},"geometry":{"type":"LineString","coordinates":[[-70.41174,-23.6748],[-70.41156,-23.67439],[-70.41129,-23.67393]]}},{"type":"Feature","properties":{"nombre":"Avenida República de Croacia","jerarquia":2},"geometry":{"type":"LineString","coordinates":[[-70.41129,-23.67393],[-70.41106,-23.67361]]}},{"type":"Feature","properties":{"nombre":"Avenida República de Croacia","jerarquia":2},"geometry":{"type":"LineString","coordinates":[[-70.41106,-23.67361],[-70.41051,-23.67283],[-70.41005,-23.67251]]}},{"type":"Feature","properties":{"nombre":"Avenida República de Croacia","jerarquia":2},"geometry":{"type":"LineString","coordinates":[[-70.41005,-23.67251],[-70.40914,-23.67199]]}},{"type":"Feature","properties":{"nombre":"Avenida República de Croacia","jerarquia":2},"geometry":{"type":"LineString","coordinates":[[-70.40914,-23.67199],[-70.40816,-23.67139]]}},{"type":"Feature","properties":{"nombre":"Avenida República de Croacia","jerarquia":2},"geometry":{"type":"LineString","coordinates":[[-70.40816,-23.67139],[-70.40756,-23.67102]]}},{"type":"Feature","properties":{"nombre":"Pasaje Elqui","jerarquia":3},"geometry":{"type":"LineString","coordinates":[[-70.39303,-23.62278],[-70.39322,-23.6227]]}},{"type":"Feature","properties":{"nombre":"Pasaje Elqui","jerarquia":3},"geometry":{"type":"LineString","coordinates":[[-70.39322,-23.6227],[-70.39392,-23.62223]]}},{"type":"Feature","properties":{"nombre":"Pasaje Elqui","jerarquia":3},"geometry":{"type":"LineString","coordinates":[[-70.39392,-23.62223],[-70.39396,-23.6222]]}},{"type":"Feature","properties":{"nombre":"José de San Martín","jerarquia":5},"geometry":{"type":"LineString","coordinates":[[-70.40247,-23.65051],[-70.40235,-23.65046],[-70.40151,-23.64983]]}},{"type":"Feature","properties":{"nombre":"José de San Martín","jerarquia":5},"geometry":{"type":"LineString","coordinates":[[-70.40151,-23.64983],[-70.4007,-23.64921]]}},{"type":"Feature","properties":{"nombre":"José de San Martín","jerarquia":5},"geometry":{"type":"LineString","coordinates":[[-70.4007,-23.64921],[-70.39989,-23.64857]]}},{"type":"Feature","properties":{"nombre":"José de San Martín","jerarquia":5},"geometry":{"type":"LineString","coordinates":[[-70.39989,-23.64857],[-70.39981,-23.6485]]}},{"type":"Feature","properties":{"nombre":"José de San Martín","jerarquia":5},"geometry":{"type":"LineString","coordinates":[[-70.39981,-23.6485],[-70.39902,-23.64789]]}},{"type":"Feature","properties":{"nombre":"José de San Martín","jerarquia":5},"geometry":{"type":"LineString","coordinates":[[-70.39902,-23.64789],[-70.39893,-23.64781]]}},{"type":"Feature","properties":{"nombre":"José de San Martín","jerarquia":5},"geometry":{"type":"LineString","coordinates":[[-70.39893,-23.64781],[-70.39814,-23.64721]]}},{"type":"Feature","properties":{"nombre":"José de San Martín","jerarquia":5},"geometry":{"type":"LineString","coordinates":[[-70.39814,-23.64721],[-70.39805,-23.64715]]}},{"type":"Feature","properties":{"nombre":"José de San Martín","jerarquia":5},"geometry":{"type":"LineString","coordinates":[[-70.39805,-23.64715],[-70.39763,-23.64683]]}},{"type":"Feature","properties":{"nombre":"José de San Martín","jerarquia":5},"geometry":{"type":"LineString","coordinates":[[-70.39763,-23.64683],[-70.39722,-23.64651]]}},{"type":"Feature","properties":{"nombre":"José de San Martín","jerarquia":5},"geometry":{"type":"LineString","coordinates":[[-70.39722,-23.64651],[-70.39714,-23.64645]]}},{"type":"Feature","properties":{"nombre":"Avenida Edmundo Pérez Zujovic","jerarquia":2},"geometry":{"type":"LineString","coordinates":[[-70.39648,-23.62694],[-70.39643,-23.62835]]}},{"type":"Feature","properties":{"nombre":"Avenida Edmundo Pérez Zujovic","jerarquia":2},"geometry":{"type":"LineString","coordinates":[[-70.39643,-23.62835],[-70.39642,-23.62845]]}},{"type":"Feature","properties":{"nombre":"Iquique","jerarquia":3},"geometry":{"type":"LineString","coordinates":[[-70.39248,-23.6234],[-70.39235,-23.62287],[-70.39217,-23.62258]]}},{"type":"Feature","properties":{"nombre":"","jerarquia":3},"geometry":{"type":"LineString","coordinates":[[-70.39262,-23.62291],[-70.39292,-23.6228]]}},{"type":"Feature","properties":{"nombre":"","jerarquia":2},"geometry":{"type":"LineString","coordinates":[[-70.4216,-23.69586],[-70.42175,-23.69597]]}},{"type":"Feature","properties":{"nombre":"","jerarquia":2},"geometry":{"type":"LineString","coordinates":[[-70.42175,-23.69597],[-70.42182,-23.69606]]}},{"type":"Feature","properties":{"nombre":"Avenida Angamos","jerarquia":4},"geometry":{"type":"LineString","coordinates":[[-70.41543,-23.69682],[-70.41558,-23.69677]]}},{"type":"Feature","properties":{"nombre":"Avenida Angamos","jerarquia":4},"geometry":{"type":"LineString","coordinates":[[-70.41558,-23.69677],[-70.41591,-23.69665],[-70.41616,-23.69649],[-70.41636,-23.69628],[-70.41651,-23.69604],[-70.41661,-23.69575],[-70.41663,-23.69548],[-70.41651,-23.695]]}},{"type":"Feature","properties":{"nombre":"Avenida Angamos","jerarquia":4},"geometry":{"type":"LineString","coordinates":[[-70.41651,-23.695],[-70.41639,-23.69482]]}},{"type":"Feature","properties":{"nombre":"21 de Mayo","jerarquia":5},"geometry":{"type":"LineString","coordinates":[[-70.39382,-23.65996],[-70.39464,-23.6591]]}},{"type":"Feature","properties":{"nombre":"21 de Mayo","jerarquia":5},"geometry":{"type":"LineString","coordinates":[[-70.39464,-23.6591],[-70.3947,-23.65903]]}},{"type":"Feature","properties":{"nombre":"21 de Mayo","jerarquia":5},"geometry":{"type":"LineString","coordinates":[[-70.3947,-23.65903],[-70.39496,-23.65873]]}},{"type":"Feature","properties":{"nombre":"21 de Mayo","jerarquia":5},"geometry":{"type":"LineString","coordinates":[[-70.39496,-23.65873],[-70.39521,-23.65844]]}},{"type":"Feature","properties":{"nombre":"21 de Mayo","jerarquia":5},"geometry":{"type":"LineString","coordinates":[[-70.39521,-23.65844],[-70.39548,-23.65815]]}},{"type":"Feature","properties":{"nombre":"21 de Mayo","jerarquia":5},"geometry":{"type":"LineString","coordinates":[[-70.39548,-23.65815],[-70.39609,-23.65747]]}},{"type":"Feature","properties":{"nombre":"Avenida José Miguel Carrera","jerarquia":4},"geometry":{"type":"LineString","coordinates":[[-70.40161,-23.65427],[-70.40166,-23.65477]]}},{"type":"Feature","properties":{"nombre":"Avenida José Miguel Carrera","jerarquia":4},"geometry":{"type":"LineString","coordinates":[[-70.40166,-23.65477],[-70.40168,-23.65543]]}},{"type":"Feature","properties":{"nombre":"Avenida José Miguel Carrera","jerarquia":4},"geometry":{"type":"LineString","coordinates":[[-70.40168,-23.65543],[-70.40174,-23.65716]]}},{"type":"Feature","properties":{"nombre":"Avenida José Miguel Carrera","jerarquia":4},"geometry":{"type":"LineString","coordinates":[[-70.40174,-23.65716],[-70.40182,-23.65887]]}},{"type":"Feature","properties":{"nombre":"Avenida José Miguel Carrera","jerarquia":4},"geometry":{"type":"LineString","coordinates":[[-70.40182,-23.65887],[-70.40187,-23.66004]]}},{"type":"Feature","properties":{"nombre":"Avenida José Miguel Carrera","jerarquia":4},"geometry":{"type":"LineString","coordinates":[[-70.40187,-23.66004],[-70.40189,-23.66044]]}},{"type":"Feature","properties":{"nombre":"Avenida José Miguel Carrera","jerarquia":4},"geometry":{"type":"LineString","coordinates":[[-70.40189,-23.66044],[-70.40193,-23.6614]]}},{"type":"Feature","properties":{"nombre":"Avenida José Miguel Carrera","jerarquia":4},"geometry":{"type":"LineString","coordinates":[[-70.40193,-23.6614],[-70.40193,-23.6615]]}},{"type":"Feature","properties":{"nombre":"Avenida José Miguel Carrera","jerarquia":4},"geometry":{"type":"LineString","coordinates":[[-70.40193,-23.6615],[-70.40196,-23.66259]]}},{"type":"Feature","properties":{"nombre":"Avenida Circunvalación Padre Alberto Hurtado","jerarquia":4},"geometry":{"type":"LineString","coordinates":[[-70.39071,-23.66466],[-70.39043,-23.66402]]}},{"type":"Feature","properties":{"nombre":"Avenida Circunvalación Padre Alberto Hurtado","jerarquia":4},"geometry":{"type":"LineString","coordinates":[[-70.39043,-23.66402],[-70.39,-23.6631]]}},{"type":"Feature","properties":{"nombre":"Avenida Circunvalación Padre Alberto Hurtado","jerarquia":4},"geometry":{"type":"LineString","coordinates":[[-70.39,-23.6631],[-70.38969,-23.66249]]}},{"type":"Feature","properties":{"nombre":"Avenida Circunvalación Padre Alberto Hurtado","jerarquia":4},"geometry":{"type":"LineString","coordinates":[[-70.38969,-23.66249],[-70.38937,-23.66191]]}},{"type":"Feature","properties":{"nombre":"Avenida Circunvalación Padre Alberto Hurtado","jerarquia":4},"geometry":{"type":"LineString","coordinates":[[-70.38937,-23.66191],[-70.38889,-23.66118]]}},{"type":"Feature","properties":{"nombre":"Avenida Circunvalación Padre Alberto Hurtado","jerarquia":4},"geometry":{"type":"LineString","coordinates":[[-70.38889,-23.66118],[-70.38852,-23.66059]]}},{"type":"Feature","properties":{"nombre":"Avenida Circunvalación Padre Alberto Hurtado","jerarquia":4},"geometry":{"type":"LineString","coordinates":[[-70.38852,-23.66059],[-70.38822,-23.66003]]}},{"type":"Feature","properties":{"nombre":"Avenida Circunvalación Padre Alberto Hurtado","jerarquia":4},"geometry":{"type":"LineString","coordinates":[[-70.38822,-23.66003],[-70.3872,-23.6582]]}},{"type":"Feature","properties":{"nombre":"Avenida Circunvalación Padre Alberto Hurtado","jerarquia":4},"geometry":{"type":"LineString","coordinates":[[-70.3872,-23.6582],[-70.38694,-23.6575]]}},{"type":"Feature","properties":{"nombre":"Avenida Circunvalación Padre Alberto Hurtado","jerarquia":4},"geometry":{"type":"LineString","coordinates":[[-70.38694,-23.6575],[-70.38684,-23.65711]]}},{"type":"Feature","properties":{"nombre":"Avenida Circunvalación Padre Alberto Hurtado","jerarquia":4},"geometry":{"type":"LineString","coordinates":[[-70.38684,-23.65711],[-70.38672,-23.65664]]}},{"type":"Feature","properties":{"nombre":"Avenida Circunvalación Padre Alberto Hurtado","jerarquia":4},"geometry":{"type":"LineString","coordinates":[[-70.38672,-23.65664],[-70.38656,-23.65557]]}},{"type":"Feature","properties":{"nombre":"Avenida Circunvalación Padre Alberto Hurtado","jerarquia":4},"geometry":{"type":"LineString","coordinates":[[-70.38656,-23.65557],[-70.38637,-23.6535],[-70.38608,-23.65256]]}},{"type":"Feature","properties":{"nombre":"Maipú","jerarquia":5},"geometry":{"type":"LineString","coordinates":[[-70.39124,-23.65753],[-70.39072,-23.65803]]}},{"type":"Feature","properties":{"nombre":"Maipú","jerarquia":5},"geometry":{"type":"LineString","coordinates":[[-70.39072,-23.65803],[-70.39031,-23.65844]]}},{"type":"Feature","properties":{"nombre":"Maipú","jerarquia":5},"geometry":{"type":"LineString","coordinates":[[-70.39031,-23.65844],[-70.39003,-23.65873]]}},{"type":"Feature","properties":{"nombre":"Maipú","jerarquia":5},"geometry":{"type":"LineString","coordinates":[[-70.39003,-23.65873],[-70.3898,-23.65896]]}},{"type":"Feature","properties":{"nombre":"Maipú","jerarquia":5},"geometry":{"type":"LineString","coordinates":[[-70.3898,-23.65896],[-70.38947,-23.6593]]}},{"type":"Feature","properties":{"nombre":"Maipú","jerarquia":5},"geometry":{"type":"LineString","coordinates":[[-70.38947,-23.6593],[-70.38944,-23.65934]]}},{"type":"Feature","properties":{"nombre":"Maipú","jerarquia":5},"geometry":{"type":"LineString","coordinates":[[-70.38944,-23.65934],[-70.38915,-23.65963]]}},{"type":"Feature","properties":{"nombre":"Maipú","jerarquia":5},"geometry":{"type":"LineString","coordinates":[[-70.38915,-23.65963],[-70.38893,-23.65986]]}},{"type":"Feature","properties":{"nombre":"Maipú","jerarquia":5},"geometry":{"type":"LineString","coordinates":[[-70.38893,-23.65986],[-70.38866,-23.66007],[-70.38834,-23.66004]]}},{"type":"Feature","properties":{"nombre":"Maipú","jerarquia":5},"geometry":{"type":"LineString","coordinates":[[-70.38834,-23.66004],[-70.38822,-23.66003]]}},{"type":"Feature","properties":{"nombre":"Tegualda","jerarquia":5},"geometry":{"type":"LineString","coordinates":[[-70.39043,-23.66402],[-70.3905,-23.66399]]}},{"type":"Feature","properties":{"nombre":"Tegualda","jerarquia":5},"geometry":{"type":"LineString","coordinates":[[-70.3905,-23.66399],[-70.39104,-23.66378]]}},{"type":"Feature","properties":{"nombre":"Tegualda","jerarquia":5},"geometry":{"type":"LineString","coordinates":[[-70.39104,-23.66378],[-70.39157,-23.66359]]}},{"type":"Feature","properties":{"nombre":"Tegualda","jerarquia":5},"geometry":{"type":"LineString","coordinates":[[-70.39157,-23.66359],[-70.39208,-23.6634]]}},{"type":"Feature","properties":{"nombre":"Tegualda","jerarquia":5},"geometry":{"type":"LineString","coordinates":[[-70.39208,-23.6634],[-70.3926,-23.6632]]}},{"type":"Feature","properties":{"nombre":"Tegualda","jerarquia":5},"geometry":{"type":"LineString","coordinates":[[-70.3926,-23.6632],[-70.39285,-23.66311]]}},{"type":"Feature","properties":{"nombre":"Diagonal Sur","jerarquia":4},"geometry":{"type":"LineString","coordinates":[[-70.39315,-23.66006],[-70.39293,-23.66023],[-70.39289,-23.66059]]}},{"type":"Feature","properties":{"nombre":"Diagonal Sur","jerarquia":4},"geometry":{"type":"LineString","coordinates":[[-70.39289,-23.66059],[-70.39291,-23.66106]]}},{"type":"Feature","properties":{"nombre":"Diagonal Sur","jerarquia":4},"geometry":{"type":"LineString","coordinates":[[-70.39291,-23.66106],[-70.39292,-23.66154]]}},{"type":"Feature","properties":{"nombre":"Diagonal Sur","jerarquia":4},"geometry":{"type":"LineString","coordinates":[[-70.39292,-23.66154],[-70.39292,-23.66176]]}},{"type":"Feature","properties":{"nombre":"Diagonal Sur","jerarquia":4},"geometry":{"type":"LineString","coordinates":[[-70.39292,-23.66176],[-70.39291,-23.66194]]}},{"type":"Feature","properties":{"nombre":"Diagonal Sur","jerarquia":4},"geometry":{"type":"LineString","coordinates":[[-70.39291,-23.66194],[-70.39285,-23.66311]]}},{"type":"Feature","properties":{"nombre":"Avenida Antonio Rendic","jerarquia":5},"geometry":{"type":"LineString","coordinates":[[-70.38223,-23.61337],[-70.38208,-23.6135]]}},{"type":"Feature","properties":{"nombre":"Isabel Riquelme","jerarquia":4},"geometry":{"type":"LineString","coordinates":[[-70.37814,-23.61057],[-70.37835,-23.61097],[-70.37876,-23.61102]]}},{"type":"Feature","properties":{"nombre":"Isabel Riquelme","jerarquia":4},"geometry":{"type":"LineString","coordinates":[[-70.37876,-23.61102],[-70.37897,-23.611]]}},{"type":"Feature","properties":{"nombre":"Isabel Riquelme","jerarquia":4},"geometry":{"type":"LineString","coordinates":[[-70.37897,-23.611],[-70.37924,-23.611]]}},{"type":"Feature","properties":{"nombre":"Isabel Riquelme","jerarquia":4},"geometry":{"type":"LineString","coordinates":[[-70.37924,-23.611],[-70.37981,-23.61103]]}},{"type":"Feature","properties":{"nombre":"Isabel Riquelme","jerarquia":4},"geometry":{"type":"LineString","coordinates":[[-70.37981,-23.61103],[-70.38031,-23.61111]]}},{"type":"Feature","properties":{"nombre":"Avenida El Yodo","jerarquia":5},"geometry":{"type":"LineString","coordinates":[[-70.39327,-23.5919],[-70.39325,-23.59222]]}},{"type":"Feature","properties":{"nombre":"Avenida El Yodo","jerarquia":5},"geometry":{"type":"LineString","coordinates":[[-70.39325,-23.59222],[-70.39325,-23.59229]]}},{"type":"Feature","properties":{"nombre":"Avenida El Yodo","jerarquia":5},"geometry":{"type":"LineString","coordinates":[[-70.39325,-23.59229],[-70.39323,-23.59287]]}},{"type":"Feature","properties":{"nombre":"Avenida El Yodo","jerarquia":5},"geometry":{"type":"LineString","coordinates":[[-70.39323,-23.59287],[-70.39321,-23.59335]]}},{"type":"Feature","properties":{"nombre":"Avenida El Yodo","jerarquia":5},"geometry":{"type":"LineString","coordinates":[[-70.39321,-23.59335],[-70.3932,-23.59352]]}},{"type":"Feature","properties":{"nombre":"Avenida El Yodo","jerarquia":5},"geometry":{"type":"LineString","coordinates":[[-70.3932,-23.59352],[-70.39317,-23.59453]]}},{"type":"Feature","properties":{"nombre":"Víctor Jara","jerarquia":4},"geometry":{"type":"LineString","coordinates":[[-70.38405,-23.61823],[-70.38356,-23.61849]]}},{"type":"Feature","properties":{"nombre":"Víctor Jara","jerarquia":4},"geometry":{"type":"LineString","coordinates":[[-70.38356,-23.61849],[-70.38304,-23.61877]]}},{"type":"Feature","properties":{"nombre":"Víctor Jara","jerarquia":4},"geometry":{"type":"LineString","coordinates":[[-70.38304,-23.61877],[-70.38252,-23.61904]]}},{"type":"Feature","properties":{"nombre":"Víctor Jara","jerarquia":4},"geometry":{"type":"LineString","coordinates":[[-70.38252,-23.61904],[-70.38202,-23.61931]]}},{"type":"Feature","properties":{"nombre":"Víctor Jara","jerarquia":4},"geometry":{"type":"LineString","coordinates":[[-70.38202,-23.61931],[-70.38152,-23.61958]]}},{"type":"Feature","properties":{"nombre":"Víctor Jara","jerarquia":4},"geometry":{"type":"LineString","coordinates":[[-70.38152,-23.61958],[-70.38099,-23.61985]]}},{"type":"Feature","properties":{"nombre":"Víctor Jara","jerarquia":4},"geometry":{"type":"LineString","coordinates":[[-70.38099,-23.61985],[-70.38049,-23.62012]]}},{"type":"Feature","properties":{"nombre":"Víctor Jara","jerarquia":4},"geometry":{"type":"LineString","coordinates":[[-70.38049,-23.62012],[-70.37997,-23.62039]]}},{"type":"Feature","properties":{"nombre":"Víctor Jara","jerarquia":4},"geometry":{"type":"LineString","coordinates":[[-70.37997,-23.62039],[-70.37947,-23.62066]]}},{"type":"Feature","properties":{"nombre":"Víctor Jara","jerarquia":4},"geometry":{"type":"LineString","coordinates":[[-70.37947,-23.62066],[-70.37895,-23.62094]]}},{"type":"Feature","properties":{"nombre":"Azapa","jerarquia":5},"geometry":{"type":"LineString","coordinates":[[-70.38513,-23.61767],[-70.38498,-23.61651]]}},{"type":"Feature","properties":{"nombre":"Azapa","jerarquia":5},"geometry":{"type":"LineString","coordinates":[[-70.38498,-23.61651],[-70.38497,-23.61585]]}},{"type":"Feature","properties":{"nombre":"Azapa","jerarquia":5},"geometry":{"type":"LineString","coordinates":[[-70.38497,-23.61585],[-70.38496,-23.6153]]}},{"type":"Feature","properties":{"nombre":"Azapa","jerarquia":5},"geometry":{"type":"LineString","coordinates":[[-70.38496,-23.6153],[-70.38486,-23.61479]]}},{"type":"Feature","properties":{"nombre":"Azapa","jerarquia":5},"geometry":{"type":"LineString","coordinates":[[-70.38486,-23.61479],[-70.38484,-23.61429]]}},{"type":"Feature","properties":{"nombre":"Azapa","jerarquia":5},"geometry":{"type":"LineString","coordinates":[[-70.38484,-23.61429],[-70.38485,-23.61379]]}},{"type":"Feature","properties":{"nombre":"Azapa","jerarquia":5},"geometry":{"type":"LineString","coordinates":[[-70.38485,-23.61379],[-70.38486,-23.61329]]}},{"type":"Feature","properties":{"nombre":"Azapa","jerarquia":5},"geometry":{"type":"LineString","coordinates":[[-70.38486,-23.61329],[-70.38486,-23.6132]]}},{"type":"Feature","properties":{"nombre":"Azapa","jerarquia":5},"geometry":{"type":"LineString","coordinates":[[-70.38486,-23.6132],[-70.38489,-23.61259]]}},{"type":"Feature","properties":{"nombre":"Azapa","jerarquia":5},"geometry":{"type":"LineString","coordinates":[[-70.38489,-23.61259],[-70.3849,-23.61231]]}},{"type":"Feature","properties":{"nombre":"Azapa","jerarquia":5},"geometry":{"type":"LineString","coordinates":[[-70.3849,-23.61231],[-70.38498,-23.61122]]}},{"type":"Feature","properties":{"nombre":"Azapa","jerarquia":5},"geometry":{"type":"LineString","coordinates":[[-70.38498,-23.61122],[-70.38513,-23.61051],[-70.3851,-23.61032]]}},{"type":"Feature","properties":{"nombre":"Manuel Antonio Matta","jerarquia":5},"geometry":{"type":"LineString","coordinates":[[-70.38733,-23.64207],[-70.38727,-23.64191]]}},{"type":"Feature","properties":{"nombre":"Manuel Antonio Matta","jerarquia":5},"geometry":{"type":"LineString","coordinates":[[-70.38727,-23.64191],[-70.38689,-23.64083]]}},{"type":"Feature","properties":{"nombre":"Manuel Antonio Matta","jerarquia":5},"geometry":{"type":"LineString","coordinates":[[-70.38689,-23.64083],[-70.38647,-23.63976]]}},{"type":"Feature","properties":{"nombre":"Avenida Andrés Sabella Gálvez","jerarquia":4},"geometry":{"type":"LineString","coordinates":[[-70.39876,-23.66988],[-70.39816,-23.66905]]}},{"type":"Feature","properties":{"nombre":"Avenida Andrés Sabella Gálvez","jerarquia":4},"geometry":{"type":"LineString","coordinates":[[-70.39816,-23.66905],[-70.39698,-23.66733],[-70.39654,-23.66676],[-70.39616,-23.6664]]}},{"type":"Feature","properties":{"nombre":"Avenida Andrés Sabella Gálvez","jerarquia":4},"geometry":{"type":"LineString","coordinates":[[-70.39616,-23.6664],[-70.3955,-23.66589]]}},{"type":"Feature","properties":{"nombre":"Avenida Andrés Sabella Gálvez","jerarquia":4},"geometry":{"type":"LineString","coordinates":[[-70.3955,-23.66589],[-70.39499,-23.66539]]}},{"type":"Feature","properties":{"nombre":"Avenida Andrés Sabella Gálvez","jerarquia":4},"geometry":{"type":"LineString","coordinates":[[-70.39499,-23.66539],[-70.39491,-23.66529]]}},{"type":"Feature","properties":{"nombre":"Avenida Andrés Sabella Gálvez","jerarquia":4},"geometry":{"type":"LineString","coordinates":[[-70.39491,-23.66529],[-70.39441,-23.66443]]}},{"type":"Feature","properties":{"nombre":"Avenida Andrés Sabella Gálvez","jerarquia":4},"geometry":{"type":"LineString","coordinates":[[-70.39441,-23.66443],[-70.39406,-23.66377]]}},{"type":"Feature","properties":{"nombre":"Avenida Andrés Sabella Gálvez","jerarquia":4},"geometry":{"type":"LineString","coordinates":[[-70.39406,-23.66377],[-70.39369,-23.66279]]}},{"type":"Feature","properties":{"nombre":"Avenida Andrés Sabella Gálvez","jerarquia":4},"geometry":{"type":"LineString","coordinates":[[-70.39369,-23.66279],[-70.39352,-23.66229],[-70.3935,-23.66176]]}},{"type":"Feature","properties":{"nombre":"Avenida Andrés Sabella Gálvez","jerarquia":4},"geometry":{"type":"LineString","coordinates":[[-70.3935,-23.66176],[-70.39356,-23.66071],[-70.39315,-23.66006]]}},{"type":"Feature","properties":{"nombre":"Avenida Andrés Sabella Gálvez","jerarquia":4},"geometry":{"type":"LineString","coordinates":[[-70.39315,-23.66006],[-70.39251,-23.65924]]}},{"type":"Feature","properties":{"nombre":"Avenida Andrés Sabella Gálvez","jerarquia":4},"geometry":{"type":"LineString","coordinates":[[-70.39251,-23.65924],[-70.39177,-23.65825]]}},{"type":"Feature","properties":{"nombre":"Avenida Andrés Sabella Gálvez","jerarquia":4},"geometry":{"type":"LineString","coordinates":[[-70.39177,-23.65825],[-70.39131,-23.65762]]}},{"type":"Feature","properties":{"nombre":"Avenida Andrés Sabella Gálvez","jerarquia":4},"geometry":{"type":"LineString","coordinates":[[-70.39131,-23.65762],[-70.39124,-23.65753]]}},{"type":"Feature","properties":{"nombre":"Avenida Andrés Sabella Gálvez","jerarquia":4},"geometry":{"type":"LineString","coordinates":[[-70.39124,-23.65753],[-70.39065,-23.65666]]}},{"type":"Feature","properties":{"nombre":"Avenida Andrés Sabella Gálvez","jerarquia":4},"geometry":{"type":"LineString","coordinates":[[-70.39065,-23.65666],[-70.39047,-23.65638]]}},{"type":"Feature","properties":{"nombre":"Avenida Andrés Sabella Gálvez","jerarquia":4},"geometry":{"type":"LineString","coordinates":[[-70.39047,-23.65638],[-70.38991,-23.65579]]}},{"type":"Feature","properties":{"nombre":"Avenida Andrés Sabella Gálvez","jerarquia":4},"geometry":{"type":"LineString","coordinates":[[-70.38991,-23.65579],[-70.38984,-23.65572]]}},{"type":"Feature","properties":{"nombre":"Avenida Andrés Sabella Gálvez","jerarquia":4},"geometry":{"type":"LineString","coordinates":[[-70.38984,-23.65572],[-70.38976,-23.65564]]}},{"type":"Feature","properties":{"nombre":"Avenida Andrés Sabella Gálvez","jerarquia":4},"geometry":{"type":"LineString","coordinates":[[-70.38976,-23.65564],[-70.38957,-23.65527],[-70.38941,-23.65475]]}},{"type":"Feature","properties":{"nombre":"Avenida Andrés Sabella Gálvez","jerarquia":4},"geometry":{"type":"LineString","coordinates":[[-70.38941,-23.65475],[-70.38933,-23.6536],[-70.38936,-23.65339]]}},{"type":"Feature","properties":{"nombre":"Avenida Andrés Sabella Gálvez","jerarquia":4},"geometry":{"type":"LineString","coordinates":[[-70.38936,-23.65339],[-70.38956,-23.65296],[-70.38961,-23.65257]]}},{"type":"Feature","properties":{"nombre":"Avenida Andrés Sabella Gálvez","jerarquia":4},"geometry":{"type":"LineString","coordinates":[[-70.38961,-23.65257],[-70.38959,-23.65226]]}},{"type":"Feature","properties":{"nombre":"Avenida Andrés Sabella Gálvez","jerarquia":4},"geometry":{"type":"LineString","coordinates":[[-70.38959,-23.65226],[-70.38954,-23.65135]]}},{"type":"Feature","properties":{"nombre":"Avenida Andrés Sabella Gálvez","jerarquia":4},"geometry":{"type":"LineString","coordinates":[[-70.38954,-23.65135],[-70.38949,-23.65089],[-70.38924,-23.65009]]}},{"type":"Feature","properties":{"nombre":"Avenida Andrés Sabella Gálvez","jerarquia":4},"geometry":{"type":"LineString","coordinates":[[-70.38924,-23.65009],[-70.38896,-23.64924],[-70.38892,-23.64877]]}},{"type":"Feature","properties":{"nombre":"Avenida Andrés Sabella Gálvez","jerarquia":4},"geometry":{"type":"LineString","coordinates":[[-70.38892,-23.64877],[-70.38892,-23.64862]]}},{"type":"Feature","properties":{"nombre":"Avenida Andrés Sabella Gálvez","jerarquia":4},"geometry":{"type":"LineString","coordinates":[[-70.38892,-23.64862],[-70.38888,-23.64681]]}},{"type":"Feature","properties":{"nombre":"Avenida Andrés Sabella Gálvez","jerarquia":4},"geometry":{"type":"LineString","coordinates":[[-70.38888,-23.64681],[-70.38888,-23.64666]]}},{"type":"Feature","properties":{"nombre":"Avenida Andrés Sabella Gálvez","jerarquia":4},"geometry":{"type":"LineString","coordinates":[[-70.38888,-23.64666],[-70.38889,-23.64647]]}},{"type":"Feature","properties":{"nombre":"Avenida Andrés Sabella Gálvez","jerarquia":4},"geometry":{"type":"LineString","coordinates":[[-70.38889,-23.64647],[-70.38888,-23.64626]]}},{"type":"Feature","properties":{"nombre":"Avenida Andrés Sabella Gálvez","jerarquia":4},"geometry":{"type":"LineString","coordinates":[[-70.38888,-23.64626],[-70.38894,-23.64513]]}},{"type":"Feature","properties":{"nombre":"La Concepción","jerarquia":5},"geometry":{"type":"LineString","coordinates":[[-70.39454,-23.66579],[-70.39411,-23.66615]]}},{"type":"Feature","properties":{"nombre":"La Concepción","jerarquia":5},"geometry":{"type":"LineString","coordinates":[[-70.39411,-23.66615],[-70.39368,-23.66651]]}},{"type":"Feature","properties":{"nombre":"La Concepción","jerarquia":5},"geometry":{"type":"LineString","coordinates":[[-70.39368,-23.66651],[-70.39342,-23.66673]]}},{"type":"Feature","properties":{"nombre":"La Concepción","jerarquia":5},"geometry":{"type":"LineString","coordinates":[[-70.39342,-23.66673],[-70.39296,-23.66705]]}},{"type":"Feature","properties":{"nombre":"La Concepción","jerarquia":5},"geometry":{"type":"LineString","coordinates":[[-70.39296,-23.66705],[-70.39275,-23.66713]]}},{"type":"Feature","properties":{"nombre":"La Concepción","jerarquia":5},"geometry":{"type":"LineString","coordinates":[[-70.39275,-23.66713],[-70.39258,-23.66704]]}},{"type":"Feature","properties":{"nombre":"Illapel","jerarquia":5},"geometry":{"type":"LineString","coordinates":[[-70.39148,-23.62804],[-70.39141,-23.62797],[-70.39138,-23.62738]]}},{"type":"Feature","properties":{"nombre":"Illapel","jerarquia":5},"geometry":{"type":"LineString","coordinates":[[-70.39138,-23.62738],[-70.3911,-23.62555]]}},{"type":"Feature","properties":{"nombre":"Illapel","jerarquia":5},"geometry":{"type":"LineString","coordinates":[[-70.3911,-23.62555],[-70.39095,-23.62485]]}},{"type":"Feature","properties":{"nombre":"Cobija","jerarquia":5},"geometry":{"type":"LineString","coordinates":[[-70.38528,-23.6147],[-70.38541,-23.61467]]}},{"type":"Feature","properties":{"nombre":"Cobija","jerarquia":5},"geometry":{"type":"LineString","coordinates":[[-70.38541,-23.61467],[-70.38828,-23.6142]]}},{"type":"Feature","properties":{"nombre":"Cobija","jerarquia":5},"geometry":{"type":"LineString","coordinates":[[-70.38828,-23.6142],[-70.3884,-23.6142]]}},{"type":"Feature","properties":{"nombre":"Cobija","jerarquia":5},"geometry":{"type":"LineString","coordinates":[[-70.3884,-23.6142],[-70.39028,-23.61387]]}},{"type":"Feature","properties":{"nombre":"Cobija","jerarquia":5},"geometry":{"type":"LineString","coordinates":[[-70.39028,-23.61387],[-70.39038,-23.61385]]}},{"type":"Feature","properties":{"nombre":"Covadonga","jerarquia":5},"geometry":{"type":"LineString","coordinates":[[-70.38604,-23.65093],[-70.38648,-23.65068]]}},{"type":"Feature","properties":{"nombre":"Covadonga","jerarquia":5},"geometry":{"type":"LineString","coordinates":[[-70.38648,-23.65068],[-70.38725,-23.65023]]}},{"type":"Feature","properties":{"nombre":"Covadonga","jerarquia":5},"geometry":{"type":"LineString","coordinates":[[-70.38725,-23.65023],[-70.38731,-23.65019]]}},{"type":"Feature","properties":{"nombre":"Covadonga","jerarquia":5},"geometry":{"type":"LineString","coordinates":[[-70.38731,-23.65019],[-70.38808,-23.64966]]}},{"type":"Feature","properties":{"nombre":"","jerarquia":4},"geometry":{"type":"LineString","coordinates":[[-70.38849,-23.6441],[-70.38832,-23.64361]]}},{"type":"Feature","properties":{"nombre":"","jerarquia":4},"geometry":{"type":"LineString","coordinates":[[-70.38832,-23.64361],[-70.38821,-23.64348]]}},{"type":"Feature","properties":{"nombre":"","jerarquia":4},"geometry":{"type":"LineString","coordinates":[[-70.38821,-23.64348],[-70.38806,-23.64332]]}},{"type":"Feature","properties":{"nombre":"Loa","jerarquia":5},"geometry":{"type":"LineString","coordinates":[[-70.39107,-23.62807],[-70.39095,-23.62748],[-70.3908,-23.62704],[-70.39013,-23.62584]]}},{"type":"Feature","properties":{"nombre":"Loa","jerarquia":5},"geometry":{"type":"LineString","coordinates":[[-70.39013,-23.62584],[-70.38939,-23.62469]]}},{"type":"Feature","properties":{"nombre":"Loa","jerarquia":5},"geometry":{"type":"LineString","coordinates":[[-70.38939,-23.62469],[-70.38915,-23.6243]]}},{"type":"Feature","properties":{"nombre":"Isabel Riquelme","jerarquia":5},"geometry":{"type":"LineString","coordinates":[[-70.38494,-23.61329],[-70.38486,-23.61329]]}},{"type":"Feature","properties":{"nombre":"Isabel Riquelme","jerarquia":5},"geometry":{"type":"LineString","coordinates":[[-70.38486,-23.61329],[-70.38382,-23.61325]]}},{"type":"Feature","properties":{"nombre":"Isabel Riquelme","jerarquia":5},"geometry":{"type":"LineString","coordinates":[[-70.38382,-23.61325],[-70.38313,-23.61286]]}},{"type":"Feature","properties":{"nombre":"Isabel Riquelme","jerarquia":5},"geometry":{"type":"LineString","coordinates":[[-70.38313,-23.61286],[-70.38275,-23.61262]]}},{"type":"Feature","properties":{"nombre":"Isabel Riquelme","jerarquia":5},"geometry":{"type":"LineString","coordinates":[[-70.38275,-23.61262],[-70.38266,-23.61258]]}},{"type":"Feature","properties":{"nombre":"Pisagua","jerarquia":4},"geometry":{"type":"LineString","coordinates":[[-70.38974,-23.62176],[-70.38963,-23.62177]]}},{"type":"Feature","properties":{"nombre":"Pisagua","jerarquia":4},"geometry":{"type":"LineString","coordinates":[[-70.38963,-23.62177],[-70.38918,-23.62193]]}},{"type":"Feature","properties":{"nombre":"Pisagua","jerarquia":4},"geometry":{"type":"LineString","coordinates":[[-70.38918,-23.62193],[-70.38912,-23.62195]]}},{"type":"Feature","properties":{"nombre":"Pisagua","jerarquia":4},"geometry":{"type":"LineString","coordinates":[[-70.38912,-23.62195],[-70.38874,-23.62208]]}},{"type":"Feature","properties":{"nombre":"Pisagua","jerarquia":4},"geometry":{"type":"LineString","coordinates":[[-70.38874,-23.62208],[-70.3882,-23.62232]]}},{"type":"Feature","properties":{"nombre":"Pisagua","jerarquia":4},"geometry":{"type":"LineString","coordinates":[[-70.3882,-23.62232],[-70.38796,-23.62241]]}},{"type":"Feature","properties":{"nombre":"Pisagua","jerarquia":4},"geometry":{"type":"LineString","coordinates":[[-70.38796,-23.62241],[-70.3876,-23.62261]]}},{"type":"Feature","properties":{"nombre":"Pisagua","jerarquia":4},"geometry":{"type":"LineString","coordinates":[[-70.3876,-23.62261],[-70.38706,-23.62292]]}},{"type":"Feature","properties":{"nombre":"General Óscar Bonilla","jerarquia":5},"geometry":{"type":"LineString","coordinates":[[-70.37976,-23.60334],[-70.37965,-23.60317],[-70.379,-23.60247]]}},{"type":"Feature","properties":{"nombre":"General Óscar Bonilla","jerarquia":5},"geometry":{"type":"LineString","coordinates":[[-70.379,-23.60247],[-70.37885,-23.6023]]}},{"type":"Feature","properties":{"nombre":"General Óscar Bonilla","jerarquia":5},"geometry":{"type":"LineString","coordinates":[[-70.37885,-23.6023],[-70.37862,-23.602],[-70.37854,-23.6014]]}},{"type":"Feature","properties":{"nombre":"General Óscar Bonilla","jerarquia":5},"geometry":{"type":"LineString","coordinates":[[-70.37854,-23.6014],[-70.3784,-23.59937]]}},{"type":"Feature","properties":{"nombre":"General Óscar Bonilla","jerarquia":5},"geometry":{"type":"LineString","coordinates":[[-70.3784,-23.59937],[-70.3785,-23.59882]]}},{"type":"Feature","properties":{"nombre":"","jerarquia":4},"geometry":{"type":"LineString","coordinates":[[-70.37956,-23.60356],[-70.37976,-23.60334]]}},{"type":"Feature","properties":{"nombre":"","jerarquia":4},"geometry":{"type":"LineString","coordinates":[[-70.37761,-23.59324],[-70.3777,-23.59309],[-70.37797,-23.59288]]}},{"type":"Feature","properties":{"nombre":"","jerarquia":4},"geometry":{"type":"LineString","coordinates":[[-70.37797,-23.59288],[-70.37858,-23.59253]]}},{"type":"Feature","properties":{"nombre":"Avenida Radomiro Tomic","jerarquia":4},"geometry":{"type":"LineString","coordinates":[[-70.38445,-23.60984],[-70.38436,-23.60979]]}},{"type":"Feature","properties":{"nombre":"Avenida Radomiro Tomic","jerarquia":4},"geometry":{"type":"LineString","coordinates":[[-70.38436,-23.60979],[-70.3842,-23.60965]]}},{"type":"Feature","properties":{"nombre":"Avenida Radomiro Tomic","jerarquia":4},"geometry":{"type":"LineString","coordinates":[[-70.3842,-23.60965],[-70.38409,-23.60944],[-70.38411,-23.60911]]}},{"type":"Feature","properties":{"nombre":"Avenida Radomiro Tomic","jerarquia":4},"geometry":{"type":"LineString","coordinates":[[-70.38411,-23.60911],[-70.38431,-23.60788]]}},{"type":"Feature","properties":{"nombre":"Avenida Radomiro Tomic","jerarquia":4},"geometry":{"type":"LineString","coordinates":[[-70.38431,-23.60788],[-70.38465,-23.60738],[-70.38474,-23.60716],[-70.38504,-23.6041]]}},{"type":"Feature","properties":{"nombre":"Avenida Radomiro Tomic","jerarquia":4},"geometry":{"type":"LineString","coordinates":[[-70.38504,-23.6041],[-70.38506,-23.60399]]}},{"type":"Feature","properties":{"nombre":"Avenida Radomiro Tomic","jerarquia":4},"geometry":{"type":"LineString","coordinates":[[-70.38506,-23.60399],[-70.38507,-23.60392]]}},{"type":"Feature","properties":{"nombre":"Avenida Radomiro Tomic","jerarquia":4},"geometry":{"type":"LineString","coordinates":[[-70.38507,-23.60392],[-70.38508,-23.6038]]}},{"type":"Feature","properties":{"nombre":"Avenida Radomiro Tomic","jerarquia":4},"geometry":{"type":"LineString","coordinates":[[-70.38508,-23.6038],[-70.38526,-23.60196]]}},{"type":"Feature","properties":{"nombre":"Avenida Radomiro Tomic","jerarquia":4},"geometry":{"type":"LineString","coordinates":[[-70.38526,-23.60196],[-70.38531,-23.601]]}},{"type":"Feature","properties":{"nombre":"Avenida Radomiro Tomic","jerarquia":4},"geometry":{"type":"LineString","coordinates":[[-70.38531,-23.601],[-70.38538,-23.59955]]}},{"type":"Feature","properties":{"nombre":"Avenida Radomiro Tomic","jerarquia":4},"geometry":{"type":"LineString","coordinates":[[-70.38538,-23.59955],[-70.38541,-23.59899]]}},{"type":"Feature","properties":{"nombre":"Avenida Radomiro Tomic","jerarquia":4},"geometry":{"type":"LineString","coordinates":[[-70.38541,-23.59899],[-70.38548,-23.59724]]}},{"type":"Feature","properties":{"nombre":"Avenida Radomiro Tomic","jerarquia":4},"geometry":{"type":"LineString","coordinates":[[-70.38548,-23.59724],[-70.38552,-23.59629]]}},{"type":"Feature","properties":{"nombre":"Avenida Radomiro Tomic","jerarquia":4},"geometry":{"type":"LineString","coordinates":[[-70.38552,-23.59629],[-70.38562,-23.59423]]}},{"type":"Feature","properties":{"nombre":"Avenida Radomiro Tomic","jerarquia":4},"geometry":{"type":"LineString","coordinates":[[-70.38562,-23.59423],[-70.38572,-23.5924]]}},{"type":"Feature","properties":{"nombre":"Avenida Radomiro Tomic","jerarquia":4},"geometry":{"type":"LineString","coordinates":[[-70.38572,-23.5924],[-70.38572,-23.59232]]}},{"type":"Feature","properties":{"nombre":"Nicolás Tirado","jerarquia":4},"geometry":{"type":"LineString","coordinates":[[-70.39687,-23.59244],[-70.39674,-23.59239],[-70.3954,-23.59235]]}},{"type":"Feature","properties":{"nombre":"Nicolás Tirado","jerarquia":4},"geometry":{"type":"LineString","coordinates":[[-70.3954,-23.59235],[-70.39529,-23.59234]]}},{"type":"Feature","properties":{"nombre":"Nicolás Tirado","jerarquia":4},"geometry":{"type":"LineString","coordinates":[[-70.37834,-23.59281],[-70.37858,-23.59268]]}},{"type":"Feature","properties":{"nombre":"Mar del Plata","jerarquia":5},"geometry":{"type":"LineString","coordinates":[[-70.41172,-23.69742],[-70.4118,-23.69694]]}},{"type":"Feature","properties":{"nombre":"Mar del Plata","jerarquia":5},"geometry":{"type":"LineString","coordinates":[[-70.4118,-23.69694],[-70.41182,-23.6968]]}},{"type":"Feature","properties":{"nombre":"Mar del Plata","jerarquia":5},"geometry":{"type":"LineString","coordinates":[[-70.41182,-23.6968],[-70.41188,-23.69647]]}},{"type":"Feature","properties":{"nombre":"Mar del Plata","jerarquia":5},"geometry":{"type":"LineString","coordinates":[[-70.41188,-23.69647],[-70.41196,-23.69604]]}},{"type":"Feature","properties":{"nombre":"Mar del Plata","jerarquia":5},"geometry":{"type":"LineString","coordinates":[[-70.41016,-23.68602],[-70.41015,-23.68634],[-70.41071,-23.68768]]}},{"type":"Feature","properties":{"nombre":"Mar del Plata","jerarquia":5},"geometry":{"type":"LineString","coordinates":[[-70.41071,-23.68768],[-70.41089,-23.6881]]}},{"type":"Feature","properties":{"nombre":"Mar del Plata","jerarquia":5},"geometry":{"type":"LineString","coordinates":[[-70.41089,-23.6881],[-70.41105,-23.68848]]}},{"type":"Feature","properties":{"nombre":"Mar del Plata","jerarquia":5},"geometry":{"type":"LineString","coordinates":[[-70.41105,-23.68848],[-70.41125,-23.68893]]}},{"type":"Feature","properties":{"nombre":"Mar del Plata","jerarquia":5},"geometry":{"type":"LineString","coordinates":[[-70.41125,-23.68893],[-70.41145,-23.68939]]}},{"type":"Feature","properties":{"nombre":"Mar del Plata","jerarquia":5},"geometry":{"type":"LineString","coordinates":[[-70.41145,-23.68939],[-70.41166,-23.68985]]}},{"type":"Feature","properties":{"nombre":"Mar del Plata","jerarquia":5},"geometry":{"type":"LineString","coordinates":[[-70.41166,-23.68985],[-70.41172,-23.69007],[-70.41177,-23.69097]]}},{"type":"Feature","properties":{"nombre":"Mar del Plata","jerarquia":5},"geometry":{"type":"LineString","coordinates":[[-70.41177,-23.69097],[-70.41183,-23.69146]]}},{"type":"Feature","properties":{"nombre":"Mar del Plata","jerarquia":5},"geometry":{"type":"LineString","coordinates":[[-70.41183,-23.69146],[-70.4119,-23.69192]]}},{"type":"Feature","properties":{"nombre":"Mar del Plata","jerarquia":5},"geometry":{"type":"LineString","coordinates":[[-70.4119,-23.69192],[-70.41198,-23.69283]]}},{"type":"Feature","properties":{"nombre":"Mehuín","jerarquia":5},"geometry":{"type":"LineString","coordinates":[[-70.40764,-23.68906],[-70.40721,-23.68916]]}},{"type":"Feature","properties":{"nombre":"Mehuín","jerarquia":5},"geometry":{"type":"LineString","coordinates":[[-70.40721,-23.68916],[-70.40679,-23.68938],[-70.40648,-23.68965],[-70.40604,-23.69038]]}},{"type":"Feature","properties":{"nombre":"Mehuín","jerarquia":5},"geometry":{"type":"LineString","coordinates":[[-70.40604,-23.69038],[-70.40585,-23.69074]]}},{"type":"Feature","properties":{"nombre":"Mehuín","jerarquia":5},"geometry":{"type":"LineString","coordinates":[[-70.40585,-23.69074],[-70.4058,-23.691]]}},{"type":"Feature","properties":{"nombre":"Mehuín","jerarquia":5},"geometry":{"type":"LineString","coordinates":[[-70.4058,-23.691],[-70.40575,-23.69136]]}},{"type":"Feature","properties":{"nombre":"Mehuín","jerarquia":5},"geometry":{"type":"LineString","coordinates":[[-70.40575,-23.69136],[-70.40579,-23.69174],[-70.40593,-23.69219]]}},{"type":"Feature","properties":{"nombre":"Santa Elena","jerarquia":5},"geometry":{"type":"LineString","coordinates":[[-70.40907,-23.69329],[-70.40947,-23.69327]]}},{"type":"Feature","properties":{"nombre":"Santa Elena","jerarquia":5},"geometry":{"type":"LineString","coordinates":[[-70.40947,-23.69327],[-70.40956,-23.69327]]}},{"type":"Feature","properties":{"nombre":"Santa Elena","jerarquia":5},"geometry":{"type":"LineString","coordinates":[[-70.40956,-23.69327],[-70.41007,-23.69324]]}},{"type":"Feature","properties":{"nombre":"Antilhue","jerarquia":4},"geometry":{"type":"LineString","coordinates":[[-70.40389,-23.67811],[-70.40469,-23.67919]]}},{"type":"Feature","properties":{"nombre":"Antilhue","jerarquia":4},"geometry":{"type":"LineString","coordinates":[[-70.40469,-23.67919],[-70.40511,-23.67928],[-70.40523,-23.67936],[-70.40582,-23.68046]]}},{"type":"Feature","properties":{"nombre":"Antilhue","jerarquia":4},"geometry":{"type":"LineString","coordinates":[[-70.40582,-23.68046],[-70.40675,-23.68167],[-70.40707,-23.68247],[-70.40733,-23.68501],[-70.40736,-23.68596]]}},{"type":"Feature","properties":{"nombre":"Antilhue","jerarquia":4},"geometry":{"type":"LineString","coordinates":[[-70.40736,-23.68596],[-70.40735,-23.68675]]}},{"type":"Feature","properties":{"nombre":"Antilhue","jerarquia":4},"geometry":{"type":"LineString","coordinates":[[-70.40735,-23.68675],[-70.40739,-23.68758]]}},{"type":"Feature","properties":{"nombre":"Antilhue","jerarquia":4},"geometry":{"type":"LineString","coordinates":[[-70.40739,-23.68758],[-70.4076,-23.68884]]}},{"type":"Feature","properties":{"nombre":"Antilhue","jerarquia":4},"geometry":{"type":"LineString","coordinates":[[-70.4076,-23.68884],[-70.40764,-23.68906]]}},{"type":"Feature","properties":{"nombre":"Antilhue","jerarquia":4},"geometry":{"type":"LineString","coordinates":[[-70.40764,-23.68906],[-70.40767,-23.68919]]}},{"type":"Feature","properties":{"nombre":"Antilhue","jerarquia":4},"geometry":{"type":"LineString","coordinates":[[-70.40767,-23.68919],[-70.40779,-23.68978]]}},{"type":"Feature","properties":{"nombre":"Antilhue","jerarquia":5},"geometry":{"type":"LineString","coordinates":[[-70.40881,-23.69252],[-70.40907,-23.69329]]}},{"type":"Feature","properties":{"nombre":"Antilhue","jerarquia":5},"geometry":{"type":"LineString","coordinates":[[-70.40907,-23.69329],[-70.40913,-23.69421]]}},{"type":"Feature","properties":{"nombre":"Antilhue","jerarquia":5},"geometry":{"type":"LineString","coordinates":[[-70.40913,-23.69421],[-70.40898,-23.69474]]}},{"type":"Feature","properties":{"nombre":"Antilhue","jerarquia":5},"geometry":{"type":"LineString","coordinates":[[-70.40898,-23.69474],[-70.40888,-23.69493]]}},{"type":"Feature","properties":{"nombre":"Santa Mercedes","jerarquia":5},"geometry":{"type":"LineString","coordinates":[[-70.40925,-23.69688],[-70.41045,-23.69682]]}},{"type":"Feature","properties":{"nombre":"Avenida Jaime Guzmán Errázuriz","jerarquia":4},"geometry":{"type":"LineString","coordinates":[[-70.4347,-23.71997],[-70.4343,-23.71892],[-70.43371,-23.71551],[-70.43341,-23.71438]]}},{"type":"Feature","properties":{"nombre":"Avenida Jaime Guzmán Errázuriz","jerarquia":4},"geometry":{"type":"LineString","coordinates":[[-70.43341,-23.71438],[-70.43305,-23.71314]]}},{"type":"Feature","properties":{"nombre":"Avenida Jaime Guzmán Errázuriz","jerarquia":4},"geometry":{"type":"LineString","coordinates":[[-70.43305,-23.71314],[-70.43302,-23.71306]]}},{"type":"Feature","properties":{"nombre":"Avenida Jaime Guzmán Errázuriz","jerarquia":4},"geometry":{"type":"LineString","coordinates":[[-70.43302,-23.71306],[-70.43257,-23.71207],[-70.43147,-23.71011],[-70.43084,-23.70947],[-70.43038,-23.70917],[-70.43001,-23.70901]]}},{"type":"Feature","properties":{"nombre":"Avenida de la Minería","jerarquia":2},"geometry":{"type":"LineString","coordinates":[[-70.42156,-23.6974],[-70.42127,-23.69763]]}},{"type":"Feature","properties":{"nombre":"Claudio Arrau","jerarquia":5},"geometry":{"type":"LineString","coordinates":[[-70.42415,-23.70503],[-70.42398,-23.70511]]}},{"type":"Feature","properties":{"nombre":"Claudio Arrau","jerarquia":5},"geometry":{"type":"LineString","coordinates":[[-70.42398,-23.70511],[-70.42336,-23.70542]]}},{"type":"Feature","properties":{"nombre":"Claudio Arrau","jerarquia":5},"geometry":{"type":"LineString","coordinates":[[-70.42336,-23.70542],[-70.42294,-23.70564]]}},{"type":"Feature","properties":{"nombre":"Claudio Arrau","jerarquia":5},"geometry":{"type":"LineString","coordinates":[[-70.42294,-23.70564],[-70.42245,-23.70588]]}},{"type":"Feature","properties":{"nombre":"Claudio Arrau","jerarquia":5},"geometry":{"type":"LineString","coordinates":[[-70.42245,-23.70588],[-70.42188,-23.7061]]}},{"type":"Feature","properties":{"nombre":"Claudio Arrau","jerarquia":5},"geometry":{"type":"LineString","coordinates":[[-70.42188,-23.7061],[-70.42159,-23.70613],[-70.42127,-23.70609]]}},{"type":"Feature","properties":{"nombre":"Claudio Arrau","jerarquia":5},"geometry":{"type":"LineString","coordinates":[[-70.42127,-23.70609],[-70.42034,-23.70592]]}},{"type":"Feature","properties":{"nombre":"Claudio Arrau","jerarquia":5},"geometry":{"type":"LineString","coordinates":[[-70.42034,-23.70592],[-70.4196,-23.7057],[-70.41906,-23.70536]]}},{"type":"Feature","properties":{"nombre":"Claudio Arrau","jerarquia":5},"geometry":{"type":"LineString","coordinates":[[-70.41906,-23.70536],[-70.41855,-23.70484],[-70.4181,-23.70404],[-70.41797,-23.70388]]}},{"type":"Feature","properties":{"nombre":"Claudio Arrau","jerarquia":5},"geometry":{"type":"LineString","coordinates":[[-70.41797,-23.70388],[-70.41775,-23.7037],[-70.41744,-23.70355],[-70.41662,-23.70335]]}},{"type":"Feature","properties":{"nombre":"","jerarquia":2},"geometry":{"type":"LineString","coordinates":[[-70.40835,-23.67118],[-70.40828,-23.67137],[-70.40816,-23.67139]]}},{"type":"Feature","properties":{"nombre":"Salvador Reyes","jerarquia":5},"geometry":{"type":"LineString","coordinates":[[-70.39622,-23.65905],[-70.39633,-23.65905]]}},{"type":"Feature","properties":{"nombre":"Pedro León Gallo","jerarquia":5},"geometry":{"type":"LineString","coordinates":[[-70.40912,-23.67799],[-70.40974,-23.67782]]}},{"type":"Feature","properties":{"nombre":"Pedro León Gallo","jerarquia":5},"geometry":{"type":"LineString","coordinates":[[-70.40974,-23.67782],[-70.41014,-23.6777]]}},{"type":"Feature","properties":{"nombre":"Pedro León Gallo","jerarquia":5},"geometry":{"type":"LineString","coordinates":[[-70.41014,-23.6777],[-70.41056,-23.67757]]}},{"type":"Feature","properties":{"nombre":"Pedro León Gallo","jerarquia":5},"geometry":{"type":"LineString","coordinates":[[-70.41056,-23.67757],[-70.41071,-23.67753]]}},{"type":"Feature","properties":{"nombre":"Pedro León Gallo","jerarquia":5},"geometry":{"type":"LineString","coordinates":[[-70.41071,-23.67753],[-70.41098,-23.67745]]}},{"type":"Feature","properties":{"nombre":"Pedro León Gallo","jerarquia":5},"geometry":{"type":"LineString","coordinates":[[-70.41098,-23.67745],[-70.41141,-23.67732]]}},{"type":"Feature","properties":{"nombre":"Pedro León Gallo","jerarquia":5},"geometry":{"type":"LineString","coordinates":[[-70.41141,-23.67732],[-70.4119,-23.67718]]}},{"type":"Feature","properties":{"nombre":"Pedro León Gallo","jerarquia":5},"geometry":{"type":"LineString","coordinates":[[-70.4119,-23.67718],[-70.41249,-23.677]]}},{"type":"Feature","properties":{"nombre":"","jerarquia":4},"geometry":{"type":"LineString","coordinates":[[-70.38507,-23.64857],[-70.38525,-23.64877]]}},{"type":"Feature","properties":{"nombre":"Avenida Circunvalación Padre Alberto Hurtado","jerarquia":4},"geometry":{"type":"LineString","coordinates":[[-70.37461,-23.63026],[-70.37497,-23.63053]]}},{"type":"Feature","properties":{"nombre":"Avenida Circunvalación Padre Alberto Hurtado","jerarquia":4},"geometry":{"type":"LineString","coordinates":[[-70.37497,-23.63053],[-70.37527,-23.63074]]}},{"type":"Feature","properties":{"nombre":"Avenida Circunvalación Padre Alberto Hurtado","jerarquia":4},"geometry":{"type":"LineString","coordinates":[[-70.37527,-23.63074],[-70.37569,-23.63105]]}},{"type":"Feature","properties":{"nombre":"Avenida Circunvalación Padre Alberto Hurtado","jerarquia":4},"geometry":{"type":"LineString","coordinates":[[-70.37569,-23.63105],[-70.37609,-23.6313]]}},{"type":"Feature","properties":{"nombre":"Avenida Circunvalación Padre Alberto Hurtado","jerarquia":4},"geometry":{"type":"LineString","coordinates":[[-70.37609,-23.6313],[-70.37647,-23.63156]]}},{"type":"Feature","properties":{"nombre":"Avenida Circunvalación Padre Alberto Hurtado","jerarquia":4},"geometry":{"type":"LineString","coordinates":[[-70.37647,-23.63156],[-70.37691,-23.63184]]}},{"type":"Feature","properties":{"nombre":"Avenida Circunvalación Padre Alberto Hurtado","jerarquia":4},"geometry":{"type":"LineString","coordinates":[[-70.37691,-23.63184],[-70.37727,-23.63211]]}},{"type":"Feature","properties":{"nombre":"Avenida Circunvalación Padre Alberto Hurtado","jerarquia":4},"geometry":{"type":"LineString","coordinates":[[-70.37727,-23.63211],[-70.37732,-23.63214]]}},{"type":"Feature","properties":{"nombre":"Avenida Circunvalación Padre Alberto Hurtado","jerarquia":4},"geometry":{"type":"LineString","coordinates":[[-70.37732,-23.63214],[-70.37741,-23.63219]]}},{"type":"Feature","properties":{"nombre":"Avenida Circunvalación Padre Alberto Hurtado","jerarquia":4},"geometry":{"type":"LineString","coordinates":[[-70.37741,-23.63219],[-70.37771,-23.63232]]}},{"type":"Feature","properties":{"nombre":"Guillermo Serey","jerarquia":4},"geometry":{"type":"LineString","coordinates":[[-70.37367,-23.6294],[-70.37377,-23.62962],[-70.37437,-23.63]]}},{"type":"Feature","properties":{"nombre":"","jerarquia":2},"geometry":{"type":"LineString","coordinates":[[-70.37443,-23.62942],[-70.37425,-23.6295],[-70.37416,-23.62961],[-70.37418,-23.62972],[-70.37437,-23.63]]}},{"type":"Feature","properties":{"nombre":"","jerarquia":2},"geometry":{"type":"LineString","coordinates":[[-70.3765,-23.6291],[-70.37633,-23.62921],[-70.37629,-23.6293],[-70.37631,-23.62947],[-70.37642,-23.62961]]}},{"type":"Feature","properties":{"nombre":"","jerarquia":2},"geometry":{"type":"LineString","coordinates":[[-70.37344,-23.62958],[-70.37301,-23.62936]]}},{"type":"Feature","properties":{"nombre":"","jerarquia":2},"geometry":{"type":"LineString","coordinates":[[-70.37301,-23.62936],[-70.37284,-23.62926]]}},{"type":"Feature","properties":{"nombre":"General Óscar Bonilla","jerarquia":4},"geometry":{"type":"LineString","coordinates":[[-70.37582,-23.62394],[-70.37582,-23.62383]]}},{"type":"Feature","properties":{"nombre":"General Óscar Bonilla","jerarquia":4},"geometry":{"type":"LineString","coordinates":[[-70.37582,-23.62383],[-70.37566,-23.62216]]}},{"type":"Feature","properties":{"nombre":"General Óscar Bonilla","jerarquia":4},"geometry":{"type":"LineString","coordinates":[[-70.37566,-23.62216],[-70.37562,-23.62195]]}},{"type":"Feature","properties":{"nombre":"General Óscar Bonilla","jerarquia":4},"geometry":{"type":"LineString","coordinates":[[-70.37562,-23.62195],[-70.37547,-23.62107]]}},{"type":"Feature","properties":{"nombre":"General Óscar Bonilla","jerarquia":4},"geometry":{"type":"LineString","coordinates":[[-70.37547,-23.62107],[-70.37536,-23.62026]]}},{"type":"Feature","properties":{"nombre":"General Óscar Bonilla","jerarquia":4},"geometry":{"type":"LineString","coordinates":[[-70.37536,-23.62026],[-70.37541,-23.62003]]}},{"type":"Feature","properties":{"nombre":"General Óscar Bonilla","jerarquia":4},"geometry":{"type":"LineString","coordinates":[[-70.37541,-23.62003],[-70.3756,-23.61955]]}},{"type":"Feature","properties":{"nombre":"General Óscar Bonilla","jerarquia":4},"geometry":{"type":"LineString","coordinates":[[-70.3756,-23.61955],[-70.37584,-23.61884]]}},{"type":"Feature","properties":{"nombre":"General Óscar Bonilla","jerarquia":4},"geometry":{"type":"LineString","coordinates":[[-70.37584,-23.61884],[-70.37621,-23.61785]]}},{"type":"Feature","properties":{"nombre":"General Óscar Bonilla","jerarquia":4},"geometry":{"type":"LineString","coordinates":[[-70.37621,-23.61785],[-70.37624,-23.61775]]}},{"type":"Feature","properties":{"nombre":"General Óscar Bonilla","jerarquia":4},"geometry":{"type":"LineString","coordinates":[[-70.37624,-23.61775],[-70.37632,-23.61758]]}},{"type":"Feature","properties":{"nombre":"General Óscar Bonilla","jerarquia":4},"geometry":{"type":"LineString","coordinates":[[-70.37632,-23.61758],[-70.37659,-23.61719]]}},{"type":"Feature","properties":{"nombre":"General Óscar Bonilla","jerarquia":4},"geometry":{"type":"LineString","coordinates":[[-70.37659,-23.61719],[-70.37694,-23.61669]]}},{"type":"Feature","properties":{"nombre":"General Óscar Bonilla","jerarquia":4},"geometry":{"type":"LineString","coordinates":[[-70.37694,-23.61669],[-70.37727,-23.61617]]}},{"type":"Feature","properties":{"nombre":"General Óscar Bonilla","jerarquia":4},"geometry":{"type":"LineString","coordinates":[[-70.37727,-23.61617],[-70.3776,-23.61573]]}},{"type":"Feature","properties":{"nombre":"","jerarquia":2},"geometry":{"type":"LineString","coordinates":[[-70.37363,-23.62899],[-70.37371,-23.62906]]}},{"type":"Feature","properties":{"nombre":"","jerarquia":2},"geometry":{"type":"LineString","coordinates":[[-70.37371,-23.62906],[-70.37383,-23.62913]]}},{"type":"Feature","properties":{"nombre":"","jerarquia":2},"geometry":{"type":"LineString","coordinates":[[-70.37277,-23.6289],[-70.3731,-23.6289],[-70.37333,-23.62884]]}},{"type":"Feature","properties":{"nombre":"","jerarquia":2},"geometry":{"type":"LineString","coordinates":[[-70.37333,-23.62884],[-70.37347,-23.62877]]}},{"type":"Feature","properties":{"nombre":"Alcalde Harris","jerarquia":5},"geometry":{"type":"LineString","coordinates":[[-70.37779,-23.62281],[-70.37794,-23.62365],[-70.37789,-23.62377]]}},{"type":"Feature","properties":{"nombre":"Centenario","jerarquia":5},"geometry":{"type":"LineString","coordinates":[[-70.37504,-23.62717],[-70.37491,-23.62721]]}},{"type":"Feature","properties":{"nombre":"Centenario","jerarquia":5},"geometry":{"type":"LineString","coordinates":[[-70.37491,-23.62721],[-70.37452,-23.62734]]}},{"type":"Feature","properties":{"nombre":"Centenario","jerarquia":5},"geometry":{"type":"LineString","coordinates":[[-70.37452,-23.62734],[-70.37408,-23.62748]]}},{"type":"Feature","properties":{"nombre":"Centenario","jerarquia":5},"geometry":{"type":"LineString","coordinates":[[-70.37408,-23.62748],[-70.3739,-23.62754]]}},{"type":"Feature","properties":{"nombre":"Puerto Natales","jerarquia":5},"geometry":{"type":"LineString","coordinates":[[-70.37895,-23.62094],[-70.37891,-23.62087]]}},{"type":"Feature","properties":{"nombre":"Puerto Natales","jerarquia":5},"geometry":{"type":"LineString","coordinates":[[-70.37891,-23.62087],[-70.37842,-23.6201]]}},{"type":"Feature","properties":{"nombre":"Puerto Natales","jerarquia":5},"geometry":{"type":"LineString","coordinates":[[-70.37842,-23.6201],[-70.37837,-23.62002]]}},{"type":"Feature","properties":{"nombre":"Puerto Natales","jerarquia":5},"geometry":{"type":"LineString","coordinates":[[-70.37837,-23.62002],[-70.37831,-23.61992]]}},{"type":"Feature","properties":{"nombre":"Puerto Natales","jerarquia":5},"geometry":{"type":"LineString","coordinates":[[-70.37831,-23.61992],[-70.37779,-23.61909]]}},{"type":"Feature","properties":{"nombre":"Puerto Natales","jerarquia":5},"geometry":{"type":"LineString","coordinates":[[-70.37779,-23.61909],[-70.37724,-23.61822]]}},{"type":"Feature","properties":{"nombre":"Puerto Natales","jerarquia":5},"geometry":{"type":"LineString","coordinates":[[-70.37724,-23.61822],[-70.37669,-23.61734]]}},{"type":"Feature","properties":{"nombre":"Puerto Natales","jerarquia":5},"geometry":{"type":"LineString","coordinates":[[-70.37669,-23.61734],[-70.37659,-23.61719]]}},{"type":"Feature","properties":{"nombre":"Acceso a Aeropuerto Andrés Sabella","jerarquia":5},"geometry":{"type":"LineString","coordinates":[[-70.44055,-23.44848],[-70.44075,-23.45011]]}},{"type":"Feature","properties":{"nombre":"Acceso a Aeropuerto Andrés Sabella","jerarquia":5},"geometry":{"type":"LineString","coordinates":[[-70.44031,-23.44852],[-70.44041,-23.4484],[-70.44049,-23.44841],[-70.44055,-23.44848]]}},{"type":"Feature","properties":{"nombre":"Rancagua","jerarquia":5},"geometry":{"type":"LineString","coordinates":[[-70.38185,-23.6135],[-70.38211,-23.61339]]}},{"type":"Feature","properties":{"nombre":"Luis Cruz Martínez","jerarquia":5},"geometry":{"type":"LineString","coordinates":[[-70.37489,-23.59932],[-70.37482,-23.59833]]}},{"type":"Feature","properties":{"nombre":"Luis Cruz Martínez","jerarquia":5},"geometry":{"type":"LineString","coordinates":[[-70.37482,-23.59833],[-70.37479,-23.59789]]}},{"type":"Feature","properties":{"nombre":"Luis Cruz Martínez","jerarquia":5},"geometry":{"type":"LineString","coordinates":[[-70.37479,-23.59789],[-70.37473,-23.59687]]}},{"type":"Feature","properties":{"nombre":"Luis Cruz Martínez","jerarquia":5},"geometry":{"type":"LineString","coordinates":[[-70.37473,-23.59687],[-70.37467,-23.59605]]}},{"type":"Feature","properties":{"nombre":"Luis Cruz Martínez","jerarquia":5},"geometry":{"type":"LineString","coordinates":[[-70.37467,-23.59605],[-70.37464,-23.59551]]}},{"type":"Feature","properties":{"nombre":"Luis Cruz Martínez","jerarquia":5},"geometry":{"type":"LineString","coordinates":[[-70.37464,-23.59551],[-70.3746,-23.59496]]}},{"type":"Feature","properties":{"nombre":"Luis Cruz Martínez","jerarquia":5},"geometry":{"type":"LineString","coordinates":[[-70.3746,-23.59496],[-70.37452,-23.59414]]}},{"type":"Feature","properties":{"nombre":"Avenida Pedro Aguirre Cerda","jerarquia":4},"geometry":{"type":"LineString","coordinates":[[-70.38926,-23.60386],[-70.3892,-23.60391],[-70.38913,-23.60415],[-70.38901,-23.60421]]}},{"type":"Feature","properties":{"nombre":"","jerarquia":4},"geometry":{"type":"LineString","coordinates":[[-70.37789,-23.60354],[-70.37771,-23.6037]]}},{"type":"Feature","properties":{"nombre":"Juvenal Morla","jerarquia":5},"geometry":{"type":"LineString","coordinates":[[-70.38541,-23.59899],[-70.38491,-23.59901]]}},{"type":"Feature","properties":{"nombre":"Juvenal Morla","jerarquia":5},"geometry":{"type":"LineString","coordinates":[[-70.38491,-23.59901],[-70.38443,-23.59903]]}},{"type":"Feature","properties":{"nombre":"Juvenal Morla","jerarquia":5},"geometry":{"type":"LineString","coordinates":[[-70.38443,-23.59903],[-70.38425,-23.59904]]}},{"type":"Feature","properties":{"nombre":"Juvenal Morla","jerarquia":5},"geometry":{"type":"LineString","coordinates":[[-70.38425,-23.59904],[-70.38371,-23.59908]]}},{"type":"Feature","properties":{"nombre":"Juvenal Morla","jerarquia":5},"geometry":{"type":"LineString","coordinates":[[-70.38371,-23.59908],[-70.38348,-23.59909]]}},{"type":"Feature","properties":{"nombre":"Juvenal Morla","jerarquia":5},"geometry":{"type":"LineString","coordinates":[[-70.38348,-23.59909],[-70.38329,-23.5991]]}},{"type":"Feature","properties":{"nombre":"Juvenal Morla","jerarquia":5},"geometry":{"type":"LineString","coordinates":[[-70.38329,-23.5991],[-70.38322,-23.5991]]}},{"type":"Feature","properties":{"nombre":"Juvenal Morla","jerarquia":5},"geometry":{"type":"LineString","coordinates":[[-70.38322,-23.5991],[-70.38238,-23.59915]]}},{"type":"Feature","properties":{"nombre":"Juvenal Morla","jerarquia":5},"geometry":{"type":"LineString","coordinates":[[-70.38238,-23.59915],[-70.38198,-23.59918]]}},{"type":"Feature","properties":{"nombre":"Mateo de Toro y Zambrano","jerarquia":5},"geometry":{"type":"LineString","coordinates":[[-70.38552,-23.59629],[-70.38522,-23.5963]]}},{"type":"Feature","properties":{"nombre":"Mateo de Toro y Zambrano","jerarquia":5},"geometry":{"type":"LineString","coordinates":[[-70.3771,-23.59708],[-70.37671,-23.59696]]}},{"type":"Feature","properties":{"nombre":"Mateo de Toro y Zambrano","jerarquia":5},"geometry":{"type":"LineString","coordinates":[[-70.37671,-23.59696],[-70.37644,-23.59695]]}},{"type":"Feature","properties":{"nombre":"Mateo de Toro y Zambrano","jerarquia":5},"geometry":{"type":"LineString","coordinates":[[-70.37644,-23.59695],[-70.37628,-23.59694]]}},{"type":"Feature","properties":{"nombre":"Mateo de Toro y Zambrano","jerarquia":5},"geometry":{"type":"LineString","coordinates":[[-70.37628,-23.59694],[-70.37604,-23.59693]]}},{"type":"Feature","properties":{"nombre":"Mateo de Toro y Zambrano","jerarquia":5},"geometry":{"type":"LineString","coordinates":[[-70.37604,-23.59693],[-70.37586,-23.59692]]}},{"type":"Feature","properties":{"nombre":"Mateo de Toro y Zambrano","jerarquia":5},"geometry":{"type":"LineString","coordinates":[[-70.37586,-23.59692],[-70.37564,-23.59691]]}},{"type":"Feature","properties":{"nombre":"Mateo de Toro y Zambrano","jerarquia":5},"geometry":{"type":"LineString","coordinates":[[-70.37564,-23.59691],[-70.37522,-23.59689]]}},{"type":"Feature","properties":{"nombre":"Mateo de Toro y Zambrano","jerarquia":5},"geometry":{"type":"LineString","coordinates":[[-70.37522,-23.59689],[-70.37516,-23.59689]]}},{"type":"Feature","properties":{"nombre":"Mateo de Toro y Zambrano","jerarquia":5},"geometry":{"type":"LineString","coordinates":[[-70.37516,-23.59689],[-70.37473,-23.59687]]}},{"type":"Feature","properties":{"nombre":"Bandera","jerarquia":5},"geometry":{"type":"LineString","coordinates":[[-70.38229,-23.60377],[-70.38227,-23.60358]]}},{"type":"Feature","properties":{"nombre":"Bandera","jerarquia":5},"geometry":{"type":"LineString","coordinates":[[-70.38227,-23.60358],[-70.38225,-23.60331]]}},{"type":"Feature","properties":{"nombre":"Bandera","jerarquia":5},"geometry":{"type":"LineString","coordinates":[[-70.38225,-23.60331],[-70.38222,-23.60286]]}},{"type":"Feature","properties":{"nombre":"Bandera","jerarquia":5},"geometry":{"type":"LineString","coordinates":[[-70.38222,-23.60286],[-70.3822,-23.6025]]}},{"type":"Feature","properties":{"nombre":"Bandera","jerarquia":5},"geometry":{"type":"LineString","coordinates":[[-70.3822,-23.6025],[-70.38218,-23.60214]]}},{"type":"Feature","properties":{"nombre":"Bandera","jerarquia":5},"geometry":{"type":"LineString","coordinates":[[-70.38218,-23.60214],[-70.38211,-23.6012]]}},{"type":"Feature","properties":{"nombre":"Bandera","jerarquia":5},"geometry":{"type":"LineString","coordinates":[[-70.38211,-23.6012],[-70.38204,-23.60015]]}},{"type":"Feature","properties":{"nombre":"Bandera","jerarquia":5},"geometry":{"type":"LineString","coordinates":[[-70.38204,-23.60015],[-70.38202,-23.59972]]}},{"type":"Feature","properties":{"nombre":"Bandera","jerarquia":5},"geometry":{"type":"LineString","coordinates":[[-70.38202,-23.59972],[-70.38198,-23.59918]]}},{"type":"Feature","properties":{"nombre":"Miguel Carrera","jerarquia":5},"geometry":{"type":"LineString","coordinates":[[-70.38431,-23.60788],[-70.38427,-23.60776],[-70.38431,-23.60694]]}},{"type":"Feature","properties":{"nombre":"Miguel Carrera","jerarquia":5},"geometry":{"type":"LineString","coordinates":[[-70.38431,-23.60694],[-70.38437,-23.60647]]}},{"type":"Feature","properties":{"nombre":"Miguel Carrera","jerarquia":5},"geometry":{"type":"LineString","coordinates":[[-70.38437,-23.60647],[-70.38449,-23.60546]]}},{"type":"Feature","properties":{"nombre":"Miguel Carrera","jerarquia":5},"geometry":{"type":"LineString","coordinates":[[-70.38449,-23.60546],[-70.38454,-23.605]]}},{"type":"Feature","properties":{"nombre":"Miguel Carrera","jerarquia":5},"geometry":{"type":"LineString","coordinates":[[-70.38454,-23.605],[-70.38464,-23.604]]}},{"type":"Feature","properties":{"nombre":"Miguel Carrera","jerarquia":5},"geometry":{"type":"LineString","coordinates":[[-70.38464,-23.604],[-70.38465,-23.60392]]}},{"type":"Feature","properties":{"nombre":"Miguel Carrera","jerarquia":5},"geometry":{"type":"LineString","coordinates":[[-70.38465,-23.60392],[-70.38472,-23.60358]]}},{"type":"Feature","properties":{"nombre":"Miguel Carrera","jerarquia":5},"geometry":{"type":"LineString","coordinates":[[-70.38472,-23.60358],[-70.38482,-23.603]]}},{"type":"Feature","properties":{"nombre":"Miguel Carrera","jerarquia":5},"geometry":{"type":"LineString","coordinates":[[-70.38482,-23.603],[-70.3849,-23.60246]]}},{"type":"Feature","properties":{"nombre":"Miguel Carrera","jerarquia":5},"geometry":{"type":"LineString","coordinates":[[-70.3849,-23.60246],[-70.38498,-23.60199]]}},{"type":"Feature","properties":{"nombre":"Miguel Carrera","jerarquia":5},"geometry":{"type":"LineString","coordinates":[[-70.38498,-23.60199],[-70.385,-23.60153]]}},{"type":"Feature","properties":{"nombre":"Miguel Carrera","jerarquia":5},"geometry":{"type":"LineString","coordinates":[[-70.385,-23.60153],[-70.38502,-23.60104]]}},{"type":"Feature","properties":{"nombre":"Miguel Carrera","jerarquia":5},"geometry":{"type":"LineString","coordinates":[[-70.38502,-23.60104],[-70.385,-23.6001]]}},{"type":"Feature","properties":{"nombre":"Miguel Carrera","jerarquia":5},"geometry":{"type":"LineString","coordinates":[[-70.385,-23.6001],[-70.38492,-23.5991]]}},{"type":"Feature","properties":{"nombre":"Miguel Carrera","jerarquia":5},"geometry":{"type":"LineString","coordinates":[[-70.38492,-23.5991],[-70.38491,-23.59901]]}},{"type":"Feature","properties":{"nombre":"Miguel Carrera","jerarquia":5},"geometry":{"type":"LineString","coordinates":[[-70.38491,-23.59901],[-70.38489,-23.59853],[-70.3851,-23.59807]]}},{"type":"Feature","properties":{"nombre":"Miguel Carrera","jerarquia":5},"geometry":{"type":"LineString","coordinates":[[-70.3851,-23.59807],[-70.38523,-23.59764]]}},{"type":"Feature","properties":{"nombre":"Miguel Carrera","jerarquia":5},"geometry":{"type":"LineString","coordinates":[[-70.38523,-23.59764],[-70.38526,-23.59723]]}},{"type":"Feature","properties":{"nombre":"Miguel Carrera","jerarquia":5},"geometry":{"type":"LineString","coordinates":[[-70.38526,-23.59723],[-70.38522,-23.59639]]}},{"type":"Feature","properties":{"nombre":"Miguel Carrera","jerarquia":5},"geometry":{"type":"LineString","coordinates":[[-70.38522,-23.59639],[-70.38522,-23.5963]]}},{"type":"Feature","properties":{"nombre":"Mateo de Toro y Zambrano","jerarquia":5},"geometry":{"type":"LineString","coordinates":[[-70.3797,-23.59647],[-70.37923,-23.59649]]}},{"type":"Feature","properties":{"nombre":"Mateo de Toro y Zambrano","jerarquia":5},"geometry":{"type":"LineString","coordinates":[[-70.37923,-23.59649],[-70.37873,-23.59652]]}},{"type":"Feature","properties":{"nombre":"Mateo de Toro y Zambrano","jerarquia":5},"geometry":{"type":"LineString","coordinates":[[-70.37873,-23.59652],[-70.37853,-23.59653]]}},{"type":"Feature","properties":{"nombre":"Guardiamarina Arturo Fernández","jerarquia":4},"geometry":{"type":"LineString","coordinates":[[-70.37834,-23.59281],[-70.37817,-23.5929]]}},{"type":"Feature","properties":{"nombre":"Guardiamarina Arturo Fernández","jerarquia":4},"geometry":{"type":"LineString","coordinates":[[-70.37817,-23.5929],[-70.37785,-23.59309]]}},{"type":"Feature","properties":{"nombre":"Guardiamarina Arturo Fernández","jerarquia":4},"geometry":{"type":"LineString","coordinates":[[-70.37785,-23.59309],[-70.37761,-23.59324]]}},{"type":"Feature","properties":{"nombre":"Guardiamarina Arturo Fernández","jerarquia":4},"geometry":{"type":"LineString","coordinates":[[-70.37761,-23.59324],[-70.37753,-23.5933]]}},{"type":"Feature","properties":{"nombre":"Guardiamarina Arturo Fernández","jerarquia":4},"geometry":{"type":"LineString","coordinates":[[-70.37753,-23.5933],[-70.37722,-23.5935]]}},{"type":"Feature","properties":{"nombre":"Huamachuco","jerarquia":5},"geometry":{"type":"LineString","coordinates":[[-70.38083,-23.58933],[-70.38087,-23.5889]]}},{"type":"Feature","properties":{"nombre":"Huamachuco","jerarquia":5},"geometry":{"type":"LineString","coordinates":[[-70.38087,-23.5889],[-70.38087,-23.58884]]}},{"type":"Feature","properties":{"nombre":"Huamachuco","jerarquia":5},"geometry":{"type":"LineString","coordinates":[[-70.38087,-23.58884],[-70.3809,-23.58856]]}},{"type":"Feature","properties":{"nombre":"Huamachuco","jerarquia":5},"geometry":{"type":"LineString","coordinates":[[-70.3809,-23.58856],[-70.38091,-23.58841]]}},{"type":"Feature","properties":{"nombre":"Huamachuco","jerarquia":5},"geometry":{"type":"LineString","coordinates":[[-70.38091,-23.58841],[-70.38094,-23.58807]]}},{"type":"Feature","properties":{"nombre":"Huamachuco","jerarquia":5},"geometry":{"type":"LineString","coordinates":[[-70.38094,-23.58807],[-70.38095,-23.58796]]}},{"type":"Feature","properties":{"nombre":"Huamachuco","jerarquia":5},"geometry":{"type":"LineString","coordinates":[[-70.38095,-23.58796],[-70.38099,-23.58753]]}},{"type":"Feature","properties":{"nombre":"Huamachuco","jerarquia":5},"geometry":{"type":"LineString","coordinates":[[-70.38099,-23.58753],[-70.381,-23.58741]]}},{"type":"Feature","properties":{"nombre":"Huamachuco","jerarquia":5},"geometry":{"type":"LineString","coordinates":[[-70.381,-23.58741],[-70.38107,-23.58669]]}},{"type":"Feature","properties":{"nombre":"","jerarquia":4},"geometry":{"type":"LineString","coordinates":[[-70.37742,-23.60347],[-70.37757,-23.60334]]}},{"type":"Feature","properties":{"nombre":"","jerarquia":4},"geometry":{"type":"LineString","coordinates":[[-70.37757,-23.60334],[-70.37761,-23.60328]]}},{"type":"Feature","properties":{"nombre":"Morro de Arica","jerarquia":5},"geometry":{"type":"LineString","coordinates":[[-70.38465,-23.58693],[-70.38458,-23.58788]]}},{"type":"Feature","properties":{"nombre":"Morro de Arica","jerarquia":5},"geometry":{"type":"LineString","coordinates":[[-70.38458,-23.58788],[-70.38455,-23.58824]]}},{"type":"Feature","properties":{"nombre":"Morro de Arica","jerarquia":5},"geometry":{"type":"LineString","coordinates":[[-70.38455,-23.58824],[-70.38451,-23.58879]]}},{"type":"Feature","properties":{"nombre":"Morro de Arica","jerarquia":5},"geometry":{"type":"LineString","coordinates":[[-70.38451,-23.58879],[-70.38446,-23.58957]]}},{"type":"Feature","properties":{"nombre":"Morro de Arica","jerarquia":5},"geometry":{"type":"LineString","coordinates":[[-70.38446,-23.58957],[-70.38451,-23.58993]]}},{"type":"Feature","properties":{"nombre":"Morro de Arica","jerarquia":5},"geometry":{"type":"LineString","coordinates":[[-70.38451,-23.58993],[-70.38456,-23.59017]]}},{"type":"Feature","properties":{"nombre":"Morro de Arica","jerarquia":5},"geometry":{"type":"LineString","coordinates":[[-70.38456,-23.59017],[-70.38457,-23.59025]]}},{"type":"Feature","properties":{"nombre":"Morro de Arica","jerarquia":5},"geometry":{"type":"LineString","coordinates":[[-70.38457,-23.59025],[-70.3846,-23.59041]]}},{"type":"Feature","properties":{"nombre":"Morro de Arica","jerarquia":5},"geometry":{"type":"LineString","coordinates":[[-70.3846,-23.59041],[-70.38464,-23.59063]]}},{"type":"Feature","properties":{"nombre":"Morro de Arica","jerarquia":5},"geometry":{"type":"LineString","coordinates":[[-70.38464,-23.59063],[-70.38471,-23.59097]]}},{"type":"Feature","properties":{"nombre":"Morro de Arica","jerarquia":5},"geometry":{"type":"LineString","coordinates":[[-70.38471,-23.59097],[-70.38477,-23.59133]]}},{"type":"Feature","properties":{"nombre":"Morro de Arica","jerarquia":5},"geometry":{"type":"LineString","coordinates":[[-70.38477,-23.59133],[-70.38483,-23.59168]]}},{"type":"Feature","properties":{"nombre":"Morro de Arica","jerarquia":5},"geometry":{"type":"LineString","coordinates":[[-70.38483,-23.59168],[-70.38497,-23.59234]]}},{"type":"Feature","properties":{"nombre":"","jerarquia":2},"geometry":{"type":"LineString","coordinates":[[-70.39345,-23.59963],[-70.39349,-23.59971],[-70.39347,-23.59983]]}},{"type":"Feature","properties":{"nombre":"Artesanía","jerarquia":5},"geometry":{"type":"LineString","coordinates":[[-70.39267,-23.60075],[-70.39231,-23.60069]]}},{"type":"Feature","properties":{"nombre":"Artesanía","jerarquia":5},"geometry":{"type":"LineString","coordinates":[[-70.39231,-23.60069],[-70.39195,-23.60063]]}},{"type":"Feature","properties":{"nombre":"Artesanía","jerarquia":5},"geometry":{"type":"LineString","coordinates":[[-70.39195,-23.60063],[-70.39186,-23.60062]]}},{"type":"Feature","properties":{"nombre":"Artesanía","jerarquia":5},"geometry":{"type":"LineString","coordinates":[[-70.39186,-23.60062],[-70.39151,-23.60056]]}},{"type":"Feature","properties":{"nombre":"Artesanía","jerarquia":5},"geometry":{"type":"LineString","coordinates":[[-70.39151,-23.60056],[-70.39121,-23.60051]]}},{"type":"Feature","properties":{"nombre":"Artesanía","jerarquia":5},"geometry":{"type":"LineString","coordinates":[[-70.39121,-23.60051],[-70.3908,-23.60045]]}},{"type":"Feature","properties":{"nombre":"Artesanía","jerarquia":5},"geometry":{"type":"LineString","coordinates":[[-70.3908,-23.60045],[-70.39008,-23.60033]]}},{"type":"Feature","properties":{"nombre":"Artesanía","jerarquia":5},"geometry":{"type":"LineString","coordinates":[[-70.39008,-23.60033],[-70.38939,-23.60022]]}},{"type":"Feature","properties":{"nombre":"","jerarquia":4},"geometry":{"type":"LineString","coordinates":[[-70.38744,-23.59199],[-70.38756,-23.59174]]}},{"type":"Feature","properties":{"nombre":"","jerarquia":4},"geometry":{"type":"LineString","coordinates":[[-70.38756,-23.59174],[-70.38756,-23.59165]]}},{"type":"Feature","properties":{"nombre":"Sargento Manuel Silva","jerarquia":5},"geometry":{"type":"LineString","coordinates":[[-70.38867,-23.58915],[-70.38981,-23.58921]]}},{"type":"Feature","properties":{"nombre":"Padre Juan Orione Feltri","jerarquia":5},"geometry":{"type":"LineString","coordinates":[[-70.37426,-23.57743],[-70.37446,-23.5775]]}},{"type":"Feature","properties":{"nombre":"Padre Juan Orione Feltri","jerarquia":5},"geometry":{"type":"LineString","coordinates":[[-70.37446,-23.5775],[-70.3751,-23.57771]]}},{"type":"Feature","properties":{"nombre":"Padre Juan Orione Feltri","jerarquia":5},"geometry":{"type":"LineString","coordinates":[[-70.3751,-23.57771],[-70.37547,-23.57783]]}},{"type":"Feature","properties":{"nombre":"Padre Juan Orione Feltri","jerarquia":5},"geometry":{"type":"LineString","coordinates":[[-70.37547,-23.57783],[-70.37553,-23.57785]]}},{"type":"Feature","properties":{"nombre":"Padre Juan Orione Feltri","jerarquia":5},"geometry":{"type":"LineString","coordinates":[[-70.37553,-23.57785],[-70.37612,-23.57804]]}},{"type":"Feature","properties":{"nombre":"Padre Juan Orione Feltri","jerarquia":5},"geometry":{"type":"LineString","coordinates":[[-70.37612,-23.57804],[-70.37631,-23.5781]]}},{"type":"Feature","properties":{"nombre":"Padre Juan Orione Feltri","jerarquia":5},"geometry":{"type":"LineString","coordinates":[[-70.37631,-23.5781],[-70.37693,-23.57826]]}},{"type":"Feature","properties":{"nombre":"Padre Juan Orione Feltri","jerarquia":5},"geometry":{"type":"LineString","coordinates":[[-70.37693,-23.57826],[-70.37729,-23.57828]]}},{"type":"Feature","properties":{"nombre":"Padre Juan Orione Feltri","jerarquia":5},"geometry":{"type":"LineString","coordinates":[[-70.37729,-23.57828],[-70.37777,-23.57832]]}},{"type":"Feature","properties":{"nombre":"Padre Juan Orione Feltri","jerarquia":5},"geometry":{"type":"LineString","coordinates":[[-70.37777,-23.57832],[-70.37825,-23.57835]]}},{"type":"Feature","properties":{"nombre":"Padre Juan Orione Feltri","jerarquia":5},"geometry":{"type":"LineString","coordinates":[[-70.37825,-23.57835],[-70.37868,-23.57838]]}},{"type":"Feature","properties":{"nombre":"Padre Juan Orione Feltri","jerarquia":5},"geometry":{"type":"LineString","coordinates":[[-70.37868,-23.57838],[-70.37906,-23.57841]]}},{"type":"Feature","properties":{"nombre":"Padre Juan Orione Feltri","jerarquia":5},"geometry":{"type":"LineString","coordinates":[[-70.37906,-23.57841],[-70.37954,-23.57844]]}},{"type":"Feature","properties":{"nombre":"Padre Juan Orione Feltri","jerarquia":5},"geometry":{"type":"LineString","coordinates":[[-70.37954,-23.57844],[-70.38001,-23.57847]]}},{"type":"Feature","properties":{"nombre":"Padre Juan Orione Feltri","jerarquia":5},"geometry":{"type":"LineString","coordinates":[[-70.38001,-23.57847],[-70.38045,-23.5785]]}},{"type":"Feature","properties":{"nombre":"Padre Juan Orione Feltri","jerarquia":5},"geometry":{"type":"LineString","coordinates":[[-70.38045,-23.5785],[-70.38086,-23.57853]]}},{"type":"Feature","properties":{"nombre":"Padre Juan Orione Feltri","jerarquia":5},"geometry":{"type":"LineString","coordinates":[[-70.38086,-23.57853],[-70.38126,-23.57856]]}},{"type":"Feature","properties":{"nombre":"Padre Juan Orione Feltri","jerarquia":5},"geometry":{"type":"LineString","coordinates":[[-70.38126,-23.57856],[-70.38173,-23.57859]]}},{"type":"Feature","properties":{"nombre":"","jerarquia":3},"geometry":{"type":"LineString","coordinates":[[-70.39057,-23.59219],[-70.39006,-23.59223],[-70.38987,-23.59237],[-70.38982,-23.59251]]}},{"type":"Feature","properties":{"nombre":"","jerarquia":3},"geometry":{"type":"LineString","coordinates":[[-70.38982,-23.59251],[-70.38976,-23.59267]]}},{"type":"Feature","properties":{"nombre":"Héroes de la Concepción","jerarquia":5},"geometry":{"type":"LineString","coordinates":[[-70.38693,-23.58997],[-70.38697,-23.59005]]}},{"type":"Feature","properties":{"nombre":"Héroes de la Concepción","jerarquia":5},"geometry":{"type":"LineString","coordinates":[[-70.38697,-23.59005],[-70.38711,-23.59032]]}},{"type":"Feature","properties":{"nombre":"Héroes de la Concepción","jerarquia":5},"geometry":{"type":"LineString","coordinates":[[-70.38711,-23.59032],[-70.38788,-23.59188]]}},{"type":"Feature","properties":{"nombre":"","jerarquia":4},"geometry":{"type":"LineString","coordinates":[[-70.39057,-23.59219],[-70.39044,-23.59206],[-70.3905,-23.5918]]}},{"type":"Feature","properties":{"nombre":"Avenida Edmundo Pérez Zujovic","jerarquia":5},"geometry":{"type":"LineString","coordinates":[[-70.39337,-23.59959],[-70.39398,-23.59853]]}},{"type":"Feature","properties":{"nombre":"Avenida Edmundo Pérez Zujovic","jerarquia":5},"geometry":{"type":"LineString","coordinates":[[-70.39398,-23.59853],[-70.39442,-23.59785],[-70.39491,-23.59728]]}},{"type":"Feature","properties":{"nombre":"Avenida Edmundo Pérez Zujovic","jerarquia":5},"geometry":{"type":"LineString","coordinates":[[-70.39491,-23.59728],[-70.39576,-23.59631]]}},{"type":"Feature","properties":{"nombre":"Avenida Edmundo Pérez Zujovic","jerarquia":5},"geometry":{"type":"LineString","coordinates":[[-70.39576,-23.59631],[-70.39604,-23.59598]]}},{"type":"Feature","properties":{"nombre":"Avenida Edmundo Pérez Zujovic","jerarquia":5},"geometry":{"type":"LineString","coordinates":[[-70.39604,-23.59598],[-70.39663,-23.59526]]}},{"type":"Feature","properties":{"nombre":"Avenida Edmundo Pérez Zujovic","jerarquia":5},"geometry":{"type":"LineString","coordinates":[[-70.39663,-23.59526],[-70.39671,-23.59503],[-70.39652,-23.59489]]}},{"type":"Feature","properties":{"nombre":"","jerarquia":2},"geometry":{"type":"LineString","coordinates":[[-70.39427,-23.59844],[-70.39411,-23.59853]]}},{"type":"Feature","properties":{"nombre":"","jerarquia":2},"geometry":{"type":"LineString","coordinates":[[-70.39411,-23.59853],[-70.39406,-23.59854]]}},{"type":"Feature","properties":{"nombre":"El Azufre","jerarquia":5},"geometry":{"type":"LineString","coordinates":[[-70.3931,-23.59452],[-70.39317,-23.59453]]}},{"type":"Feature","properties":{"nombre":"","jerarquia":2},"geometry":{"type":"LineString","coordinates":[[-70.39663,-23.59526],[-70.3968,-23.59516]]}},{"type":"Feature","properties":{"nombre":"","jerarquia":2},"geometry":{"type":"LineString","coordinates":[[-70.39704,-23.59481],[-70.39687,-23.59495]]}},{"type":"Feature","properties":{"nombre":"Onix","jerarquia":5},"geometry":{"type":"LineString","coordinates":[[-70.38958,-23.59767],[-70.39088,-23.59831]]}},{"type":"Feature","properties":{"nombre":"Onix","jerarquia":5},"geometry":{"type":"LineString","coordinates":[[-70.39088,-23.59831],[-70.3915,-23.59862]]}},{"type":"Feature","properties":{"nombre":"","jerarquia":2},"geometry":{"type":"LineString","coordinates":[[-70.39412,-23.58753],[-70.39398,-23.58726],[-70.39402,-23.58718]]}},{"type":"Feature","properties":{"nombre":"","jerarquia":3},"geometry":{"type":"LineString","coordinates":[[-70.39007,-23.58792],[-70.39015,-23.58803]]}},{"type":"Feature","properties":{"nombre":"Víctor Farías","jerarquia":5},"geometry":{"type":"LineString","coordinates":[[-70.38552,-23.57778],[-70.38548,-23.5782]]}},{"type":"Feature","properties":{"nombre":"Víctor Farías","jerarquia":5},"geometry":{"type":"LineString","coordinates":[[-70.38548,-23.5782],[-70.38538,-23.57932]]}},{"type":"Feature","properties":{"nombre":"Víctor Farías","jerarquia":5},"geometry":{"type":"LineString","coordinates":[[-70.38538,-23.57932],[-70.38527,-23.58044]]}},{"type":"Feature","properties":{"nombre":"Víctor Farías","jerarquia":5},"geometry":{"type":"LineString","coordinates":[[-70.38527,-23.58044],[-70.38517,-23.58154]]}},{"type":"Feature","properties":{"nombre":"Víctor Farías","jerarquia":5},"geometry":{"type":"LineString","coordinates":[[-70.38517,-23.58154],[-70.38513,-23.58193]]}},{"type":"Feature","properties":{"nombre":"Héroes de la Concepción","jerarquia":5},"geometry":{"type":"LineString","coordinates":[[-70.38552,-23.58703],[-70.38557,-23.58718]]}},{"type":"Feature","properties":{"nombre":"Héroes de la Concepción","jerarquia":5},"geometry":{"type":"LineString","coordinates":[[-70.38557,-23.58718],[-70.38568,-23.58742]]}},{"type":"Feature","properties":{"nombre":"Héroes de la Concepción","jerarquia":5},"geometry":{"type":"LineString","coordinates":[[-70.38568,-23.58742],[-70.38572,-23.58749]]}},{"type":"Feature","properties":{"nombre":"Héroes de la Concepción","jerarquia":5},"geometry":{"type":"LineString","coordinates":[[-70.38572,-23.58749],[-70.38611,-23.58826]]}},{"type":"Feature","properties":{"nombre":"Héroes de la Concepción","jerarquia":5},"geometry":{"type":"LineString","coordinates":[[-70.38611,-23.58826],[-70.38615,-23.58833]]}},{"type":"Feature","properties":{"nombre":"Héroes de la Concepción","jerarquia":5},"geometry":{"type":"LineString","coordinates":[[-70.38615,-23.58833],[-70.38629,-23.58865]]}},{"type":"Feature","properties":{"nombre":"Héroes de la Concepción","jerarquia":5},"geometry":{"type":"LineString","coordinates":[[-70.38629,-23.58865],[-70.38647,-23.58903]]}},{"type":"Feature","properties":{"nombre":"Héroes de la Concepción","jerarquia":5},"geometry":{"type":"LineString","coordinates":[[-70.38647,-23.58903],[-70.38664,-23.58938]]}},{"type":"Feature","properties":{"nombre":"Héroes de la Concepción","jerarquia":5},"geometry":{"type":"LineString","coordinates":[[-70.38664,-23.58938],[-70.38693,-23.58997]]}},{"type":"Feature","properties":{"nombre":"Avenida Pedro Aguirre Cerda","jerarquia":3},"geometry":{"type":"LineString","coordinates":[[-70.39071,-23.57899],[-70.39072,-23.57894]]}},{"type":"Feature","properties":{"nombre":"Avenida Pedro Aguirre Cerda","jerarquia":3},"geometry":{"type":"LineString","coordinates":[[-70.39072,-23.57894],[-70.39078,-23.5782]]}},{"type":"Feature","properties":{"nombre":"Avenida Pedro Aguirre Cerda","jerarquia":3},"geometry":{"type":"LineString","coordinates":[[-70.39078,-23.5782],[-70.39083,-23.57774]]}},{"type":"Feature","properties":{"nombre":"Avenida Pedro Aguirre Cerda","jerarquia":3},"geometry":{"type":"LineString","coordinates":[[-70.39083,-23.57774],[-70.39094,-23.57665]]}},{"type":"Feature","properties":{"nombre":"Avenida Pedro Aguirre Cerda","jerarquia":3},"geometry":{"type":"LineString","coordinates":[[-70.39094,-23.57665],[-70.39094,-23.57656]]}},{"type":"Feature","properties":{"nombre":"Avenida Pedro Aguirre Cerda","jerarquia":3},"geometry":{"type":"LineString","coordinates":[[-70.39094,-23.57656],[-70.39103,-23.57553]]}},{"type":"Feature","properties":{"nombre":"Avenida Pedro Aguirre Cerda","jerarquia":3},"geometry":{"type":"LineString","coordinates":[[-70.39103,-23.57553],[-70.39105,-23.57531]]}},{"type":"Feature","properties":{"nombre":"Avenida Pedro Aguirre Cerda","jerarquia":3},"geometry":{"type":"LineString","coordinates":[[-70.39105,-23.57531],[-70.39114,-23.57378]]}},{"type":"Feature","properties":{"nombre":"Avenida Pedro Aguirre Cerda","jerarquia":3},"geometry":{"type":"LineString","coordinates":[[-70.39114,-23.57378],[-70.39114,-23.5736]]}},{"type":"Feature","properties":{"nombre":"Avenida Pedro Aguirre Cerda","jerarquia":3},"geometry":{"type":"LineString","coordinates":[[-70.39114,-23.5736],[-70.39111,-23.57336]]}},{"type":"Feature","properties":{"nombre":"Avenida Pedro Aguirre Cerda","jerarquia":3},"geometry":{"type":"LineString","coordinates":[[-70.39111,-23.57336],[-70.39076,-23.57128]]}},{"type":"Feature","properties":{"nombre":"Avenida Pedro Aguirre Cerda","jerarquia":3},"geometry":{"type":"LineString","coordinates":[[-70.39076,-23.57128],[-70.3907,-23.57079],[-70.39072,-23.57015]]}},{"type":"Feature","properties":{"nombre":"Avenida Pedro Aguirre Cerda","jerarquia":3},"geometry":{"type":"LineString","coordinates":[[-70.39077,-23.57937],[-70.39066,-23.5807]]}},{"type":"Feature","properties":{"nombre":"","jerarquia":2},"geometry":{"type":"LineString","coordinates":[[-70.31374,-23.83346],[-70.3139,-23.83376],[-70.31424,-23.83396]]}},{"type":"Feature","properties":{"nombre":"","jerarquia":2},"geometry":{"type":"LineString","coordinates":[[-70.3105,-23.7614],[-70.31027,-23.7611],[-70.30978,-23.76072]]}},{"type":"Feature","properties":{"nombre":"","jerarquia":5},"geometry":{"type":"LineString","coordinates":[[-70.30515,-23.77195],[-70.30465,-23.77198],[-70.3043,-23.77208]]}},{"type":"Feature","properties":{"nombre":"Cerro Pedregal","jerarquia":5},"geometry":{"type":"LineString","coordinates":[[-70.37614,-23.59093],[-70.37617,-23.59031]]}},{"type":"Feature","properties":{"nombre":"Cerro Pedregal","jerarquia":5},"geometry":{"type":"LineString","coordinates":[[-70.37617,-23.59031],[-70.37617,-23.59004]]}},{"type":"Feature","properties":{"nombre":"Cerro Pedregal","jerarquia":5},"geometry":{"type":"LineString","coordinates":[[-70.37617,-23.59004],[-70.37619,-23.58914]]}},{"type":"Feature","properties":{"nombre":"Cerro Pedregal","jerarquia":5},"geometry":{"type":"LineString","coordinates":[[-70.37619,-23.58914],[-70.37618,-23.58853]]}},{"type":"Feature","properties":{"nombre":"Cerro Pedregal","jerarquia":5},"geometry":{"type":"LineString","coordinates":[[-70.37618,-23.58853],[-70.37618,-23.58789]]}},{"type":"Feature","properties":{"nombre":"Cerro Pedregal","jerarquia":5},"geometry":{"type":"LineString","coordinates":[[-70.37618,-23.58789],[-70.37608,-23.5872]]}},{"type":"Feature","properties":{"nombre":"Cerro Pedregal","jerarquia":5},"geometry":{"type":"LineString","coordinates":[[-70.37608,-23.5872],[-70.37593,-23.58646]]}},{"type":"Feature","properties":{"nombre":"Cerro Pedregal","jerarquia":5},"geometry":{"type":"LineString","coordinates":[[-70.37593,-23.58646],[-70.37582,-23.58604]]}},{"type":"Feature","properties":{"nombre":"Ignacio Carrera Pinto","jerarquia":5},"geometry":{"type":"LineString","coordinates":[[-70.37906,-23.58411],[-70.37858,-23.58407]]}},{"type":"Feature","properties":{"nombre":"Ignacio Carrera Pinto","jerarquia":5},"geometry":{"type":"LineString","coordinates":[[-70.37858,-23.58407],[-70.37823,-23.58405]]}},{"type":"Feature","properties":{"nombre":"Ignacio Carrera Pinto","jerarquia":5},"geometry":{"type":"LineString","coordinates":[[-70.37823,-23.58405],[-70.37812,-23.58404]]}},{"type":"Feature","properties":{"nombre":"Ignacio Carrera Pinto","jerarquia":5},"geometry":{"type":"LineString","coordinates":[[-70.37812,-23.58404],[-70.37781,-23.58402]]}},{"type":"Feature","properties":{"nombre":"Ignacio Carrera Pinto","jerarquia":5},"geometry":{"type":"LineString","coordinates":[[-70.37781,-23.58402],[-70.37733,-23.58398]]}},{"type":"Feature","properties":{"nombre":"Ignacio Carrera Pinto","jerarquia":5},"geometry":{"type":"LineString","coordinates":[[-70.37733,-23.58398],[-70.37682,-23.58395]]}},{"type":"Feature","properties":{"nombre":"Ignacio Carrera Pinto","jerarquia":5},"geometry":{"type":"LineString","coordinates":[[-70.37682,-23.58395],[-70.37586,-23.58388]]}},{"type":"Feature","properties":{"nombre":"Ignacio Carrera Pinto","jerarquia":5},"geometry":{"type":"LineString","coordinates":[[-70.37586,-23.58388],[-70.37514,-23.58383]]}},{"type":"Feature","properties":{"nombre":"Ignacio Carrera Pinto","jerarquia":5},"geometry":{"type":"LineString","coordinates":[[-70.37514,-23.58383],[-70.37476,-23.5838]]}},{"type":"Feature","properties":{"nombre":"Ignacio Carrera Pinto","jerarquia":5},"geometry":{"type":"LineString","coordinates":[[-70.37476,-23.5838],[-70.37416,-23.58376],[-70.37403,-23.58384]]}},{"type":"Feature","properties":{"nombre":"Cerro Pedregal","jerarquia":5},"geometry":{"type":"LineString","coordinates":[[-70.37582,-23.58604],[-70.37573,-23.58595]]}},{"type":"Feature","properties":{"nombre":"Cerro Pedregal","jerarquia":5},"geometry":{"type":"LineString","coordinates":[[-70.37573,-23.58595],[-70.37546,-23.58565]]}},{"type":"Feature","properties":{"nombre":"Cerro Pedregal","jerarquia":5},"geometry":{"type":"LineString","coordinates":[[-70.37546,-23.58565],[-70.37487,-23.58499]]}},{"type":"Feature","properties":{"nombre":"Cerro Pedregal","jerarquia":5},"geometry":{"type":"LineString","coordinates":[[-70.37487,-23.58499],[-70.37447,-23.58456]]}},{"type":"Feature","properties":{"nombre":"Cerro Pedregal","jerarquia":5},"geometry":{"type":"LineString","coordinates":[[-70.37447,-23.58456],[-70.37416,-23.58422]]}},{"type":"Feature","properties":{"nombre":"Cerro Pedregal","jerarquia":5},"geometry":{"type":"LineString","coordinates":[[-70.37416,-23.58422],[-70.37406,-23.58404],[-70.37403,-23.58384]]}},{"type":"Feature","properties":{"nombre":"Arturo Pérez Canto","jerarquia":4},"geometry":{"type":"LineString","coordinates":[[-70.37977,-23.57558],[-70.3803,-23.57561]]}},{"type":"Feature","properties":{"nombre":"Arturo Pérez Canto","jerarquia":4},"geometry":{"type":"LineString","coordinates":[[-70.3803,-23.57561],[-70.38081,-23.57565]]}},{"type":"Feature","properties":{"nombre":"Arturo Pérez Canto","jerarquia":4},"geometry":{"type":"LineString","coordinates":[[-70.38081,-23.57565],[-70.38185,-23.57574]]}},{"type":"Feature","properties":{"nombre":"Arturo Pérez Canto","jerarquia":4},"geometry":{"type":"LineString","coordinates":[[-70.38185,-23.57574],[-70.38195,-23.57575]]}},{"type":"Feature","properties":{"nombre":"Chacalluta","jerarquia":4},"geometry":{"type":"LineString","coordinates":[[-70.39362,-23.57688],[-70.39339,-23.57684]]}},{"type":"Feature","properties":{"nombre":"Chacalluta","jerarquia":4},"geometry":{"type":"LineString","coordinates":[[-70.39339,-23.57684],[-70.39331,-23.57684]]}},{"type":"Feature","properties":{"nombre":"Chacalluta","jerarquia":4},"geometry":{"type":"LineString","coordinates":[[-70.39331,-23.57684],[-70.39312,-23.57682]]}},{"type":"Feature","properties":{"nombre":"Chacalluta","jerarquia":4},"geometry":{"type":"LineString","coordinates":[[-70.39312,-23.57682],[-70.3928,-23.57679]]}},{"type":"Feature","properties":{"nombre":"Chacalluta","jerarquia":4},"geometry":{"type":"LineString","coordinates":[[-70.3928,-23.57679],[-70.39232,-23.57676]]}},{"type":"Feature","properties":{"nombre":"Chacalluta","jerarquia":4},"geometry":{"type":"LineString","coordinates":[[-70.39232,-23.57676],[-70.3919,-23.57672]]}},{"type":"Feature","properties":{"nombre":"Chacalluta","jerarquia":4},"geometry":{"type":"LineString","coordinates":[[-70.3919,-23.57672],[-70.39139,-23.57669]]}},{"type":"Feature","properties":{"nombre":"Chacalluta","jerarquia":4},"geometry":{"type":"LineString","coordinates":[[-70.39139,-23.57669],[-70.39126,-23.57667]]}},{"type":"Feature","properties":{"nombre":"Chacalluta","jerarquia":4},"geometry":{"type":"LineString","coordinates":[[-70.39126,-23.57667],[-70.3912,-23.57668]]}},{"type":"Feature","properties":{"nombre":"Arturo Pérez Canto","jerarquia":5},"geometry":{"type":"LineString","coordinates":[[-70.3754,-23.5752],[-70.37574,-23.57522]]}},{"type":"Feature","properties":{"nombre":"Arturo Pérez Canto","jerarquia":5},"geometry":{"type":"LineString","coordinates":[[-70.37574,-23.57522],[-70.37616,-23.57525]]}},{"type":"Feature","properties":{"nombre":"Arturo Pérez Canto","jerarquia":5},"geometry":{"type":"LineString","coordinates":[[-70.37616,-23.57525],[-70.37662,-23.57529]]}},{"type":"Feature","properties":{"nombre":"Arturo Pérez Canto","jerarquia":5},"geometry":{"type":"LineString","coordinates":[[-70.37662,-23.57529],[-70.37706,-23.57533]]}},{"type":"Feature","properties":{"nombre":"Arturo Pérez Canto","jerarquia":5},"geometry":{"type":"LineString","coordinates":[[-70.37706,-23.57533],[-70.37713,-23.57534]]}},{"type":"Feature","properties":{"nombre":"Arturo Pérez Canto","jerarquia":5},"geometry":{"type":"LineString","coordinates":[[-70.37713,-23.57534],[-70.37743,-23.57535]]}},{"type":"Feature","properties":{"nombre":"Arturo Pérez Canto","jerarquia":5},"geometry":{"type":"LineString","coordinates":[[-70.37743,-23.57535],[-70.37785,-23.57538]]}},{"type":"Feature","properties":{"nombre":"Arturo Pérez Canto","jerarquia":5},"geometry":{"type":"LineString","coordinates":[[-70.37785,-23.57538],[-70.37836,-23.57543],[-70.37848,-23.57548]]}},{"type":"Feature","properties":{"nombre":"Héroes de la Conpcecion","jerarquia":5},"geometry":{"type":"LineString","coordinates":[[-70.38769,-23.59192],[-70.38756,-23.59165]]}},{"type":"Feature","properties":{"nombre":"Juan Pablo II","jerarquia":5},"geometry":{"type":"LineString","coordinates":[[-70.38401,-23.57765],[-70.38463,-23.57771]]}},{"type":"Feature","properties":{"nombre":"Juan Pablo II","jerarquia":5},"geometry":{"type":"LineString","coordinates":[[-70.38463,-23.57771],[-70.38552,-23.57778]]}},{"type":"Feature","properties":{"nombre":"Juan Pablo II","jerarquia":5},"geometry":{"type":"LineString","coordinates":[[-70.38552,-23.57778],[-70.38599,-23.57782]]}},{"type":"Feature","properties":{"nombre":"Juan Pablo II","jerarquia":5},"geometry":{"type":"LineString","coordinates":[[-70.38599,-23.57782],[-70.38648,-23.57786]]}},{"type":"Feature","properties":{"nombre":"Juan Pablo II","jerarquia":5},"geometry":{"type":"LineString","coordinates":[[-70.38648,-23.57786],[-70.38696,-23.5779]]}},{"type":"Feature","properties":{"nombre":"Juan Pablo II","jerarquia":5},"geometry":{"type":"LineString","coordinates":[[-70.38696,-23.5779],[-70.38741,-23.57793]]}},{"type":"Feature","properties":{"nombre":"Juan Pablo II","jerarquia":5},"geometry":{"type":"LineString","coordinates":[[-70.38741,-23.57793],[-70.38786,-23.57797]]}},{"type":"Feature","properties":{"nombre":"Juan Pablo II","jerarquia":5},"geometry":{"type":"LineString","coordinates":[[-70.38786,-23.57797],[-70.38838,-23.57801]]}},{"type":"Feature","properties":{"nombre":"Juan Pablo II","jerarquia":5},"geometry":{"type":"LineString","coordinates":[[-70.38838,-23.57801],[-70.38889,-23.57805]]}},{"type":"Feature","properties":{"nombre":"Juan Pablo II","jerarquia":5},"geometry":{"type":"LineString","coordinates":[[-70.38889,-23.57805],[-70.38915,-23.57807]]}},{"type":"Feature","properties":{"nombre":"Juan Pablo II","jerarquia":5},"geometry":{"type":"LineString","coordinates":[[-70.38915,-23.57807],[-70.38924,-23.57808]]}},{"type":"Feature","properties":{"nombre":"Juan Pablo II","jerarquia":5},"geometry":{"type":"LineString","coordinates":[[-70.38924,-23.57808],[-70.38974,-23.57812]]}},{"type":"Feature","properties":{"nombre":"Juan Pablo II","jerarquia":5},"geometry":{"type":"LineString","coordinates":[[-70.38974,-23.57812],[-70.39019,-23.57815]]}},{"type":"Feature","properties":{"nombre":"Juan Pablo II","jerarquia":5},"geometry":{"type":"LineString","coordinates":[[-70.39019,-23.57815],[-70.39064,-23.57819]]}},{"type":"Feature","properties":{"nombre":"Arturo Pérez Canto","jerarquia":5},"geometry":{"type":"LineString","coordinates":[[-70.37848,-23.57548],[-70.37803,-23.57547]]}},{"type":"Feature","properties":{"nombre":"Arturo Pérez Canto","jerarquia":5},"geometry":{"type":"LineString","coordinates":[[-70.37803,-23.57547],[-70.37754,-23.57542]]}},{"type":"Feature","properties":{"nombre":"Arturo Pérez Canto","jerarquia":5},"geometry":{"type":"LineString","coordinates":[[-70.37754,-23.57542],[-70.37709,-23.5754]]}},{"type":"Feature","properties":{"nombre":"Arturo Pérez Canto","jerarquia":5},"geometry":{"type":"LineString","coordinates":[[-70.37709,-23.5754],[-70.37702,-23.57539]]}},{"type":"Feature","properties":{"nombre":"Arturo Pérez Canto","jerarquia":5},"geometry":{"type":"LineString","coordinates":[[-70.37702,-23.57539],[-70.37658,-23.57536]]}},{"type":"Feature","properties":{"nombre":"Arturo Pérez Canto","jerarquia":5},"geometry":{"type":"LineString","coordinates":[[-70.37658,-23.57536],[-70.37568,-23.57529]]}},{"type":"Feature","properties":{"nombre":"Arturo Pérez Canto","jerarquia":5},"geometry":{"type":"LineString","coordinates":[[-70.37568,-23.57529],[-70.37536,-23.57525]]}},{"type":"Feature","properties":{"nombre":"Arturo Pérez Canto","jerarquia":5},"geometry":{"type":"LineString","coordinates":[[-70.37977,-23.57558],[-70.37929,-23.57554]]}},{"type":"Feature","properties":{"nombre":"Arturo Pérez Canto","jerarquia":5},"geometry":{"type":"LineString","coordinates":[[-70.37929,-23.57554],[-70.37904,-23.57553]]}},{"type":"Feature","properties":{"nombre":"Arturo Pérez Canto","jerarquia":5},"geometry":{"type":"LineString","coordinates":[[-70.37904,-23.57553],[-70.37892,-23.57552]]}},{"type":"Feature","properties":{"nombre":"Arturo Pérez Canto","jerarquia":5},"geometry":{"type":"LineString","coordinates":[[-70.37892,-23.57552],[-70.37848,-23.57548]]}},{"type":"Feature","properties":{"nombre":"Vladimir Saavedra","jerarquia":5},"geometry":{"type":"LineString","coordinates":[[-70.38219,-23.5729],[-70.38181,-23.57287]]}},{"type":"Feature","properties":{"nombre":"Vladimir Saavedra","jerarquia":5},"geometry":{"type":"LineString","coordinates":[[-70.38181,-23.57287],[-70.38148,-23.57285]]}},{"type":"Feature","properties":{"nombre":"Vladimir Saavedra","jerarquia":5},"geometry":{"type":"LineString","coordinates":[[-70.38148,-23.57285],[-70.38103,-23.57282]]}},{"type":"Feature","properties":{"nombre":"Vladimir Saavedra","jerarquia":5},"geometry":{"type":"LineString","coordinates":[[-70.38103,-23.57282],[-70.38054,-23.57279]]}},{"type":"Feature","properties":{"nombre":"Vladimir Saavedra","jerarquia":5},"geometry":{"type":"LineString","coordinates":[[-70.38054,-23.57279],[-70.38,-23.57275]]}},{"type":"Feature","properties":{"nombre":"Héroes de la Concepción","jerarquia":5},"geometry":{"type":"LineString","coordinates":[[-70.38396,-23.576],[-70.38396,-23.57593]]}},{"type":"Feature","properties":{"nombre":"Héroes de la Concepción","jerarquia":5},"geometry":{"type":"LineString","coordinates":[[-70.38396,-23.57593],[-70.38403,-23.57549]]}},{"type":"Feature","properties":{"nombre":"Héroes de la Concepción","jerarquia":5},"geometry":{"type":"LineString","coordinates":[[-70.38403,-23.57549],[-70.38418,-23.57461]]}},{"type":"Feature","properties":{"nombre":"Héroes de la Concepción","jerarquia":5},"geometry":{"type":"LineString","coordinates":[[-70.38418,-23.57461],[-70.38433,-23.57369]]}},{"type":"Feature","properties":{"nombre":"Héroes de la Concepción","jerarquia":5},"geometry":{"type":"LineString","coordinates":[[-70.38433,-23.57369],[-70.38447,-23.5727]]}},{"type":"Feature","properties":{"nombre":"Los Chungungos","jerarquia":5},"geometry":{"type":"LineString","coordinates":[[-70.37426,-23.57743],[-70.37444,-23.57697]]}},{"type":"Feature","properties":{"nombre":"Los Chungungos","jerarquia":5},"geometry":{"type":"LineString","coordinates":[[-70.37444,-23.57697],[-70.37463,-23.57649]]}},{"type":"Feature","properties":{"nombre":"Los Chungungos","jerarquia":5},"geometry":{"type":"LineString","coordinates":[[-70.37463,-23.57649],[-70.37481,-23.57612]]}},{"type":"Feature","properties":{"nombre":"Félix García","jerarquia":5},"geometry":{"type":"LineString","coordinates":[[-70.37811,-23.57031],[-70.37836,-23.57032]]}},{"type":"Feature","properties":{"nombre":"Félix García","jerarquia":5},"geometry":{"type":"LineString","coordinates":[[-70.37836,-23.57032],[-70.37903,-23.57037]]}},{"type":"Feature","properties":{"nombre":"Félix García","jerarquia":5},"geometry":{"type":"LineString","coordinates":[[-70.37903,-23.57037],[-70.37937,-23.57039]]}},{"type":"Feature","properties":{"nombre":"Félix García","jerarquia":5},"geometry":{"type":"LineString","coordinates":[[-70.37937,-23.57039],[-70.38012,-23.57044]]}},{"type":"Feature","properties":{"nombre":"Félix García","jerarquia":5},"geometry":{"type":"LineString","coordinates":[[-70.38012,-23.57044],[-70.3806,-23.57048]]}},{"type":"Feature","properties":{"nombre":"Félix García","jerarquia":5},"geometry":{"type":"LineString","coordinates":[[-70.3806,-23.57048],[-70.38121,-23.57052]]}},{"type":"Feature","properties":{"nombre":"Félix García","jerarquia":5},"geometry":{"type":"LineString","coordinates":[[-70.38121,-23.57052],[-70.3818,-23.57056]]}},{"type":"Feature","properties":{"nombre":"Félix García","jerarquia":5},"geometry":{"type":"LineString","coordinates":[[-70.3818,-23.57056],[-70.3826,-23.57059]]}},{"type":"Feature","properties":{"nombre":"Río Maule","jerarquia":5},"geometry":{"type":"LineString","coordinates":[[-70.37659,-23.58649],[-70.37669,-23.5856]]}},{"type":"Feature","properties":{"nombre":"Río Maule","jerarquia":5},"geometry":{"type":"LineString","coordinates":[[-70.37669,-23.5856],[-70.37674,-23.58477]]}},{"type":"Feature","properties":{"nombre":"Río Maule","jerarquia":5},"geometry":{"type":"LineString","coordinates":[[-70.37674,-23.58477],[-70.37677,-23.5844]]}},{"type":"Feature","properties":{"nombre":"Río Maule","jerarquia":5},"geometry":{"type":"LineString","coordinates":[[-70.37677,-23.5844],[-70.37682,-23.58395]]}},{"type":"Feature","properties":{"nombre":"Río Maule","jerarquia":5},"geometry":{"type":"LineString","coordinates":[[-70.37682,-23.58395],[-70.37685,-23.58349]]}},{"type":"Feature","properties":{"nombre":"Río Maule","jerarquia":5},"geometry":{"type":"LineString","coordinates":[[-70.37685,-23.58349],[-70.37691,-23.58296]]}},{"type":"Feature","properties":{"nombre":"Río Maule","jerarquia":5},"geometry":{"type":"LineString","coordinates":[[-70.37691,-23.58296],[-70.37696,-23.58247]]}},{"type":"Feature","properties":{"nombre":"Río Maule","jerarquia":5},"geometry":{"type":"LineString","coordinates":[[-70.37696,-23.58247],[-70.37708,-23.58135]]}},{"type":"Feature","properties":{"nombre":"Río Maule","jerarquia":5},"geometry":{"type":"LineString","coordinates":[[-70.37708,-23.58135],[-70.37713,-23.58053]]}},{"type":"Feature","properties":{"nombre":"Río Maule","jerarquia":5},"geometry":{"type":"LineString","coordinates":[[-70.37713,-23.58053],[-70.37716,-23.58014]]}},{"type":"Feature","properties":{"nombre":"Río Maule","jerarquia":5},"geometry":{"type":"LineString","coordinates":[[-70.37716,-23.58014],[-70.37721,-23.57941]]}},{"type":"Feature","properties":{"nombre":"Río Maule","jerarquia":5},"geometry":{"type":"LineString","coordinates":[[-70.37721,-23.57941],[-70.37724,-23.57898]]}},{"type":"Feature","properties":{"nombre":"Río Maule","jerarquia":5},"geometry":{"type":"LineString","coordinates":[[-70.37724,-23.57898],[-70.37729,-23.57828]]}},{"type":"Feature","properties":{"nombre":"Río Maule","jerarquia":5},"geometry":{"type":"LineString","coordinates":[[-70.37729,-23.57828],[-70.37733,-23.57783]]}},{"type":"Feature","properties":{"nombre":"Río Maule","jerarquia":5},"geometry":{"type":"LineString","coordinates":[[-70.37733,-23.57783],[-70.37735,-23.57748]]}},{"type":"Feature","properties":{"nombre":"Río Maule","jerarquia":5},"geometry":{"type":"LineString","coordinates":[[-70.37735,-23.57748],[-70.37736,-23.57733]]}},{"type":"Feature","properties":{"nombre":"Río Maule","jerarquia":5},"geometry":{"type":"LineString","coordinates":[[-70.37736,-23.57733],[-70.3774,-23.57691]]}},{"type":"Feature","properties":{"nombre":"Río Maule","jerarquia":5},"geometry":{"type":"LineString","coordinates":[[-70.3774,-23.57691],[-70.37744,-23.57648]]}},{"type":"Feature","properties":{"nombre":"Río Maule","jerarquia":5},"geometry":{"type":"LineString","coordinates":[[-70.37744,-23.57648],[-70.37746,-23.57624]]}},{"type":"Feature","properties":{"nombre":"Río Maule","jerarquia":5},"geometry":{"type":"LineString","coordinates":[[-70.37746,-23.57624],[-70.37747,-23.5761]]}},{"type":"Feature","properties":{"nombre":"Río Maule","jerarquia":5},"geometry":{"type":"LineString","coordinates":[[-70.37747,-23.5761],[-70.37754,-23.57542]]}},{"type":"Feature","properties":{"nombre":"Félix García","jerarquia":5},"geometry":{"type":"LineString","coordinates":[[-70.39086,-23.57126],[-70.39076,-23.57128]]}},{"type":"Feature","properties":{"nombre":"Félix García","jerarquia":5},"geometry":{"type":"LineString","coordinates":[[-70.39076,-23.57128],[-70.38905,-23.57114]]}},{"type":"Feature","properties":{"nombre":"Félix García","jerarquia":5},"geometry":{"type":"LineString","coordinates":[[-70.38905,-23.57114],[-70.388,-23.57106]]}},{"type":"Feature","properties":{"nombre":"Félix García","jerarquia":5},"geometry":{"type":"LineString","coordinates":[[-70.388,-23.57106],[-70.38516,-23.57079]]}},{"type":"Feature","properties":{"nombre":"Félix García","jerarquia":5},"geometry":{"type":"LineString","coordinates":[[-70.38516,-23.57079],[-70.3848,-23.57076]]}},{"type":"Feature","properties":{"nombre":"Félix García","jerarquia":5},"geometry":{"type":"LineString","coordinates":[[-70.3848,-23.57076],[-70.38324,-23.57062]]}},{"type":"Feature","properties":{"nombre":"Félix García","jerarquia":5},"geometry":{"type":"LineString","coordinates":[[-70.38324,-23.57062],[-70.3826,-23.57059]]}},{"type":"Feature","properties":{"nombre":"Sierra Nevada","jerarquia":5},"geometry":{"type":"LineString","coordinates":[[-70.3887,-23.55903],[-70.38866,-23.55973]]}},{"type":"Feature","properties":{"nombre":"Sierra Nevada","jerarquia":5},"geometry":{"type":"LineString","coordinates":[[-70.38866,-23.55973],[-70.38862,-23.56046]]}},{"type":"Feature","properties":{"nombre":"Sierra Nevada","jerarquia":5},"geometry":{"type":"LineString","coordinates":[[-70.38862,-23.56046],[-70.3886,-23.56115]]}},{"type":"Feature","properties":{"nombre":"Sierra Nevada","jerarquia":5},"geometry":{"type":"LineString","coordinates":[[-70.3886,-23.56115],[-70.38859,-23.56119]]}},{"type":"Feature","properties":{"nombre":"Sierra Nevada","jerarquia":5},"geometry":{"type":"LineString","coordinates":[[-70.38859,-23.56119],[-70.38852,-23.56149]]}},{"type":"Feature","properties":{"nombre":"Héroes de la Concepción","jerarquia":5},"geometry":{"type":"LineString","coordinates":[[-70.38427,-23.57605],[-70.38428,-23.57597]]}},{"type":"Feature","properties":{"nombre":"Héroes de la Concepción","jerarquia":5},"geometry":{"type":"LineString","coordinates":[[-70.38428,-23.57597],[-70.3845,-23.57474]]}},{"type":"Feature","properties":{"nombre":"Héroes de la Concepción","jerarquia":5},"geometry":{"type":"LineString","coordinates":[[-70.3845,-23.57474],[-70.38467,-23.57374]]}},{"type":"Feature","properties":{"nombre":"Héroes de la Concepción","jerarquia":5},"geometry":{"type":"LineString","coordinates":[[-70.38467,-23.57374],[-70.38485,-23.57272]]}},{"type":"Feature","properties":{"nombre":"","jerarquia":2},"geometry":{"type":"LineString","coordinates":[[-70.39228,-23.57896],[-70.39238,-23.57868],[-70.39257,-23.57839]]}},{"type":"Feature","properties":{"nombre":"","jerarquia":2},"geometry":{"type":"LineString","coordinates":[[-70.39564,-23.57417],[-70.39566,-23.57404],[-70.39559,-23.57394]]}},{"type":"Feature","properties":{"nombre":"","jerarquia":2},"geometry":{"type":"LineString","coordinates":[[-70.39642,-23.57296],[-70.3967,-23.57195],[-70.3967,-23.57184],[-70.39662,-23.57173]]}},{"type":"Feature","properties":{"nombre":"","jerarquia":2},"geometry":{"type":"LineString","coordinates":[[-70.39662,-23.57173],[-70.39654,-23.5717]]}},{"type":"Feature","properties":{"nombre":"","jerarquia":2},"geometry":{"type":"LineString","coordinates":[[-70.39729,-23.57137],[-70.39715,-23.57163],[-70.39702,-23.5717],[-70.39686,-23.57172]]}},{"type":"Feature","properties":{"nombre":"","jerarquia":2},"geometry":{"type":"LineString","coordinates":[[-70.39707,-23.57084],[-70.39716,-23.57062],[-70.39723,-23.57056],[-70.39731,-23.57057],[-70.39739,-23.57064],[-70.3974,-23.57091]]}},{"type":"Feature","properties":{"nombre":"Las Palmeras","jerarquia":5},"geometry":{"type":"LineString","coordinates":[[-70.39283,-23.5713],[-70.39316,-23.57133]]}},{"type":"Feature","properties":{"nombre":"Las Palmeras","jerarquia":5},"geometry":{"type":"LineString","coordinates":[[-70.39316,-23.57133],[-70.39352,-23.57136]]}},{"type":"Feature","properties":{"nombre":"Las Palmeras","jerarquia":5},"geometry":{"type":"LineString","coordinates":[[-70.39352,-23.57136],[-70.39388,-23.57139]]}},{"type":"Feature","properties":{"nombre":"Las Palmeras","jerarquia":5},"geometry":{"type":"LineString","coordinates":[[-70.39388,-23.57139],[-70.39446,-23.57143]]}},{"type":"Feature","properties":{"nombre":"Las Palmeras","jerarquia":5},"geometry":{"type":"LineString","coordinates":[[-70.39446,-23.57143],[-70.39484,-23.57146]]}},{"type":"Feature","properties":{"nombre":"Las Palmeras","jerarquia":5},"geometry":{"type":"LineString","coordinates":[[-70.39484,-23.57146],[-70.39564,-23.57152]]}},{"type":"Feature","properties":{"nombre":"Lidia Moreno","jerarquia":5},"geometry":{"type":"LineString","coordinates":[[-70.39171,-23.56939],[-70.39098,-23.56933]]}},{"type":"Feature","properties":{"nombre":"Lidia Moreno","jerarquia":5},"geometry":{"type":"LineString","coordinates":[[-70.39098,-23.56933],[-70.39085,-23.56933]]}},{"type":"Feature","properties":{"nombre":"Lidia Moreno","jerarquia":5},"geometry":{"type":"LineString","coordinates":[[-70.39085,-23.56933],[-70.39075,-23.56932]]}},{"type":"Feature","properties":{"nombre":"Cerro Moreno","jerarquia":5},"geometry":{"type":"LineString","coordinates":[[-70.39303,-23.56621],[-70.39295,-23.56698]]}},{"type":"Feature","properties":{"nombre":"Cerro Moreno","jerarquia":5},"geometry":{"type":"LineString","coordinates":[[-70.39295,-23.56698],[-70.39293,-23.56711]]}},{"type":"Feature","properties":{"nombre":"Cerro Moreno","jerarquia":5},"geometry":{"type":"LineString","coordinates":[[-70.39293,-23.56711],[-70.39289,-23.56741]]}},{"type":"Feature","properties":{"nombre":"Cerro Moreno","jerarquia":5},"geometry":{"type":"LineString","coordinates":[[-70.39289,-23.56741],[-70.39285,-23.5678]]}},{"type":"Feature","properties":{"nombre":"Cerro Moreno","jerarquia":5},"geometry":{"type":"LineString","coordinates":[[-70.39285,-23.5678],[-70.3928,-23.56869],[-70.39297,-23.569]]}},{"type":"Feature","properties":{"nombre":"Cerro Moreno","jerarquia":5},"geometry":{"type":"LineString","coordinates":[[-70.39297,-23.569],[-70.393,-23.56911]]}},{"type":"Feature","properties":{"nombre":"Cerro Moreno","jerarquia":5},"geometry":{"type":"LineString","coordinates":[[-70.393,-23.56911],[-70.39297,-23.56951]]}},{"type":"Feature","properties":{"nombre":"Cerro Moreno","jerarquia":5},"geometry":{"type":"LineString","coordinates":[[-70.39297,-23.56951],[-70.39287,-23.57091]]}},{"type":"Feature","properties":{"nombre":"Cerro Moreno","jerarquia":5},"geometry":{"type":"LineString","coordinates":[[-70.39287,-23.57091],[-70.39283,-23.5713]]}},{"type":"Feature","properties":{"nombre":"Cerro Moreno","jerarquia":5},"geometry":{"type":"LineString","coordinates":[[-70.39283,-23.5713],[-70.39282,-23.57141]]}},{"type":"Feature","properties":{"nombre":"Avenida Rica Aventura","jerarquia":5},"geometry":{"type":"LineString","coordinates":[[-70.39436,-23.56556],[-70.3944,-23.56519]]}},{"type":"Feature","properties":{"nombre":"Avenida Rica Aventura","jerarquia":5},"geometry":{"type":"LineString","coordinates":[[-70.3944,-23.56519],[-70.39441,-23.56476]]}},{"type":"Feature","properties":{"nombre":"Avenida Rica Aventura","jerarquia":5},"geometry":{"type":"LineString","coordinates":[[-70.39441,-23.56476],[-70.39443,-23.56453],[-70.39433,-23.56402]]}},{"type":"Feature","properties":{"nombre":"Avenida Rica Aventura","jerarquia":5},"geometry":{"type":"LineString","coordinates":[[-70.39433,-23.56402],[-70.39442,-23.56307]]}},{"type":"Feature","properties":{"nombre":"Avenida Rica Aventura","jerarquia":5},"geometry":{"type":"LineString","coordinates":[[-70.39442,-23.56307],[-70.39451,-23.56247]]}},{"type":"Feature","properties":{"nombre":"Avenida Rica Aventura","jerarquia":5},"geometry":{"type":"LineString","coordinates":[[-70.39451,-23.56247],[-70.39454,-23.56235]]}},{"type":"Feature","properties":{"nombre":"Santiago Humberstone","jerarquia":4},"geometry":{"type":"LineString","coordinates":[[-70.39277,-23.56571],[-70.39241,-23.56542]]}},{"type":"Feature","properties":{"nombre":"Santiago Humberstone","jerarquia":4},"geometry":{"type":"LineString","coordinates":[[-70.39241,-23.56542],[-70.39234,-23.56538]]}},{"type":"Feature","properties":{"nombre":"Santiago Humberstone","jerarquia":4},"geometry":{"type":"LineString","coordinates":[[-70.39234,-23.56538],[-70.39189,-23.56531]]}},{"type":"Feature","properties":{"nombre":"Santiago Humberstone","jerarquia":4},"geometry":{"type":"LineString","coordinates":[[-70.39189,-23.56531],[-70.39179,-23.5653]]}},{"type":"Feature","properties":{"nombre":"Santiago Humberstone","jerarquia":4},"geometry":{"type":"LineString","coordinates":[[-70.39179,-23.5653],[-70.391,-23.56528]]}},{"type":"Feature","properties":{"nombre":"Huamachuco","jerarquia":4},"geometry":{"type":"LineString","coordinates":[[-70.38332,-23.56438],[-70.38326,-23.56475]]}},{"type":"Feature","properties":{"nombre":"Huamachuco","jerarquia":4},"geometry":{"type":"LineString","coordinates":[[-70.38326,-23.56475],[-70.38318,-23.56547]]}},{"type":"Feature","properties":{"nombre":"Huamachuco","jerarquia":4},"geometry":{"type":"LineString","coordinates":[[-70.38318,-23.56547],[-70.38314,-23.56582]]}},{"type":"Feature","properties":{"nombre":"Huamachuco","jerarquia":4},"geometry":{"type":"LineString","coordinates":[[-70.38314,-23.56582],[-70.38304,-23.56661]]}},{"type":"Feature","properties":{"nombre":"Huamachuco","jerarquia":4},"geometry":{"type":"LineString","coordinates":[[-70.38304,-23.56661],[-70.383,-23.56697]]}},{"type":"Feature","properties":{"nombre":"Huamachuco","jerarquia":4},"geometry":{"type":"LineString","coordinates":[[-70.383,-23.56697],[-70.38298,-23.5671]]}},{"type":"Feature","properties":{"nombre":"Avenida Rica Aventura","jerarquia":5},"geometry":{"type":"LineString","coordinates":[[-70.39513,-23.55941],[-70.39506,-23.5602],[-70.39513,-23.56048]]}},{"type":"Feature","properties":{"nombre":"Avenida Rica Aventura","jerarquia":5},"geometry":{"type":"LineString","coordinates":[[-70.39513,-23.56048],[-70.39515,-23.56074],[-70.39492,-23.56232]]}},{"type":"Feature","properties":{"nombre":"Avenida Rica Aventura","jerarquia":5},"geometry":{"type":"LineString","coordinates":[[-70.39492,-23.56232],[-70.39491,-23.56245]]}},{"type":"Feature","properties":{"nombre":"Oficina Carmela","jerarquia":5},"geometry":{"type":"LineString","coordinates":[[-70.39277,-23.55211],[-70.39257,-23.55161],[-70.39229,-23.55139]]}},{"type":"Feature","properties":{"nombre":"Oficina Carmela","jerarquia":5},"geometry":{"type":"LineString","coordinates":[[-70.39229,-23.55139],[-70.39201,-23.55131],[-70.39152,-23.55127]]}},{"type":"Feature","properties":{"nombre":"Avenida Rica Aventura","jerarquia":5},"geometry":{"type":"LineString","coordinates":[[-70.39541,-23.55555],[-70.39542,-23.55517],[-70.39527,-23.55448],[-70.39532,-23.55363]]}},{"type":"Feature","properties":{"nombre":"Avenida Rica Aventura","jerarquia":5},"geometry":{"type":"LineString","coordinates":[[-70.39532,-23.55363],[-70.39534,-23.55329]]}},{"type":"Feature","properties":{"nombre":"Avenida Rica Aventura","jerarquia":5},"geometry":{"type":"LineString","coordinates":[[-70.39534,-23.55329],[-70.39537,-23.55246]]}},{"type":"Feature","properties":{"nombre":"Avenida Rica Aventura","jerarquia":5},"geometry":{"type":"LineString","coordinates":[[-70.39537,-23.55246],[-70.39541,-23.55149]]}},{"type":"Feature","properties":{"nombre":"Avenida Rica Aventura","jerarquia":5},"geometry":{"type":"LineString","coordinates":[[-70.39541,-23.55149],[-70.39542,-23.5511]]}},{"type":"Feature","properties":{"nombre":"Avenida Rica Aventura","jerarquia":5},"geometry":{"type":"LineString","coordinates":[[-70.39542,-23.5511],[-70.3956,-23.5505],[-70.39562,-23.54969]]}},{"type":"Feature","properties":{"nombre":"","jerarquia":2},"geometry":{"type":"LineString","coordinates":[[-70.401,-23.5609],[-70.40082,-23.56098]]}},{"type":"Feature","properties":{"nombre":"","jerarquia":2},"geometry":{"type":"LineString","coordinates":[[-70.40067,-23.56124],[-70.40064,-23.56107]]}},{"type":"Feature","properties":{"nombre":"","jerarquia":2},"geometry":{"type":"LineString","coordinates":[[-70.40064,-23.56107],[-70.40054,-23.56098]]}},{"type":"Feature","properties":{"nombre":"Benito Ocampo","jerarquia":5},"geometry":{"type":"LineString","coordinates":[[-70.39645,-23.5519],[-70.39668,-23.55231],[-70.39745,-23.55309]]}},{"type":"Feature","properties":{"nombre":"Benito Ocampo","jerarquia":5},"geometry":{"type":"LineString","coordinates":[[-70.39745,-23.55309],[-70.39859,-23.55424]]}},{"type":"Feature","properties":{"nombre":"Benito Ocampo","jerarquia":5},"geometry":{"type":"LineString","coordinates":[[-70.39859,-23.55424],[-70.3997,-23.55534]]}},{"type":"Feature","properties":{"nombre":"Benito Ocampo","jerarquia":5},"geometry":{"type":"LineString","coordinates":[[-70.3997,-23.55534],[-70.4,-23.55562],[-70.40027,-23.55599],[-70.40047,-23.55639],[-70.40058,-23.5569]]}},{"type":"Feature","properties":{"nombre":"Benito Ocampo","jerarquia":5},"geometry":{"type":"LineString","coordinates":[[-70.40058,-23.5569],[-70.40058,-23.55734],[-70.40046,-23.55787],[-70.39976,-23.55919]]}},{"type":"Feature","properties":{"nombre":"Avenida Rica Aventura","jerarquia":5},"geometry":{"type":"LineString","coordinates":[[-70.39533,-23.55737],[-70.39526,-23.55805]]}},{"type":"Feature","properties":{"nombre":"Avenida Rica Aventura","jerarquia":5},"geometry":{"type":"LineString","coordinates":[[-70.39526,-23.55805],[-70.3952,-23.55854]]}},{"type":"Feature","properties":{"nombre":"","jerarquia":2},"geometry":{"type":"LineString","coordinates":[[-70.39376,-23.54693],[-70.39237,-23.54567]]}},{"type":"Feature","properties":{"nombre":"","jerarquia":2},"geometry":{"type":"LineString","coordinates":[[-70.39237,-23.54567],[-70.39227,-23.54558]]}},{"type":"Feature","properties":{"nombre":"Avenida Pedro Aguirre Cerda","jerarquia":3},"geometry":{"type":"LineString","coordinates":[[-70.39219,-23.54558],[-70.39195,-23.54574],[-70.39188,-23.54588],[-70.39174,-23.54695]]}},{"type":"Feature","properties":{"nombre":"Avenida Pedro Aguirre Cerda","jerarquia":3},"geometry":{"type":"LineString","coordinates":[[-70.39153,-23.54816],[-70.39181,-23.54528]]}},{"type":"Feature","properties":{"nombre":"Avenida Edmundo Pérez Zujovic","jerarquia":2},"geometry":{"type":"LineString","coordinates":[[-70.39261,-23.54577],[-70.39221,-23.54523],[-70.39203,-23.54474],[-70.39199,-23.54447]]}},{"type":"Feature","properties":{"nombre":"","jerarquia":4},"geometry":{"type":"LineString","coordinates":[[-70.40699,-23.67101],[-70.40703,-23.6709]]}},{"type":"Feature","properties":{"nombre":"","jerarquia":4},"geometry":{"type":"LineString","coordinates":[[-70.40703,-23.6709],[-70.4071,-23.67079]]}},{"type":"Feature","properties":{"nombre":"","jerarquia":4},"geometry":{"type":"LineString","coordinates":[[-70.40668,-23.67171],[-70.40656,-23.67194]]}},{"type":"Feature","properties":{"nombre":"","jerarquia":4},"geometry":{"type":"LineString","coordinates":[[-70.40656,-23.67194],[-70.40655,-23.6721]]}},{"type":"Feature","properties":{"nombre":"Manuel Antonio Matta","jerarquia":5},"geometry":{"type":"LineString","coordinates":[[-70.39835,-23.65162],[-70.39925,-23.65235]]}},{"type":"Feature","properties":{"nombre":"Manuel Antonio Matta","jerarquia":5},"geometry":{"type":"LineString","coordinates":[[-70.39925,-23.65235],[-70.40012,-23.65305]]}},{"type":"Feature","properties":{"nombre":"Manuel Antonio Matta","jerarquia":5},"geometry":{"type":"LineString","coordinates":[[-70.40012,-23.65305],[-70.40101,-23.65377]]}},{"type":"Feature","properties":{"nombre":"","jerarquia":2},"geometry":{"type":"LineString","coordinates":[[-70.39691,-23.64304],[-70.39699,-23.64283],[-70.39712,-23.64282],[-70.39722,-23.64289]]}},{"type":"Feature","properties":{"nombre":"","jerarquia":2},"geometry":{"type":"LineString","coordinates":[[-70.40242,-23.64997],[-70.40249,-23.64983],[-70.40246,-23.64808],[-70.40244,-23.64792],[-70.40229,-23.64759]]}},{"type":"Feature","properties":{"nombre":"Avenida Grecia","jerarquia":2},"geometry":{"type":"LineString","coordinates":[[-70.40383,-23.66402],[-70.40385,-23.66439],[-70.40396,-23.66464],[-70.40409,-23.6648],[-70.40509,-23.66561],[-70.40534,-23.66593]]}},{"type":"Feature","properties":{"nombre":"Avenida Grecia","jerarquia":2},"geometry":{"type":"LineString","coordinates":[[-70.40534,-23.66593],[-70.40647,-23.66827]]}},{"type":"Feature","properties":{"nombre":"Avenida Grecia","jerarquia":2},"geometry":{"type":"LineString","coordinates":[[-70.40647,-23.66827],[-70.40736,-23.67046],[-70.40749,-23.67067],[-70.40765,-23.67073]]}},{"type":"Feature","properties":{"nombre":"","jerarquia":3},"geometry":{"type":"LineString","coordinates":[[-70.39067,-23.6218],[-70.3905,-23.62181],[-70.39034,-23.6219],[-70.39025,-23.62219]]}},{"type":"Feature","properties":{"nombre":"Ruta 1","jerarquia":5},"geometry":{"type":"LineString","coordinates":[[-70.45938,-23.75944],[-70.45954,-23.7595]]}},{"type":"Feature","properties":{"nombre":"Ruta 1","jerarquia":5},"geometry":{"type":"LineString","coordinates":[[-70.45954,-23.7595],[-70.46062,-23.75996]]}},{"type":"Feature","properties":{"nombre":"Ruta 1","jerarquia":5},"geometry":{"type":"LineString","coordinates":[[-70.46062,-23.75996],[-70.46127,-23.76023],[-70.46184,-23.76038],[-70.46254,-23.76051],[-70.46291,-23.76053],[-70.46328,-23.76047],[-70.46362,-23.76033],[-70.46472,-23.7595],[-70.46508,-23.75934],[-70.46557,-23.75929],[-70.46596,-23.7593],[-70.46643,-23.75944],[-70.4667,-23.75961],[-70.46691,-23.75985],[-70.46702,-23.76013],[-70.46702,-23.76039],[-70.4668,-23.7617],[-70.46687,-23.76222],[-70.4671,-23.76265],[-70.46743,-23.76298],[-70.47137,-23.76582],[-70.47176,-23.76625],[-70.47187,-23.76652],[-70.47192,-23.76678],[-70.47208,-23.7696]]}},{"type":"Feature","properties":{"nombre":"Ruta 1","jerarquia":5},"geometry":{"type":"LineString","coordinates":[[-70.45592,-23.75684],[-70.45642,-23.75767],[-70.45732,-23.75852],[-70.45783,-23.75889],[-70.4583,-23.7591],[-70.45938,-23.75944]]}},{"type":"Feature","properties":{"nombre":"","jerarquia":5},"geometry":{"type":"LineString","coordinates":[[-70.44597,-23.74957],[-70.44646,-23.74955]]}},{"type":"Feature","properties":{"nombre":"Sangra","jerarquia":5},"geometry":{"type":"LineString","coordinates":[[-70.41491,-23.68284],[-70.41482,-23.68291]]}},{"type":"Feature","properties":{"nombre":"Sangra","jerarquia":5},"geometry":{"type":"LineString","coordinates":[[-70.41482,-23.68291],[-70.41436,-23.68327]]}},{"type":"Feature","properties":{"nombre":"Sangra","jerarquia":5},"geometry":{"type":"LineString","coordinates":[[-70.41436,-23.68327],[-70.41401,-23.68356]]}},{"type":"Feature","properties":{"nombre":"Sangra","jerarquia":5},"geometry":{"type":"LineString","coordinates":[[-70.41401,-23.68356],[-70.41328,-23.68415]]}},{"type":"Feature","properties":{"nombre":"Sangra","jerarquia":5},"geometry":{"type":"LineString","coordinates":[[-70.41328,-23.68415],[-70.41316,-23.68422]]}},{"type":"Feature","properties":{"nombre":"Sangra","jerarquia":5},"geometry":{"type":"LineString","coordinates":[[-70.41298,-23.6842],[-70.41312,-23.68413]]}},{"type":"Feature","properties":{"nombre":"","jerarquia":4},"geometry":{"type":"LineString","coordinates":[[-70.40612,-23.67188],[-70.40625,-23.67164]]}},{"type":"Feature","properties":{"nombre":"","jerarquia":4},"geometry":{"type":"LineString","coordinates":[[-70.40625,-23.67164],[-70.40626,-23.67155]]}},{"type":"Feature","properties":{"nombre":"","jerarquia":3},"geometry":{"type":"LineString","coordinates":[[-70.40649,-23.67951],[-70.40647,-23.67957],[-70.40658,-23.67978],[-70.40657,-23.67987]]}},{"type":"Feature","properties":{"nombre":"","jerarquia":3},"geometry":{"type":"LineString","coordinates":[[-70.40657,-23.67987],[-70.40647,-23.67992]]}},{"type":"Feature","properties":{"nombre":"Homero Ávila","jerarquia":4},"geometry":{"type":"LineString","coordinates":[[-70.40183,-23.67377],[-70.40193,-23.67371]]}},{"type":"Feature","properties":{"nombre":"Homero Ávila","jerarquia":4},"geometry":{"type":"LineString","coordinates":[[-70.40193,-23.67371],[-70.40285,-23.67327]]}},{"type":"Feature","properties":{"nombre":"Loa","jerarquia":5},"geometry":{"type":"LineString","coordinates":[[-70.38915,-23.6243],[-70.38856,-23.62336]]}},{"type":"Feature","properties":{"nombre":"Loa","jerarquia":5},"geometry":{"type":"LineString","coordinates":[[-70.38856,-23.62336],[-70.38796,-23.62241]]}},{"type":"Feature","properties":{"nombre":"Loa","jerarquia":5},"geometry":{"type":"LineString","coordinates":[[-70.38796,-23.62241],[-70.38739,-23.62148]]}},{"type":"Feature","properties":{"nombre":"Loa","jerarquia":5},"geometry":{"type":"LineString","coordinates":[[-70.38739,-23.62148],[-70.3868,-23.62055]]}},{"type":"Feature","properties":{"nombre":"Loa","jerarquia":5},"geometry":{"type":"LineString","coordinates":[[-70.3868,-23.62055],[-70.38622,-23.61961]]}},{"type":"Feature","properties":{"nombre":"Loa","jerarquia":5},"geometry":{"type":"LineString","coordinates":[[-70.38622,-23.61961],[-70.38562,-23.61866]]}},{"type":"Feature","properties":{"nombre":"Loa","jerarquia":5},"geometry":{"type":"LineString","coordinates":[[-70.38562,-23.61866],[-70.38524,-23.61793]]}},{"type":"Feature","properties":{"nombre":"Loa","jerarquia":5},"geometry":{"type":"LineString","coordinates":[[-70.38524,-23.61793],[-70.38513,-23.61767]]}},{"type":"Feature","properties":{"nombre":"Fresia","jerarquia":5},"geometry":{"type":"LineString","coordinates":[[-70.37603,-23.62628],[-70.37573,-23.62543]]}},{"type":"Feature","properties":{"nombre":"Fresia","jerarquia":5},"geometry":{"type":"LineString","coordinates":[[-70.37573,-23.62543],[-70.37557,-23.62484]]}},{"type":"Feature","properties":{"nombre":"Fresia","jerarquia":5},"geometry":{"type":"LineString","coordinates":[[-70.37557,-23.62484],[-70.37543,-23.62436]]}},{"type":"Feature","properties":{"nombre":"Fresia","jerarquia":5},"geometry":{"type":"LineString","coordinates":[[-70.37543,-23.62436],[-70.37536,-23.62395]]}},{"type":"Feature","properties":{"nombre":"Fresia","jerarquia":5},"geometry":{"type":"LineString","coordinates":[[-70.37536,-23.62395],[-70.37523,-23.6235]]}},{"type":"Feature","properties":{"nombre":"Fresia","jerarquia":5},"geometry":{"type":"LineString","coordinates":[[-70.37523,-23.6235],[-70.37514,-23.62309]]}},{"type":"Feature","properties":{"nombre":"Fresia","jerarquia":5},"geometry":{"type":"LineString","coordinates":[[-70.37514,-23.62309],[-70.37499,-23.62266]]}},{"type":"Feature","properties":{"nombre":"Fresia","jerarquia":5},"geometry":{"type":"LineString","coordinates":[[-70.37499,-23.62266],[-70.37492,-23.62224]]}},{"type":"Feature","properties":{"nombre":"Fresia","jerarquia":5},"geometry":{"type":"LineString","coordinates":[[-70.37492,-23.62224],[-70.3749,-23.62212]]}},{"type":"Feature","properties":{"nombre":"Fresia","jerarquia":5},"geometry":{"type":"LineString","coordinates":[[-70.3749,-23.62212],[-70.37477,-23.62168]]}},{"type":"Feature","properties":{"nombre":"Fresia","jerarquia":5},"geometry":{"type":"LineString","coordinates":[[-70.37477,-23.62168],[-70.37465,-23.62124]]}},{"type":"Feature","properties":{"nombre":"Fresia","jerarquia":5},"geometry":{"type":"LineString","coordinates":[[-70.37465,-23.62124],[-70.37453,-23.6208]]}},{"type":"Feature","properties":{"nombre":"Fresia","jerarquia":5},"geometry":{"type":"LineString","coordinates":[[-70.37453,-23.6208],[-70.37441,-23.62036]]}},{"type":"Feature","properties":{"nombre":"Fresia","jerarquia":5},"geometry":{"type":"LineString","coordinates":[[-70.37441,-23.62036],[-70.37428,-23.61995]]}},{"type":"Feature","properties":{"nombre":"Fresia","jerarquia":5},"geometry":{"type":"LineString","coordinates":[[-70.37428,-23.61995],[-70.37414,-23.6195]]}},{"type":"Feature","properties":{"nombre":"Fresia","jerarquia":5},"geometry":{"type":"LineString","coordinates":[[-70.37414,-23.6195],[-70.37388,-23.61878]]}},{"type":"Feature","properties":{"nombre":"Fresia","jerarquia":5},"geometry":{"type":"LineString","coordinates":[[-70.37388,-23.61878],[-70.37385,-23.61868]]}},{"type":"Feature","properties":{"nombre":"Fresia","jerarquia":5},"geometry":{"type":"LineString","coordinates":[[-70.37385,-23.61868],[-70.37371,-23.61829]]}},{"type":"Feature","properties":{"nombre":"Fresia","jerarquia":5},"geometry":{"type":"LineString","coordinates":[[-70.37371,-23.61829],[-70.37346,-23.61759]]}},{"type":"Feature","properties":{"nombre":"Fresia","jerarquia":5},"geometry":{"type":"LineString","coordinates":[[-70.37346,-23.61759],[-70.37324,-23.61684]]}},{"type":"Feature","properties":{"nombre":"Fresia","jerarquia":5},"geometry":{"type":"LineString","coordinates":[[-70.37324,-23.61684],[-70.37312,-23.61636],[-70.37319,-23.61604]]}},{"type":"Feature","properties":{"nombre":"Fresia","jerarquia":5},"geometry":{"type":"LineString","coordinates":[[-70.37319,-23.61604],[-70.37337,-23.61573],[-70.37336,-23.61502]]}},{"type":"Feature","properties":{"nombre":"Camino a Juan López","jerarquia":5},"geometry":{"type":"LineString","coordinates":[[-70.5358,-23.50641],[-70.53569,-23.507]]}},{"type":"Feature","properties":{"nombre":"Oficina Francisco Puelma","jerarquia":5},"geometry":{"type":"LineString","coordinates":[[-70.39153,-23.55117],[-70.39231,-23.55128],[-70.3927,-23.55149],[-70.39306,-23.55147]]}},{"type":"Feature","properties":{"nombre":"Oficina Francisco Puelma","jerarquia":5},"geometry":{"type":"LineString","coordinates":[[-70.39306,-23.55147],[-70.39345,-23.55143]]}},{"type":"Feature","properties":{"nombre":"Oficina Francisco Puelma","jerarquia":5},"geometry":{"type":"LineString","coordinates":[[-70.39345,-23.55143],[-70.39541,-23.55149]]}},{"type":"Feature","properties":{"nombre":"Oficina Francisco Puelma","jerarquia":5},"geometry":{"type":"LineString","coordinates":[[-70.39541,-23.55149],[-70.39583,-23.55151]]}},{"type":"Feature","properties":{"nombre":"Oficina Francisco Puelma","jerarquia":5},"geometry":{"type":"LineString","coordinates":[[-70.39583,-23.55151],[-70.39605,-23.55153],[-70.39623,-23.55161],[-70.39637,-23.55174],[-70.39645,-23.5519]]}},{"type":"Feature","properties":{"nombre":"","jerarquia":5},"geometry":{"type":"LineString","coordinates":[[-70.39277,-23.55211],[-70.39275,-23.55192],[-70.3928,-23.55174],[-70.39291,-23.55158],[-70.39306,-23.55147]]}},{"type":"Feature","properties":{"nombre":"Oficina Carmela","jerarquia":5},"geometry":{"type":"LineString","coordinates":[[-70.39611,-23.55246],[-70.39578,-23.55249]]}},{"type":"Feature","properties":{"nombre":"Oficina Carmela","jerarquia":5},"geometry":{"type":"LineString","coordinates":[[-70.39578,-23.55249],[-70.39537,-23.55246]]}},{"type":"Feature","properties":{"nombre":"Oficina Carmela","jerarquia":5},"geometry":{"type":"LineString","coordinates":[[-70.39537,-23.55246],[-70.39343,-23.55243]]}},{"type":"Feature","properties":{"nombre":"Oficina Carmela","jerarquia":5},"geometry":{"type":"LineString","coordinates":[[-70.39343,-23.55243],[-70.39299,-23.55236]]}},{"type":"Feature","properties":{"nombre":"Oficina Carmela","jerarquia":5},"geometry":{"type":"LineString","coordinates":[[-70.39299,-23.55236],[-70.39285,-23.55224]]}},{"type":"Feature","properties":{"nombre":"Oficina Carmela","jerarquia":5},"geometry":{"type":"LineString","coordinates":[[-70.39285,-23.55224],[-70.39277,-23.55211]]}},{"type":"Feature","properties":{"nombre":"","jerarquia":3},"geometry":{"type":"LineString","coordinates":[[-70.41018,-23.69209],[-70.41013,-23.69214],[-70.41011,-23.6924],[-70.41005,-23.69244]]}},{"type":"Feature","properties":{"nombre":"","jerarquia":3},"geometry":{"type":"LineString","coordinates":[[-70.40954,-23.68487],[-70.4096,-23.68479],[-70.4097,-23.68483]]}},{"type":"Feature","properties":{"nombre":"Avenida Argentina","jerarquia":3},"geometry":{"type":"LineString","coordinates":[[-70.40984,-23.68573],[-70.40976,-23.68539],[-70.40954,-23.68487]]}},{"type":"Feature","properties":{"nombre":"Avenida Argentina","jerarquia":3},"geometry":{"type":"LineString","coordinates":[[-70.40954,-23.68487],[-70.40949,-23.68446]]}},{"type":"Feature","properties":{"nombre":"Avenida Argentina","jerarquia":3},"geometry":{"type":"LineString","coordinates":[[-70.40949,-23.68446],[-70.4095,-23.68427]]}},{"type":"Feature","properties":{"nombre":"Avenida Argentina","jerarquia":3},"geometry":{"type":"LineString","coordinates":[[-70.4095,-23.68427],[-70.40949,-23.68345]]}},{"type":"Feature","properties":{"nombre":"Avenida Argentina","jerarquia":3},"geometry":{"type":"LineString","coordinates":[[-70.40949,-23.68345],[-70.40949,-23.68294],[-70.40944,-23.68277],[-70.40934,-23.6826],[-70.40875,-23.68196]]}},{"type":"Feature","properties":{"nombre":"Avenida Argentina","jerarquia":3},"geometry":{"type":"LineString","coordinates":[[-70.40875,-23.68196],[-70.40714,-23.68037],[-70.40671,-23.68004]]}},{"type":"Feature","properties":{"nombre":"Avenida Argentina","jerarquia":3},"geometry":{"type":"LineString","coordinates":[[-70.40671,-23.68004],[-70.40657,-23.67987]]}},{"type":"Feature","properties":{"nombre":"Avenida Argentina","jerarquia":3},"geometry":{"type":"LineString","coordinates":[[-70.40657,-23.67987],[-70.40626,-23.67928]]}},{"type":"Feature","properties":{"nombre":"Avenida Argentina","jerarquia":3},"geometry":{"type":"LineString","coordinates":[[-70.40626,-23.67928],[-70.40601,-23.67876]]}},{"type":"Feature","properties":{"nombre":"Avenida Argentina","jerarquia":3},"geometry":{"type":"LineString","coordinates":[[-70.40601,-23.67876],[-70.40577,-23.67839],[-70.40525,-23.67781]]}},{"type":"Feature","properties":{"nombre":"Avenida Argentina","jerarquia":3},"geometry":{"type":"LineString","coordinates":[[-70.40525,-23.67781],[-70.40483,-23.67737],[-70.40422,-23.6764],[-70.40247,-23.67448]]}},{"type":"Feature","properties":{"nombre":"Avenida Argentina","jerarquia":3},"geometry":{"type":"LineString","coordinates":[[-70.40247,-23.67448],[-70.40188,-23.67382]]}},{"type":"Feature","properties":{"nombre":"Avenida Argentina","jerarquia":3},"geometry":{"type":"LineString","coordinates":[[-70.40188,-23.67382],[-70.40183,-23.67377]]}},{"type":"Feature","properties":{"nombre":"","jerarquia":3},"geometry":{"type":"LineString","coordinates":[[-70.4099,-23.68545],[-70.41018,-23.6857],[-70.41019,-23.68585]]}},{"type":"Feature","properties":{"nombre":"","jerarquia":3},"geometry":{"type":"LineString","coordinates":[[-70.41019,-23.68585],[-70.41012,-23.68592],[-70.41,-23.68595]]}},{"type":"Feature","properties":{"nombre":"","jerarquia":3},"geometry":{"type":"LineString","coordinates":[[-70.41,-23.68595],[-70.40986,-23.6859]]}},{"type":"Feature","properties":{"nombre":"","jerarquia":5},"geometry":{"type":"LineString","coordinates":[[-70.41016,-23.68602],[-70.41,-23.68595]]}},{"type":"Feature","properties":{"nombre":"Avenida Cerro Paranal","jerarquia":4},"geometry":{"type":"LineString","coordinates":[[-70.42156,-23.69519],[-70.41976,-23.69506]]}},{"type":"Feature","properties":{"nombre":"Avenida Cerro Paranal","jerarquia":4},"geometry":{"type":"LineString","coordinates":[[-70.41976,-23.69506],[-70.41912,-23.69502]]}},{"type":"Feature","properties":{"nombre":"Avenida Cerro Paranal","jerarquia":4},"geometry":{"type":"LineString","coordinates":[[-70.41912,-23.69502],[-70.41902,-23.69501]]}},{"type":"Feature","properties":{"nombre":"Avenida Cerro Paranal","jerarquia":4},"geometry":{"type":"LineString","coordinates":[[-70.41902,-23.69501],[-70.41841,-23.69498]]}},{"type":"Feature","properties":{"nombre":"Avenida Cerro Paranal","jerarquia":4},"geometry":{"type":"LineString","coordinates":[[-70.41841,-23.69498],[-70.4183,-23.69497]]}},{"type":"Feature","properties":{"nombre":"Avenida Cerro Paranal","jerarquia":4},"geometry":{"type":"LineString","coordinates":[[-70.4183,-23.69497],[-70.41673,-23.69487]]}},{"type":"Feature","properties":{"nombre":"Avenida Cerro Paranal","jerarquia":4},"geometry":{"type":"LineString","coordinates":[[-70.41673,-23.69487],[-70.41655,-23.69485]]}},{"type":"Feature","properties":{"nombre":"Avenida Cerro Paranal","jerarquia":4},"geometry":{"type":"LineString","coordinates":[[-70.41655,-23.69485],[-70.41639,-23.69482]]}},{"type":"Feature","properties":{"nombre":"","jerarquia":5},"geometry":{"type":"LineString","coordinates":[[-70.39645,-23.5519],[-70.39644,-23.55213],[-70.39637,-23.55227],[-70.39611,-23.55246]]}},{"type":"Feature","properties":{"nombre":"Díaz Gana","jerarquia":5},"geometry":{"type":"LineString","coordinates":[[-70.40293,-23.66475],[-70.40204,-23.6648]]}},{"type":"Feature","properties":{"nombre":"Díaz Gana","jerarquia":5},"geometry":{"type":"LineString","coordinates":[[-70.40204,-23.6648],[-70.40149,-23.66482]]}},{"type":"Feature","properties":{"nombre":"Díaz Gana","jerarquia":5},"geometry":{"type":"LineString","coordinates":[[-70.40149,-23.66482],[-70.40032,-23.66483]]}},{"type":"Feature","properties":{"nombre":"Díaz Gana","jerarquia":5},"geometry":{"type":"LineString","coordinates":[[-70.40032,-23.66483],[-70.39915,-23.66486]]}},{"type":"Feature","properties":{"nombre":"Díaz Gana","jerarquia":5},"geometry":{"type":"LineString","coordinates":[[-70.39915,-23.66486],[-70.3985,-23.66488]]}},{"type":"Feature","properties":{"nombre":"Díaz Gana","jerarquia":5},"geometry":{"type":"LineString","coordinates":[[-70.3985,-23.66488],[-70.39838,-23.66489]]}},{"type":"Feature","properties":{"nombre":"Díaz Gana","jerarquia":5},"geometry":{"type":"LineString","coordinates":[[-70.39838,-23.66489],[-70.39829,-23.66489]]}},{"type":"Feature","properties":{"nombre":"Santiago Humberstone","jerarquia":4},"geometry":{"type":"LineString","coordinates":[[-70.39458,-23.56558],[-70.39514,-23.56566],[-70.39531,-23.56579],[-70.39539,-23.56597]]}},{"type":"Feature","properties":{"nombre":"Santiago Humberstone","jerarquia":4},"geometry":{"type":"LineString","coordinates":[[-70.39539,-23.56597],[-70.39562,-23.56602]]}},{"type":"Feature","properties":{"nombre":"Santiago Humberstone","jerarquia":4},"geometry":{"type":"LineString","coordinates":[[-70.39562,-23.56602],[-70.39592,-23.56605]]}},{"type":"Feature","properties":{"nombre":"Oficina Bonasort","jerarquia":5},"geometry":{"type":"LineString","coordinates":[[-70.39518,-23.54872],[-70.39506,-23.54857],[-70.39489,-23.5485],[-70.39354,-23.54838]]}},{"type":"Feature","properties":{"nombre":"Oficina Bonasort","jerarquia":5},"geometry":{"type":"LineString","coordinates":[[-70.39354,-23.54838],[-70.39163,-23.54821]]}},{"type":"Feature","properties":{"nombre":"Sendero del Sol","jerarquia":5},"geometry":{"type":"LineString","coordinates":[[-70.38994,-23.56346],[-70.39002,-23.56345]]}},{"type":"Feature","properties":{"nombre":"Sendero del Sol","jerarquia":5},"geometry":{"type":"LineString","coordinates":[[-70.39002,-23.56345],[-70.39046,-23.56342]]}},{"type":"Feature","properties":{"nombre":"Sendero del Sol","jerarquia":5},"geometry":{"type":"LineString","coordinates":[[-70.39046,-23.56342],[-70.39099,-23.56344]]}},{"type":"Feature","properties":{"nombre":"Sendero del Sol","jerarquia":5},"geometry":{"type":"LineString","coordinates":[[-70.39099,-23.56344],[-70.39108,-23.56345]]}},{"type":"Feature","properties":{"nombre":"Avenida Edmundo Pérez Zujovic","jerarquia":5},"geometry":{"type":"LineString","coordinates":[[-70.39362,-23.57688],[-70.39367,-23.57681]]}},{"type":"Feature","properties":{"nombre":"Avenida Edmundo Pérez Zujovic","jerarquia":5},"geometry":{"type":"LineString","coordinates":[[-70.39367,-23.57681],[-70.39395,-23.57642]]}},{"type":"Feature","properties":{"nombre":"Avenida Edmundo Pérez Zujovic","jerarquia":5},"geometry":{"type":"LineString","coordinates":[[-70.39395,-23.57642],[-70.39421,-23.57606]]}},{"type":"Feature","properties":{"nombre":"Avenida Edmundo Pérez Zujovic","jerarquia":5},"geometry":{"type":"LineString","coordinates":[[-70.39421,-23.57606],[-70.39452,-23.57563]]}},{"type":"Feature","properties":{"nombre":"Avenida Edmundo Pérez Zujovic","jerarquia":5},"geometry":{"type":"LineString","coordinates":[[-70.39452,-23.57563],[-70.39464,-23.57547]]}},{"type":"Feature","properties":{"nombre":"Oficina Petronila","jerarquia":5},"geometry":{"type":"LineString","coordinates":[[-70.39128,-23.56223],[-70.39146,-23.56224]]}},{"type":"Feature","properties":{"nombre":"Oficina Petronila","jerarquia":5},"geometry":{"type":"LineString","coordinates":[[-70.39146,-23.56224],[-70.39174,-23.56225]]}},{"type":"Feature","properties":{"nombre":"Oficina Petronila","jerarquia":5},"geometry":{"type":"LineString","coordinates":[[-70.39174,-23.56225],[-70.39205,-23.56225]]}},{"type":"Feature","properties":{"nombre":"Oficina Petronila","jerarquia":5},"geometry":{"type":"LineString","coordinates":[[-70.39205,-23.56225],[-70.3923,-23.56226]]}},{"type":"Feature","properties":{"nombre":"Oficina Petronila","jerarquia":5},"geometry":{"type":"LineString","coordinates":[[-70.3923,-23.56226],[-70.39293,-23.56228]]}},{"type":"Feature","properties":{"nombre":"Oficina Petronila","jerarquia":5},"geometry":{"type":"LineString","coordinates":[[-70.39293,-23.56228],[-70.39421,-23.56238]]}},{"type":"Feature","properties":{"nombre":"Oficina Petronila","jerarquia":5},"geometry":{"type":"LineString","coordinates":[[-70.39421,-23.56238],[-70.39454,-23.56235]]}},{"type":"Feature","properties":{"nombre":"Avenida Edmundo Pérez Zujovic","jerarquia":5},"geometry":{"type":"LineString","coordinates":[[-70.39541,-23.57392],[-70.39535,-23.57438],[-70.39492,-23.57508]]}},{"type":"Feature","properties":{"nombre":"Avenida Edmundo Pérez Zujovic","jerarquia":5},"geometry":{"type":"LineString","coordinates":[[-70.39492,-23.57508],[-70.39464,-23.57547]]}},{"type":"Feature","properties":{"nombre":"Sierra Nevada","jerarquia":5},"geometry":{"type":"LineString","coordinates":[[-70.38845,-23.56505],[-70.38831,-23.56411]]}},{"type":"Feature","properties":{"nombre":"Sierra Nevada","jerarquia":5},"geometry":{"type":"LineString","coordinates":[[-70.38831,-23.56411],[-70.38818,-23.56368]]}},{"type":"Feature","properties":{"nombre":"Sierra Nevada","jerarquia":5},"geometry":{"type":"LineString","coordinates":[[-70.38818,-23.56368],[-70.38812,-23.56328],[-70.38811,-23.56281]]}},{"type":"Feature","properties":{"nombre":"Sierra Nevada","jerarquia":5},"geometry":{"type":"LineString","coordinates":[[-70.38811,-23.56281],[-70.38816,-23.56244],[-70.38829,-23.56194]]}},{"type":"Feature","properties":{"nombre":"Sierra Nevada","jerarquia":5},"geometry":{"type":"LineString","coordinates":[[-70.38829,-23.56194],[-70.38852,-23.56149]]}},{"type":"Feature","properties":{"nombre":"Sendero del Sol","jerarquia":5},"geometry":{"type":"LineString","coordinates":[[-70.38994,-23.56346],[-70.38957,-23.56347]]}},{"type":"Feature","properties":{"nombre":"Sendero del Sol","jerarquia":5},"geometry":{"type":"LineString","coordinates":[[-70.38957,-23.56347],[-70.3895,-23.56346]]}},{"type":"Feature","properties":{"nombre":"Sendero del Sol","jerarquia":5},"geometry":{"type":"LineString","coordinates":[[-70.3895,-23.56346],[-70.38919,-23.56344],[-70.38889,-23.56335],[-70.38856,-23.56314]]}},{"type":"Feature","properties":{"nombre":"Sendero del Sol","jerarquia":5},"geometry":{"type":"LineString","coordinates":[[-70.38856,-23.56314],[-70.38819,-23.56286]]}},{"type":"Feature","properties":{"nombre":"Sendero del Sol","jerarquia":5},"geometry":{"type":"LineString","coordinates":[[-70.38819,-23.56286],[-70.38811,-23.56281]]}},{"type":"Feature","properties":{"nombre":"Sierra Nevada","jerarquia":5},"geometry":{"type":"LineString","coordinates":[[-70.38852,-23.56149],[-70.38839,-23.56194]]}},{"type":"Feature","properties":{"nombre":"Sierra Nevada","jerarquia":5},"geometry":{"type":"LineString","coordinates":[[-70.38839,-23.56194],[-70.38825,-23.5624],[-70.38819,-23.56286]]}},{"type":"Feature","properties":{"nombre":"Sierra Nevada","jerarquia":5},"geometry":{"type":"LineString","coordinates":[[-70.38819,-23.56286],[-70.3882,-23.56319]]}},{"type":"Feature","properties":{"nombre":"Sierra Nevada","jerarquia":5},"geometry":{"type":"LineString","coordinates":[[-70.3882,-23.56319],[-70.38845,-23.56433],[-70.38851,-23.56495],[-70.38845,-23.56505]]}},{"type":"Feature","properties":{"nombre":"Caparrosa","jerarquia":4},"geometry":{"type":"LineString","coordinates":[[-70.38845,-23.56505],[-70.38913,-23.56508]]}},{"type":"Feature","properties":{"nombre":"Caparrosa","jerarquia":4},"geometry":{"type":"LineString","coordinates":[[-70.38913,-23.56508],[-70.38995,-23.56518],[-70.39016,-23.56515]]}},{"type":"Feature","properties":{"nombre":"Víctor Farías","jerarquia":5},"geometry":{"type":"LineString","coordinates":[[-70.38487,-23.58531],[-70.3849,-23.58559],[-70.38556,-23.58692],[-70.38555,-23.58699]]}},{"type":"Feature","properties":{"nombre":"Víctor Farías","jerarquia":5},"geometry":{"type":"LineString","coordinates":[[-70.38555,-23.58699],[-70.38552,-23.58703]]}},{"type":"Feature","properties":{"nombre":"Juan Glasinovic","jerarquia":5},"geometry":{"type":"LineString","coordinates":[[-70.38958,-23.59767],[-70.38948,-23.59766]]}},{"type":"Feature","properties":{"nombre":"Juan Glasinovic","jerarquia":5},"geometry":{"type":"LineString","coordinates":[[-70.38948,-23.59766],[-70.38726,-23.59731]]}},{"type":"Feature","properties":{"nombre":"Juan Glasinovic","jerarquia":5},"geometry":{"type":"LineString","coordinates":[[-70.38726,-23.59731],[-70.38548,-23.59724]]}},{"type":"Feature","properties":{"nombre":"Camino La Portada","jerarquia":5},"geometry":{"type":"LineString","coordinates":[[-70.4192,-23.49808],[-70.42007,-23.49812]]}},{"type":"Feature","properties":{"nombre":"Camino a Juan López","jerarquia":5},"geometry":{"type":"LineString","coordinates":[[-70.42007,-23.49812],[-70.42007,-23.4981]]}},{"type":"Feature","properties":{"nombre":"Camino a Juan López","jerarquia":5},"geometry":{"type":"LineString","coordinates":[[-70.42007,-23.4981],[-70.42014,-23.49782]]}},{"type":"Feature","properties":{"nombre":"Camino a Juan López","jerarquia":5},"geometry":{"type":"LineString","coordinates":[[-70.42014,-23.49782],[-70.42021,-23.49775]]}},{"type":"Feature","properties":{"nombre":"Camino a Juan López","jerarquia":5},"geometry":{"type":"LineString","coordinates":[[-70.42021,-23.49775],[-70.42078,-23.49749],[-70.43072,-23.49208],[-70.45646,-23.47826],[-70.4576,-23.47752],[-70.45875,-23.4767],[-70.46008,-23.47565],[-70.46373,-23.47256],[-70.4641,-23.47229],[-70.46453,-23.47207],[-70.48657,-23.4641],[-70.48742,-23.46386],[-70.49985,-23.46089],[-70.50035,-23.46085],[-70.50081,-23.46087],[-70.50803,-23.46173],[-70.50854,-23.46188],[-70.51121,-23.46315]]}},{"type":"Feature","properties":{"nombre":"Cardenal Carlos Oviedo Cavada","jerarquia":5},"geometry":{"type":"LineString","coordinates":[[-70.38694,-23.62716],[-70.38617,-23.62589]]}},{"type":"Feature","properties":{"nombre":"Cardenal Carlos Oviedo Cavada","jerarquia":5},"geometry":{"type":"LineString","coordinates":[[-70.38617,-23.62589],[-70.38556,-23.62496]]}},{"type":"Feature","properties":{"nombre":"Cardenal Carlos Oviedo Cavada","jerarquia":5},"geometry":{"type":"LineString","coordinates":[[-70.38556,-23.62496],[-70.38497,-23.62401]]}},{"type":"Feature","properties":{"nombre":"Cardenal Carlos Oviedo Cavada","jerarquia":5},"geometry":{"type":"LineString","coordinates":[[-70.38497,-23.62401],[-70.38438,-23.62307]]}},{"type":"Feature","properties":{"nombre":"Cardenal Carlos Oviedo Cavada","jerarquia":5},"geometry":{"type":"LineString","coordinates":[[-70.38438,-23.62307],[-70.38379,-23.62214]]}},{"type":"Feature","properties":{"nombre":"Cardenal Carlos Oviedo Cavada","jerarquia":5},"geometry":{"type":"LineString","coordinates":[[-70.38379,-23.62214],[-70.38321,-23.62117]]}},{"type":"Feature","properties":{"nombre":"Cardenal Carlos Oviedo Cavada","jerarquia":5},"geometry":{"type":"LineString","coordinates":[[-70.38321,-23.62117],[-70.38261,-23.62025]]}},{"type":"Feature","properties":{"nombre":"Cardenal Carlos Oviedo Cavada","jerarquia":5},"geometry":{"type":"LineString","coordinates":[[-70.38261,-23.62025],[-70.38202,-23.61931]]}},{"type":"Feature","properties":{"nombre":"Víctor Jara","jerarquia":4},"geometry":{"type":"LineString","coordinates":[[-70.38894,-23.61718],[-70.38778,-23.61738]]}},{"type":"Feature","properties":{"nombre":"Víctor Jara","jerarquia":4},"geometry":{"type":"LineString","coordinates":[[-70.38778,-23.61738],[-70.38716,-23.61749]]}},{"type":"Feature","properties":{"nombre":"Víctor Jara","jerarquia":4},"geometry":{"type":"LineString","coordinates":[[-70.38716,-23.61749],[-70.38668,-23.61759]]}},{"type":"Feature","properties":{"nombre":"Víctor Jara","jerarquia":4},"geometry":{"type":"LineString","coordinates":[[-70.38668,-23.61759],[-70.38585,-23.61774],[-70.38569,-23.61773]]}},{"type":"Feature","properties":{"nombre":"Víctor Jara","jerarquia":4},"geometry":{"type":"LineString","coordinates":[[-70.38569,-23.61773],[-70.38562,-23.61771]]}},{"type":"Feature","properties":{"nombre":"Víctor Jara","jerarquia":4},"geometry":{"type":"LineString","coordinates":[[-70.38562,-23.61771],[-70.38546,-23.61765]]}},{"type":"Feature","properties":{"nombre":"Víctor Jara","jerarquia":4},"geometry":{"type":"LineString","coordinates":[[-70.38546,-23.61765],[-70.38513,-23.61767]]}},{"type":"Feature","properties":{"nombre":"","jerarquia":2},"geometry":{"type":"LineString","coordinates":[[-70.39198,-23.6098],[-70.39206,-23.60972],[-70.39216,-23.6097],[-70.39225,-23.60975],[-70.39229,-23.60984]]}},{"type":"Feature","properties":{"nombre":"","jerarquia":2},"geometry":{"type":"LineString","coordinates":[[-70.39232,-23.60946],[-70.39226,-23.60956],[-70.39213,-23.60959],[-70.39203,-23.60954],[-70.39199,-23.60944]]}},{"type":"Feature","properties":{"nombre":"","jerarquia":3},"geometry":{"type":"LineString","coordinates":[[-70.39341,-23.62301],[-70.39286,-23.62295],[-70.39272,-23.62302],[-70.3926,-23.62319]]}},{"type":"Feature","properties":{"nombre":"Oficina Petronila","jerarquia":5},"geometry":{"type":"LineString","coordinates":[[-70.39941,-23.56287],[-70.39859,-23.56279]]}},{"type":"Feature","properties":{"nombre":"Oficina Petronila","jerarquia":5},"geometry":{"type":"LineString","coordinates":[[-70.39859,-23.56279],[-70.39848,-23.56279]]}},{"type":"Feature","properties":{"nombre":"Oficina Petronila","jerarquia":5},"geometry":{"type":"LineString","coordinates":[[-70.39848,-23.56279],[-70.39823,-23.56276]]}},{"type":"Feature","properties":{"nombre":"Oficina Petronila","jerarquia":5},"geometry":{"type":"LineString","coordinates":[[-70.39823,-23.56276],[-70.3974,-23.56268]]}},{"type":"Feature","properties":{"nombre":"Oficina Petronila","jerarquia":5},"geometry":{"type":"LineString","coordinates":[[-70.3974,-23.56268],[-70.39663,-23.56261]]}},{"type":"Feature","properties":{"nombre":"Oficina Petronila","jerarquia":5},"geometry":{"type":"LineString","coordinates":[[-70.39663,-23.56261],[-70.39591,-23.56254]]}},{"type":"Feature","properties":{"nombre":"Oficina Petronila","jerarquia":5},"geometry":{"type":"LineString","coordinates":[[-70.39591,-23.56254],[-70.39491,-23.56245]]}},{"type":"Feature","properties":{"nombre":"Benito Ocampo","jerarquia":5},"geometry":{"type":"LineString","coordinates":[[-70.39541,-23.57392],[-70.39551,-23.573]]}},{"type":"Feature","properties":{"nombre":"Benito Ocampo","jerarquia":5},"geometry":{"type":"LineString","coordinates":[[-70.39551,-23.573],[-70.39554,-23.57266]]}},{"type":"Feature","properties":{"nombre":"Benito Ocampo","jerarquia":5},"geometry":{"type":"LineString","coordinates":[[-70.39554,-23.57266],[-70.39556,-23.57232]]}},{"type":"Feature","properties":{"nombre":"Benito Ocampo","jerarquia":5},"geometry":{"type":"LineString","coordinates":[[-70.39556,-23.57232],[-70.39556,-23.57228]]}},{"type":"Feature","properties":{"nombre":"Benito Ocampo","jerarquia":5},"geometry":{"type":"LineString","coordinates":[[-70.39556,-23.57228],[-70.3956,-23.572]]}},{"type":"Feature","properties":{"nombre":"Benito Ocampo","jerarquia":5},"geometry":{"type":"LineString","coordinates":[[-70.3956,-23.572],[-70.39563,-23.57163]]}},{"type":"Feature","properties":{"nombre":"Benito Ocampo","jerarquia":5},"geometry":{"type":"LineString","coordinates":[[-70.39563,-23.57163],[-70.39564,-23.57152]]}},{"type":"Feature","properties":{"nombre":"Benito Ocampo","jerarquia":5},"geometry":{"type":"LineString","coordinates":[[-70.39964,-23.55912],[-70.40032,-23.55787],[-70.40045,-23.55744],[-70.40047,-23.55693]]}},{"type":"Feature","properties":{"nombre":"Benito Ocampo","jerarquia":5},"geometry":{"type":"LineString","coordinates":[[-70.40047,-23.55693],[-70.40039,-23.55652],[-70.40023,-23.55614],[-70.39999,-23.55579],[-70.39962,-23.55543]]}},{"type":"Feature","properties":{"nombre":"Benito Ocampo","jerarquia":5},"geometry":{"type":"LineString","coordinates":[[-70.39962,-23.55543],[-70.39852,-23.55431]]}},{"type":"Feature","properties":{"nombre":"Benito Ocampo","jerarquia":5},"geometry":{"type":"LineString","coordinates":[[-70.39852,-23.55431],[-70.39738,-23.55315]]}},{"type":"Feature","properties":{"nombre":"Benito Ocampo","jerarquia":5},"geometry":{"type":"LineString","coordinates":[[-70.39738,-23.55315],[-70.39675,-23.55253],[-70.3964,-23.55242],[-70.39611,-23.55246]]}},{"type":"Feature","properties":{"nombre":"Santiago Humberstone","jerarquia":4},"geometry":{"type":"LineString","coordinates":[[-70.39537,-23.56614],[-70.39529,-23.5663],[-70.39511,-23.5664],[-70.39436,-23.56634]]}},{"type":"Feature","properties":{"nombre":"Santiago Humberstone","jerarquia":4},"geometry":{"type":"LineString","coordinates":[[-70.39436,-23.56634],[-70.3941,-23.56632]]}},{"type":"Feature","properties":{"nombre":"Santiago Humberstone","jerarquia":4},"geometry":{"type":"LineString","coordinates":[[-70.3941,-23.56632],[-70.39303,-23.56621]]}},{"type":"Feature","properties":{"nombre":"","jerarquia":5},"geometry":{"type":"LineString","coordinates":[[-70.38856,-23.56314],[-70.3882,-23.56319]]}},{"type":"Feature","properties":{"nombre":"Juvenal Morla","jerarquia":5},"geometry":{"type":"LineString","coordinates":[[-70.37676,-23.59946],[-70.37638,-23.59946]]}},{"type":"Feature","properties":{"nombre":"Juvenal Morla","jerarquia":5},"geometry":{"type":"LineString","coordinates":[[-70.37638,-23.59946],[-70.37581,-23.59948]]}},{"type":"Feature","properties":{"nombre":"Héroes de la Concepción","jerarquia":5},"geometry":{"type":"LineString","coordinates":[[-70.38571,-23.5655],[-70.38553,-23.56732]]}},{"type":"Feature","properties":{"nombre":"Héroes de la Concepción","jerarquia":5},"geometry":{"type":"LineString","coordinates":[[-70.38553,-23.56732],[-70.3853,-23.56964]]}},{"type":"Feature","properties":{"nombre":"Héroes de la Concepción","jerarquia":5},"geometry":{"type":"LineString","coordinates":[[-70.3853,-23.56964],[-70.38516,-23.57079]]}},{"type":"Feature","properties":{"nombre":"Héroes de la Concepción","jerarquia":5},"geometry":{"type":"LineString","coordinates":[[-70.38516,-23.57079],[-70.38485,-23.57272]]}},{"type":"Feature","properties":{"nombre":"Las Palmeras","jerarquia":5},"geometry":{"type":"LineString","coordinates":[[-70.39654,-23.5717],[-70.39605,-23.57165]]}},{"type":"Feature","properties":{"nombre":"Las Palmeras","jerarquia":5},"geometry":{"type":"LineString","coordinates":[[-70.39605,-23.57165],[-70.39563,-23.57163]]}},{"type":"Feature","properties":{"nombre":"Las Palmeras","jerarquia":5},"geometry":{"type":"LineString","coordinates":[[-70.39563,-23.57163],[-70.39485,-23.57157]]}},{"type":"Feature","properties":{"nombre":"Las Palmeras","jerarquia":5},"geometry":{"type":"LineString","coordinates":[[-70.39485,-23.57157],[-70.39387,-23.5715]]}},{"type":"Feature","properties":{"nombre":"Las Palmeras","jerarquia":5},"geometry":{"type":"LineString","coordinates":[[-70.39387,-23.5715],[-70.39367,-23.57148]]}},{"type":"Feature","properties":{"nombre":"Las Palmeras","jerarquia":5},"geometry":{"type":"LineString","coordinates":[[-70.39367,-23.57148],[-70.39353,-23.57147]]}},{"type":"Feature","properties":{"nombre":"Las Palmeras","jerarquia":5},"geometry":{"type":"LineString","coordinates":[[-70.39353,-23.57147],[-70.39282,-23.57141]]}},{"type":"Feature","properties":{"nombre":"Caparrosa","jerarquia":4},"geometry":{"type":"LineString","coordinates":[[-70.39016,-23.56515],[-70.3909,-23.56517]]}},{"type":"Feature","properties":{"nombre":"Iquique","jerarquia":5},"geometry":{"type":"LineString","coordinates":[[-70.38999,-23.61214],[-70.39015,-23.6129]]}},{"type":"Feature","properties":{"nombre":"Iquique","jerarquia":5},"geometry":{"type":"LineString","coordinates":[[-70.39015,-23.6129],[-70.39038,-23.61385]]}},{"type":"Feature","properties":{"nombre":"Iquique","jerarquia":5},"geometry":{"type":"LineString","coordinates":[[-70.39038,-23.61385],[-70.39063,-23.61491]]}},{"type":"Feature","properties":{"nombre":"Iquique","jerarquia":5},"geometry":{"type":"LineString","coordinates":[[-70.39063,-23.61491],[-70.39081,-23.61568]]}},{"type":"Feature","properties":{"nombre":"Iquique","jerarquia":5},"geometry":{"type":"LineString","coordinates":[[-70.39081,-23.61568],[-70.39088,-23.61591],[-70.39094,-23.61667]]}},{"type":"Feature","properties":{"nombre":"Iquique","jerarquia":5},"geometry":{"type":"LineString","coordinates":[[-70.39094,-23.61667],[-70.391,-23.61851]]}},{"type":"Feature","properties":{"nombre":"Iquique","jerarquia":5},"geometry":{"type":"LineString","coordinates":[[-70.391,-23.61851],[-70.39101,-23.61875]]}},{"type":"Feature","properties":{"nombre":"Iquique","jerarquia":5},"geometry":{"type":"LineString","coordinates":[[-70.39101,-23.61875],[-70.39103,-23.61933]]}},{"type":"Feature","properties":{"nombre":"Iquique","jerarquia":5},"geometry":{"type":"LineString","coordinates":[[-70.39103,-23.61933],[-70.39112,-23.62127],[-70.39094,-23.62175]]}},{"type":"Feature","properties":{"nombre":"Iquique","jerarquia":5},"geometry":{"type":"LineString","coordinates":[[-70.39094,-23.62175],[-70.39092,-23.62178]]}},{"type":"Feature","properties":{"nombre":"Manuel Antonio Matta","jerarquia":5},"geometry":{"type":"LineString","coordinates":[[-70.38749,-23.6425],[-70.38769,-23.64295]]}},{"type":"Feature","properties":{"nombre":"Manuel Antonio Matta","jerarquia":5},"geometry":{"type":"LineString","coordinates":[[-70.38769,-23.64295],[-70.38793,-23.64324]]}},{"type":"Feature","properties":{"nombre":"Manuel Antonio Matta","jerarquia":5},"geometry":{"type":"LineString","coordinates":[[-70.38793,-23.64324],[-70.38806,-23.64332]]}},{"type":"Feature","properties":{"nombre":"José Santos Ossa","jerarquia":4},"geometry":{"type":"LineString","coordinates":[[-70.4011,-23.65535],[-70.40021,-23.65461]]}},{"type":"Feature","properties":{"nombre":"José Santos Ossa","jerarquia":4},"geometry":{"type":"LineString","coordinates":[[-70.40021,-23.65461],[-70.39934,-23.65389]]}},{"type":"Feature","properties":{"nombre":"","jerarquia":5},"geometry":{"type":"LineString","coordinates":[[-70.39763,-23.64683],[-70.39749,-23.64661],[-70.39735,-23.6465],[-70.39734,-23.64637],[-70.39787,-23.6458],[-70.3981,-23.64576]]}},{"type":"Feature","properties":{"nombre":"Héroes de la Concepción","jerarquia":5},"geometry":{"type":"LineString","coordinates":[[-70.38427,-23.57605],[-70.3842,-23.57647]]}},{"type":"Feature","properties":{"nombre":"Héroes de la Concepción","jerarquia":5},"geometry":{"type":"LineString","coordinates":[[-70.3842,-23.57647],[-70.38406,-23.57724]]}},{"type":"Feature","properties":{"nombre":"Héroes de la Concepción","jerarquia":5},"geometry":{"type":"LineString","coordinates":[[-70.38406,-23.57724],[-70.38401,-23.57765]]}},{"type":"Feature","properties":{"nombre":"Placilla","jerarquia":5},"geometry":{"type":"LineString","coordinates":[[-70.38528,-23.6147],[-70.38517,-23.61475],[-70.38486,-23.61479]]}},{"type":"Feature","properties":{"nombre":"Ruta 1","jerarquia":1},"geometry":{"type":"LineString","coordinates":[[-70.42061,-23.47334],[-70.42013,-23.47507],[-70.41983,-23.47588],[-70.41664,-23.48207]]}},{"type":"Feature","properties":{"nombre":"Ruta 1","jerarquia":1},"geometry":{"type":"LineString","coordinates":[[-70.40627,-23.50558],[-70.40685,-23.50428]]}},{"type":"Feature","properties":{"nombre":"","jerarquia":5},"geometry":{"type":"LineString","coordinates":[[-70.40952,-23.49649],[-70.40949,-23.49609],[-70.40933,-23.49587],[-70.40911,-23.49577],[-70.40886,-23.49579],[-70.40859,-23.49598],[-70.40851,-23.49625],[-70.40861,-23.49649],[-70.4089,-23.4967]]}},{"type":"Feature","properties":{"nombre":"","jerarquia":5},"geometry":{"type":"LineString","coordinates":[[-70.4089,-23.4967],[-70.40911,-23.49679]]}},{"type":"Feature","properties":{"nombre":"Pisagua","jerarquia":4},"geometry":{"type":"LineString","coordinates":[[-70.38706,-23.62292],[-70.387,-23.62294]]}},{"type":"Feature","properties":{"nombre":"Pisagua","jerarquia":4},"geometry":{"type":"LineString","coordinates":[[-70.387,-23.62294],[-70.38652,-23.6232]]}},{"type":"Feature","properties":{"nombre":"Pisagua","jerarquia":4},"geometry":{"type":"LineString","coordinates":[[-70.38652,-23.6232],[-70.38601,-23.62347]]}},{"type":"Feature","properties":{"nombre":"Pisagua","jerarquia":4},"geometry":{"type":"LineString","coordinates":[[-70.38601,-23.62347],[-70.38548,-23.62374]]}},{"type":"Feature","properties":{"nombre":"Pisagua","jerarquia":4},"geometry":{"type":"LineString","coordinates":[[-70.38548,-23.62374],[-70.38497,-23.62401]]}},{"type":"Feature","properties":{"nombre":"Pisagua","jerarquia":4},"geometry":{"type":"LineString","coordinates":[[-70.38497,-23.62401],[-70.38447,-23.62427]]}},{"type":"Feature","properties":{"nombre":"Pisagua","jerarquia":4},"geometry":{"type":"LineString","coordinates":[[-70.38447,-23.62427],[-70.38404,-23.62449]]}},{"type":"Feature","properties":{"nombre":"Pisagua","jerarquia":4},"geometry":{"type":"LineString","coordinates":[[-70.38404,-23.62449],[-70.38395,-23.62454]]}},{"type":"Feature","properties":{"nombre":"Pisagua","jerarquia":4},"geometry":{"type":"LineString","coordinates":[[-70.38395,-23.62454],[-70.38345,-23.62481]]}},{"type":"Feature","properties":{"nombre":"Pisagua","jerarquia":4},"geometry":{"type":"LineString","coordinates":[[-70.38345,-23.62481],[-70.38293,-23.62508]]}},{"type":"Feature","properties":{"nombre":"Pisagua","jerarquia":4},"geometry":{"type":"LineString","coordinates":[[-70.38293,-23.62508],[-70.38243,-23.62535]]}},{"type":"Feature","properties":{"nombre":"Pisagua","jerarquia":4},"geometry":{"type":"LineString","coordinates":[[-70.38243,-23.62535],[-70.38204,-23.62557]]}},{"type":"Feature","properties":{"nombre":"Pisagua","jerarquia":4},"geometry":{"type":"LineString","coordinates":[[-70.38204,-23.62557],[-70.38192,-23.62566]]}},{"type":"Feature","properties":{"nombre":"Lidia Moreno","jerarquia":5},"geometry":{"type":"LineString","coordinates":[[-70.39297,-23.56951],[-70.39404,-23.56956]]}},{"type":"Feature","properties":{"nombre":"Lidia Moreno","jerarquia":5},"geometry":{"type":"LineString","coordinates":[[-70.39404,-23.56956],[-70.3958,-23.5697]]}},{"type":"Feature","properties":{"nombre":"Avenida Antonio Rendic","jerarquia":4},"geometry":{"type":"LineString","coordinates":[[-70.38907,-23.60302],[-70.38846,-23.60396]]}},{"type":"Feature","properties":{"nombre":"Avenida Antonio Rendic","jerarquia":4},"geometry":{"type":"LineString","coordinates":[[-70.38846,-23.60396],[-70.38838,-23.60403]]}},{"type":"Feature","properties":{"nombre":"Avenida Edmundo Pérez Zujovic","jerarquia":2},"geometry":{"type":"LineString","coordinates":[[-70.39268,-23.54571],[-70.39422,-23.54713]]}},{"type":"Feature","properties":{"nombre":"Ruta 1","jerarquia":1},"geometry":{"type":"LineString","coordinates":[[-70.4266,-23.45183],[-70.42653,-23.4521]]}},{"type":"Feature","properties":{"nombre":"Ruta 1","jerarquia":1},"geometry":{"type":"LineString","coordinates":[[-70.428,-23.44683],[-70.42781,-23.4475]]}},{"type":"Feature","properties":{"nombre":"Ruta 1","jerarquia":1},"geometry":{"type":"LineString","coordinates":[[-70.4382,-23.4099],[-70.4395,-23.40554],[-70.43968,-23.40438],[-70.43967,-23.40346],[-70.43952,-23.40256],[-70.43924,-23.40168],[-70.43883,-23.40072]]}},{"type":"Feature","properties":{"nombre":"","jerarquia":1},"geometry":{"type":"LineString","coordinates":[[-70.41087,-23.49374],[-70.4108,-23.49446]]}},{"type":"Feature","properties":{"nombre":"Avenida Jaime Guzmán Errázuriz","jerarquia":4},"geometry":{"type":"LineString","coordinates":[[-70.43005,-23.70894],[-70.4305,-23.70914],[-70.43087,-23.70937]]}},{"type":"Feature","properties":{"nombre":"Avenida Jaime Guzmán Errázuriz","jerarquia":4},"geometry":{"type":"LineString","coordinates":[[-70.43087,-23.70937],[-70.43145,-23.70993],[-70.43171,-23.71029],[-70.43271,-23.71209],[-70.43311,-23.71303]]}},{"type":"Feature","properties":{"nombre":"Avenida Jaime Guzmán Errázuriz","jerarquia":4},"geometry":{"type":"LineString","coordinates":[[-70.43311,-23.71303],[-70.43314,-23.71311]]}},{"type":"Feature","properties":{"nombre":"Avenida Jaime Guzmán Errázuriz","jerarquia":4},"geometry":{"type":"LineString","coordinates":[[-70.43314,-23.71311],[-70.43382,-23.71548],[-70.43438,-23.71885],[-70.43448,-23.71921],[-70.43497,-23.72036]]}},{"type":"Feature","properties":{"nombre":"Avenida Jaime Guzmán Errázuriz","jerarquia":4},"geometry":{"type":"LineString","coordinates":[[-70.43497,-23.72036],[-70.43602,-23.72279]]}},{"type":"Feature","properties":{"nombre":"Avenida Jaime Guzmán Errázuriz","jerarquia":4},"geometry":{"type":"LineString","coordinates":[[-70.43602,-23.72279],[-70.43624,-23.72344],[-70.43634,-23.72393],[-70.43648,-23.72514]]}},{"type":"Feature","properties":{"nombre":"Avenida Jaime Guzmán Errázuriz","jerarquia":4},"geometry":{"type":"LineString","coordinates":[[-70.43648,-23.72514],[-70.43649,-23.72525]]}},{"type":"Feature","properties":{"nombre":"Avenida Jaime Guzmán Errázuriz","jerarquia":4},"geometry":{"type":"LineString","coordinates":[[-70.43649,-23.72525],[-70.43658,-23.72584],[-70.43681,-23.72674],[-70.43722,-23.72817]]}},{"type":"Feature","properties":{"nombre":"Ruta 1","jerarquia":1},"geometry":{"type":"LineString","coordinates":[[-70.43804,-23.41046],[-70.4382,-23.4099]]}},{"type":"Feature","properties":{"nombre":"Ruta 1","jerarquia":1},"geometry":{"type":"LineString","coordinates":[[-70.43028,-23.43811],[-70.43064,-23.43656],[-70.43084,-23.43543]]}},{"type":"Feature","properties":{"nombre":"Avenida Universidad de Antofagasta","jerarquia":4},"geometry":{"type":"LineString","coordinates":[[-70.42415,-23.70503],[-70.42387,-23.70341],[-70.4234,-23.70196]]}},{"type":"Feature","properties":{"nombre":"Avenida Universidad de Antofagasta","jerarquia":4},"geometry":{"type":"LineString","coordinates":[[-70.4234,-23.70196],[-70.42339,-23.70193]]}},{"type":"Feature","properties":{"nombre":"","jerarquia":2},"geometry":{"type":"LineString","coordinates":[[-70.39591,-23.62854],[-70.3962,-23.62843]]}},{"type":"Feature","properties":{"nombre":"","jerarquia":2},"geometry":{"type":"LineString","coordinates":[[-70.3962,-23.62843],[-70.39629,-23.62829]]}},{"type":"Feature","properties":{"nombre":"","jerarquia":2},"geometry":{"type":"LineString","coordinates":[[-70.39626,-23.62895],[-70.39611,-23.62873]]}},{"type":"Feature","properties":{"nombre":"","jerarquia":2},"geometry":{"type":"LineString","coordinates":[[-70.39611,-23.62873],[-70.39601,-23.62867]]}},{"type":"Feature","properties":{"nombre":"Ruta 1","jerarquia":1},"geometry":{"type":"LineString","coordinates":[[-70.43837,-23.40976],[-70.4382,-23.41033]]}},{"type":"Feature","properties":{"nombre":"Ruta 1","jerarquia":1},"geometry":{"type":"LineString","coordinates":[[-70.4392,-23.40059],[-70.43955,-23.40154],[-70.43974,-23.40234],[-70.43984,-23.40316],[-70.43984,-23.40421],[-70.43962,-23.4055],[-70.43837,-23.40976]]}},{"type":"Feature","properties":{"nombre":"","jerarquia":1},"geometry":{"type":"LineString","coordinates":[[-70.4392,-23.40059],[-70.43911,-23.40075],[-70.4389,-23.40077]]}},{"type":"Feature","properties":{"nombre":"","jerarquia":1},"geometry":{"type":"LineString","coordinates":[[-70.4389,-23.40077],[-70.43883,-23.40072]]}},{"type":"Feature","properties":{"nombre":"Ruta 1","jerarquia":1},"geometry":{"type":"LineString","coordinates":[[-70.42636,-23.4521],[-70.42644,-23.45183]]}},{"type":"Feature","properties":{"nombre":"Santiago Humberstone","jerarquia":4},"geometry":{"type":"LineString","coordinates":[[-70.39303,-23.56621],[-70.39281,-23.56603],[-70.39276,-23.56591],[-70.39277,-23.56571]]}},{"type":"Feature","properties":{"nombre":"Camino a Juan López","jerarquia":5},"geometry":{"type":"LineString","coordinates":[[-70.52613,-23.46596],[-70.52533,-23.46562]]}},{"type":"Feature","properties":{"nombre":"Camino a Juan López","jerarquia":5},"geometry":{"type":"LineString","coordinates":[[-70.52665,-23.46619],[-70.52767,-23.4667],[-70.52815,-23.46715],[-70.52836,-23.46748],[-70.52851,-23.46782],[-70.52858,-23.46807],[-70.52861,-23.46858],[-70.52854,-23.46896],[-70.5284,-23.46934],[-70.52686,-23.47166],[-70.52646,-23.47249],[-70.52617,-23.47331],[-70.52482,-23.47957],[-70.52477,-23.48007],[-70.52482,-23.48054],[-70.52502,-23.48112],[-70.52605,-23.48318],[-70.52813,-23.48648],[-70.52889,-23.48766],[-70.5307,-23.48972]]}},{"type":"Feature","properties":{"nombre":"Camino a Juan López","jerarquia":5},"geometry":{"type":"LineString","coordinates":[[-70.5307,-23.48972],[-70.53655,-23.49701],[-70.53684,-23.49741],[-70.53706,-23.49793],[-70.53713,-23.49835],[-70.5371,-23.49889],[-70.5358,-23.50641]]}},{"type":"Feature","properties":{"nombre":"Camino a Juan López","jerarquia":5},"geometry":{"type":"LineString","coordinates":[[-70.52415,-23.46553],[-70.52478,-23.46545],[-70.52519,-23.46551]]}},{"type":"Feature","properties":{"nombre":"","jerarquia":5},"geometry":{"type":"LineString","coordinates":[[-70.52544,-23.46543],[-70.52549,-23.46561]]}},{"type":"Feature","properties":{"nombre":"","jerarquia":5},"geometry":{"type":"LineString","coordinates":[[-70.52519,-23.46551],[-70.52544,-23.46543]]}},{"type":"Feature","properties":{"nombre":"Oficina Ausonia","jerarquia":5},"geometry":{"type":"LineString","coordinates":[[-70.39976,-23.55919],[-70.40115,-23.55986]]}},{"type":"Feature","properties":{"nombre":"Oficina Ausonia","jerarquia":5},"geometry":{"type":"LineString","coordinates":[[-70.40115,-23.55986],[-70.40127,-23.55992]]}},{"type":"Feature","properties":{"nombre":"Oficina Ausonia","jerarquia":5},"geometry":{"type":"LineString","coordinates":[[-70.40127,-23.55992],[-70.40139,-23.55998]]}},{"type":"Feature","properties":{"nombre":"Sargento Manuel Silva","jerarquia":5},"geometry":{"type":"LineString","coordinates":[[-70.38446,-23.58957],[-70.38487,-23.58959]]}},{"type":"Feature","properties":{"nombre":"Sargento Manuel Silva","jerarquia":5},"geometry":{"type":"LineString","coordinates":[[-70.38487,-23.58959],[-70.38523,-23.58956]]}},{"type":"Feature","properties":{"nombre":"Sargento Manuel Silva","jerarquia":5},"geometry":{"type":"LineString","coordinates":[[-70.38523,-23.58956],[-70.38531,-23.58952]]}},{"type":"Feature","properties":{"nombre":"Sargento Manuel Silva","jerarquia":5},"geometry":{"type":"LineString","coordinates":[[-70.38531,-23.58952],[-70.38557,-23.58941]]}},{"type":"Feature","properties":{"nombre":"Sargento Manuel Silva","jerarquia":5},"geometry":{"type":"LineString","coordinates":[[-70.38557,-23.58941],[-70.3858,-23.58932]]}},{"type":"Feature","properties":{"nombre":"Sargento Manuel Silva","jerarquia":5},"geometry":{"type":"LineString","coordinates":[[-70.3858,-23.58932],[-70.38593,-23.58927]]}},{"type":"Feature","properties":{"nombre":"Sargento Manuel Silva","jerarquia":5},"geometry":{"type":"LineString","coordinates":[[-70.38593,-23.58927],[-70.38603,-23.58922]]}},{"type":"Feature","properties":{"nombre":"Sargento Manuel Silva","jerarquia":5},"geometry":{"type":"LineString","coordinates":[[-70.38603,-23.58922],[-70.38631,-23.58911]]}},{"type":"Feature","properties":{"nombre":"Sargento Manuel Silva","jerarquia":5},"geometry":{"type":"LineString","coordinates":[[-70.38631,-23.58911],[-70.38647,-23.58903]]}},{"type":"Feature","properties":{"nombre":"Sargento Manuel Silva","jerarquia":5},"geometry":{"type":"LineString","coordinates":[[-70.38647,-23.58903],[-70.38721,-23.58905]]}},{"type":"Feature","properties":{"nombre":"Sargento Manuel Silva","jerarquia":5},"geometry":{"type":"LineString","coordinates":[[-70.38721,-23.58905],[-70.38789,-23.5891]]}},{"type":"Feature","properties":{"nombre":"Sargento Manuel Silva","jerarquia":5},"geometry":{"type":"LineString","coordinates":[[-70.38789,-23.5891],[-70.38867,-23.58915]]}},{"type":"Feature","properties":{"nombre":"","jerarquia":2},"geometry":{"type":"LineString","coordinates":[[-70.40249,-23.65102],[-70.40255,-23.65097],[-70.40257,-23.6504]]}},{"type":"Feature","properties":{"nombre":"","jerarquia":3},"geometry":{"type":"LineString","coordinates":[[-70.40934,-23.68421],[-70.4095,-23.68427]]}},{"type":"Feature","properties":{"nombre":"","jerarquia":3},"geometry":{"type":"LineString","coordinates":[[-70.4095,-23.68427],[-70.40961,-23.68432],[-70.40966,-23.68449]]}},{"type":"Feature","properties":{"nombre":"","jerarquia":3},"geometry":{"type":"LineString","coordinates":[[-70.40966,-23.68336],[-70.40949,-23.68345]]}},{"type":"Feature","properties":{"nombre":"","jerarquia":3},"geometry":{"type":"LineString","coordinates":[[-70.40949,-23.68345],[-70.40938,-23.68344]]}},{"type":"Feature","properties":{"nombre":"","jerarquia":3},"geometry":{"type":"LineString","coordinates":[[-70.40949,-23.68446],[-70.40934,-23.68429],[-70.40934,-23.68421]]}},{"type":"Feature","properties":{"nombre":"Ruta 1","jerarquia":5},"geometry":{"type":"LineString","coordinates":[[-70.44318,-23.74038],[-70.44439,-23.74336],[-70.44503,-23.74533],[-70.44516,-23.74581],[-70.44531,-23.7469],[-70.44539,-23.74715],[-70.44628,-23.74927]]}},{"type":"Feature","properties":{"nombre":"Santa Marta","jerarquia":5},"geometry":{"type":"LineString","coordinates":[[-70.41111,-23.69752],[-70.4109,-23.69769],[-70.41078,-23.69774],[-70.40969,-23.69775]]}},{"type":"Feature","properties":{"nombre":"Santa Marta","jerarquia":5},"geometry":{"type":"LineString","coordinates":[[-70.40969,-23.69775],[-70.4094,-23.6975]]}},{"type":"Feature","properties":{"nombre":"Santa Marta","jerarquia":5},"geometry":{"type":"LineString","coordinates":[[-70.4094,-23.6975],[-70.4092,-23.69733],[-70.40889,-23.6972]]}},{"type":"Feature","properties":{"nombre":"","jerarquia":2},"geometry":{"type":"LineString","coordinates":[[-70.40245,-23.65495],[-70.40263,-23.65492]]}},{"type":"Feature","properties":{"nombre":"","jerarquia":3},"geometry":{"type":"LineString","coordinates":[[-70.39398,-23.62639],[-70.39326,-23.62587]]}},{"type":"Feature","properties":{"nombre":"","jerarquia":4},"geometry":{"type":"LineString","coordinates":[[-70.38562,-23.61815],[-70.3857,-23.6181],[-70.38573,-23.61796],[-70.38562,-23.61771]]}},{"type":"Feature","properties":{"nombre":"","jerarquia":4},"geometry":{"type":"LineString","coordinates":[[-70.38507,-23.61769],[-70.38505,-23.61783],[-70.38513,-23.61792],[-70.38524,-23.61793]]}},{"type":"Feature","properties":{"nombre":"","jerarquia":4},"geometry":{"type":"LineString","coordinates":[[-70.38536,-23.61725],[-70.38548,-23.61719],[-70.38559,-23.61725],[-70.38569,-23.61773]]}},{"type":"Feature","properties":{"nombre":"Camino a Juan López","jerarquia":5},"geometry":{"type":"LineString","coordinates":[[-70.51301,-23.4644],[-70.51224,-23.46372]]}},{"type":"Feature","properties":{"nombre":"Camino a Juan López","jerarquia":5},"geometry":{"type":"LineString","coordinates":[[-70.51301,-23.4644],[-70.51319,-23.46472],[-70.51336,-23.46516],[-70.51348,-23.46605],[-70.51381,-23.46721],[-70.51396,-23.46745],[-70.51433,-23.46781],[-70.51436,-23.46793],[-70.51431,-23.46825],[-70.51435,-23.46836],[-70.51457,-23.46852],[-70.51485,-23.46851],[-70.51503,-23.46838],[-70.51538,-23.46793],[-70.51557,-23.46784],[-70.51583,-23.46789],[-70.51596,-23.46804],[-70.51597,-23.46821],[-70.51588,-23.46836],[-70.51519,-23.46879],[-70.51508,-23.46893],[-70.51506,-23.46907],[-70.51511,-23.4692],[-70.51535,-23.46935],[-70.51553,-23.46934],[-70.51563,-23.46927],[-70.51605,-23.46872],[-70.51633,-23.46846],[-70.51809,-23.46746],[-70.51908,-23.46667],[-70.51956,-23.4664],[-70.51999,-23.46626],[-70.52415,-23.46553]]}},{"type":"Feature","properties":{"nombre":"Camino a Juan López","jerarquia":5},"geometry":{"type":"LineString","coordinates":[[-70.51121,-23.46315],[-70.51182,-23.46343]]}},{"type":"Feature","properties":{"nombre":"Ruta 1","jerarquia":1},"geometry":{"type":"LineString","coordinates":[[-70.42948,-23.44153],[-70.42941,-23.44176]]}},{"type":"Feature","properties":{"nombre":"Ruta 1","jerarquia":1},"geometry":{"type":"LineString","coordinates":[[-70.43801,-23.41103],[-70.43656,-23.41621]]}},{"type":"Feature","properties":{"nombre":"Ruta 1","jerarquia":1},"geometry":{"type":"LineString","coordinates":[[-70.42926,-23.44173],[-70.42933,-23.44149]]}},{"type":"Feature","properties":{"nombre":"Ruta 1","jerarquia":1},"geometry":{"type":"LineString","coordinates":[[-70.42893,-23.44292],[-70.42915,-23.44211]]}},{"type":"Feature","properties":{"nombre":"","jerarquia":1},"geometry":{"type":"LineString","coordinates":[[-70.42722,-23.44961],[-70.42721,-23.45038],[-70.42728,-23.45063],[-70.42744,-23.45094],[-70.42766,-23.45121],[-70.42792,-23.45141],[-70.42829,-23.45159],[-70.4286,-23.45167]]}},{"type":"Feature","properties":{"nombre":"","jerarquia":1},"geometry":{"type":"LineString","coordinates":[[-70.4286,-23.45167],[-70.42892,-23.45171]]}},{"type":"Feature","properties":{"nombre":"","jerarquia":1},"geometry":{"type":"LineString","coordinates":[[-70.42937,-23.45166],[-70.42889,-23.45188],[-70.42632,-23.45394],[-70.42604,-23.45425],[-70.42578,-23.45479]]}},{"type":"Feature","properties":{"nombre":"","jerarquia":1},"geometry":{"type":"LineString","coordinates":[[-70.42977,-23.44052],[-70.42973,-23.44102],[-70.42981,-23.44125],[-70.42991,-23.44135],[-70.4301,-23.44144],[-70.43044,-23.44142]]}},{"type":"Feature","properties":{"nombre":"","jerarquia":1},"geometry":{"type":"LineString","coordinates":[[-70.43044,-23.44142],[-70.43063,-23.44138]]}},{"type":"Feature","properties":{"nombre":"Avenida Edmundo Pérez Zujovic","jerarquia":2},"geometry":{"type":"LineString","coordinates":[[-70.39209,-23.54447],[-70.39225,-23.54509],[-70.39245,-23.54544],[-70.39268,-23.54571]]}},{"type":"Feature","properties":{"nombre":"Ruta 1","jerarquia":1},"geometry":{"type":"LineString","coordinates":[[-70.3975,-23.5219],[-70.39676,-23.52326]]}},{"type":"Feature","properties":{"nombre":"Ruta 1","jerarquia":1},"geometry":{"type":"LineString","coordinates":[[-70.39664,-23.52322],[-70.39732,-23.52198]]}},{"type":"Feature","properties":{"nombre":"","jerarquia":5},"geometry":{"type":"LineString","coordinates":[[-70.39729,-23.5226],[-70.39689,-23.52243]]}},{"type":"Feature","properties":{"nombre":"","jerarquia":2},"geometry":{"type":"LineString","coordinates":[[-70.31797,-23.77539],[-70.31767,-23.77613],[-70.31722,-23.77691],[-70.31715,-23.77729]]}},{"type":"Feature","properties":{"nombre":"","jerarquia":2},"geometry":{"type":"LineString","coordinates":[[-70.31715,-23.77729],[-70.31717,-23.77762]]}},{"type":"Feature","properties":{"nombre":"","jerarquia":2},"geometry":{"type":"LineString","coordinates":[[-70.31567,-23.77374],[-70.31588,-23.77399],[-70.31605,-23.77412],[-70.31776,-23.77486],[-70.31816,-23.7749]]}},{"type":"Feature","properties":{"nombre":"","jerarquia":2},"geometry":{"type":"LineString","coordinates":[[-70.31816,-23.7749],[-70.3184,-23.77487]]}},{"type":"Feature","properties":{"nombre":"","jerarquia":2},"geometry":{"type":"LineString","coordinates":[[-70.31463,-23.77613],[-70.31494,-23.77597],[-70.31506,-23.77583],[-70.31512,-23.77528],[-70.31553,-23.77448],[-70.31557,-23.7741]]}},{"type":"Feature","properties":{"nombre":"","jerarquia":2},"geometry":{"type":"LineString","coordinates":[[-70.31557,-23.7741],[-70.31554,-23.7739]]}},{"type":"Feature","properties":{"nombre":"","jerarquia":2},"geometry":{"type":"LineString","coordinates":[[-70.31697,-23.77749],[-70.31671,-23.77715],[-70.31588,-23.77689],[-70.31568,-23.77675],[-70.31533,-23.77637],[-70.31515,-23.77628],[-70.31494,-23.77625]]}},{"type":"Feature","properties":{"nombre":"","jerarquia":2},"geometry":{"type":"LineString","coordinates":[[-70.31494,-23.77625],[-70.31472,-23.77623]]}},{"type":"Feature","properties":{"nombre":"","jerarquia":2},"geometry":{"type":"LineString","coordinates":[[-70.31599,-23.77583],[-70.31572,-23.77602],[-70.31562,-23.77616],[-70.31561,-23.77638],[-70.31573,-23.77657],[-70.31602,-23.77667],[-70.31626,-23.77659],[-70.3164,-23.77641],[-70.31643,-23.77616]]}},{"type":"Feature","properties":{"nombre":"","jerarquia":2},"geometry":{"type":"LineString","coordinates":[[-70.31643,-23.77616],[-70.31643,-23.77597]]}},{"type":"Feature","properties":{"nombre":"","jerarquia":2},"geometry":{"type":"LineString","coordinates":[[-70.31658,-23.77597],[-70.31676,-23.77618],[-70.31696,-23.77629],[-70.31721,-23.77628],[-70.31741,-23.77613],[-70.31747,-23.77591],[-70.31739,-23.77569],[-70.31718,-23.77556],[-70.31692,-23.77555]]}},{"type":"Feature","properties":{"nombre":"","jerarquia":2},"geometry":{"type":"LineString","coordinates":[[-70.31692,-23.77555],[-70.31673,-23.77558]]}},{"type":"Feature","properties":{"nombre":"","jerarquia":2},"geometry":{"type":"LineString","coordinates":[[-70.31618,-23.77534],[-70.31596,-23.77505],[-70.3158,-23.77496],[-70.31555,-23.77495],[-70.31534,-23.77508],[-70.31524,-23.7753],[-70.31529,-23.77554],[-70.31549,-23.7757],[-70.31578,-23.77573]]}},{"type":"Feature","properties":{"nombre":"","jerarquia":2},"geometry":{"type":"LineString","coordinates":[[-70.31578,-23.77573],[-70.31594,-23.77572]]}},{"type":"Feature","properties":{"nombre":"Ruta 5 Norte","jerarquia":2},"geometry":{"type":"LineString","coordinates":[[-70.31727,-23.78065],[-70.31732,-23.77964],[-70.31724,-23.77866]]}},{"type":"Feature","properties":{"nombre":"Ruta 28","jerarquia":2},"geometry":{"type":"LineString","coordinates":[[-70.33377,-23.76122],[-70.33293,-23.76146],[-70.33235,-23.76168],[-70.33089,-23.76249],[-70.33,-23.76324],[-70.32831,-23.76511]]}},{"type":"Feature","properties":{"nombre":"Ruta 5 Norte","jerarquia":2},"geometry":{"type":"LineString","coordinates":[[-70.31729,-23.77819],[-70.31743,-23.77928],[-70.31744,-23.78029]]}},{"type":"Feature","properties":{"nombre":"Enlace La Negra","jerarquia":2},"geometry":{"type":"LineString","coordinates":[[-70.3161,-23.77566],[-70.31653,-23.77552]]}},{"type":"Feature","properties":{"nombre":"Enlace La Negra","jerarquia":2},"geometry":{"type":"LineString","coordinates":[[-70.31657,-23.77563],[-70.31615,-23.77578]]}},{"type":"Feature","properties":{"nombre":"Ruta Minera","jerarquia":5},"geometry":{"type":"LineString","coordinates":[[-70.31334,-23.77586],[-70.31375,-23.77606],[-70.31403,-23.77613],[-70.31463,-23.77613]]}},{"type":"Feature","properties":{"nombre":"Ruta 28","jerarquia":2},"geometry":{"type":"LineString","coordinates":[[-70.31947,-23.77442],[-70.31995,-23.77412],[-70.32036,-23.77376],[-70.32202,-23.77189],[-70.32378,-23.76981]]}},{"type":"Feature","properties":{"nombre":"Oficina Petronila","jerarquia":5},"geometry":{"type":"LineString","coordinates":[[-70.39491,-23.56245],[-70.39451,-23.56247]]}},{"type":"Feature","properties":{"nombre":"Oficina Petronila","jerarquia":5},"geometry":{"type":"LineString","coordinates":[[-70.39451,-23.56247],[-70.39419,-23.56248]]}},{"type":"Feature","properties":{"nombre":"Oficina Petronila","jerarquia":5},"geometry":{"type":"LineString","coordinates":[[-70.39419,-23.56248],[-70.3937,-23.56243]]}},{"type":"Feature","properties":{"nombre":"Oficina Petronila","jerarquia":5},"geometry":{"type":"LineString","coordinates":[[-70.3937,-23.56243],[-70.39289,-23.56238]]}},{"type":"Feature","properties":{"nombre":"Oficina Petronila","jerarquia":5},"geometry":{"type":"LineString","coordinates":[[-70.39289,-23.56238],[-70.39206,-23.56234]]}},{"type":"Feature","properties":{"nombre":"Oficina Petronila","jerarquia":5},"geometry":{"type":"LineString","coordinates":[[-70.39206,-23.56234],[-70.39145,-23.56233]]}},{"type":"Feature","properties":{"nombre":"Oficina Petronila","jerarquia":5},"geometry":{"type":"LineString","coordinates":[[-70.39145,-23.56233],[-70.39128,-23.56233]]}},{"type":"Feature","properties":{"nombre":"Oficina Petronila","jerarquia":5},"geometry":{"type":"LineString","coordinates":[[-70.39128,-23.56233],[-70.39111,-23.56232]]}},{"type":"Feature","properties":{"nombre":"Oficina Petronila","jerarquia":5},"geometry":{"type":"LineString","coordinates":[[-70.39111,-23.56232],[-70.39103,-23.56232]]}},{"type":"Feature","properties":{"nombre":"","jerarquia":1},"geometry":{"type":"LineString","coordinates":[[-70.42649,-23.45222],[-70.42653,-23.45259],[-70.42667,-23.45282],[-70.42696,-23.45296],[-70.4273,-23.45293],[-70.42756,-23.45273],[-70.42765,-23.45242],[-70.42753,-23.45212],[-70.4274,-23.452],[-70.42722,-23.45193]]}},{"type":"Feature","properties":{"nombre":"","jerarquia":1},"geometry":{"type":"LineString","coordinates":[[-70.42722,-23.45193],[-70.42698,-23.45189]]}},{"type":"Feature","properties":{"nombre":"","jerarquia":1},"geometry":{"type":"LineString","coordinates":[[-70.42571,-23.45447],[-70.42576,-23.454],[-70.42571,-23.45366],[-70.42555,-23.45335],[-70.42522,-23.45299]]}},{"type":"Feature","properties":{"nombre":"","jerarquia":1},"geometry":{"type":"LineString","coordinates":[[-70.42522,-23.45299],[-70.42548,-23.4531],[-70.42576,-23.4531],[-70.42596,-23.45299],[-70.42611,-23.45279]]}},{"type":"Feature","properties":{"nombre":"","jerarquia":1},"geometry":{"type":"LineString","coordinates":[[-70.42611,-23.45279],[-70.42623,-23.45257]]}},{"type":"Feature","properties":{"nombre":"","jerarquia":1},"geometry":{"type":"LineString","coordinates":[[-70.43072,-23.4414],[-70.43039,-23.44158],[-70.42992,-23.44195],[-70.42924,-23.44271]]}},{"type":"Feature","properties":{"nombre":"","jerarquia":1},"geometry":{"type":"LineString","coordinates":[[-70.42924,-23.44271],[-70.42905,-23.44309]]}},{"type":"Feature","properties":{"nombre":"Avenida Rica Aventura","jerarquia":5},"geometry":{"type":"LineString","coordinates":[[-70.39559,-23.54944],[-70.39568,-23.54948],[-70.39575,-23.54959],[-70.39574,-23.55046],[-70.39587,-23.55096],[-70.39583,-23.55151]]}},{"type":"Feature","properties":{"nombre":"Avenida Rica Aventura","jerarquia":5},"geometry":{"type":"LineString","coordinates":[[-70.39583,-23.55151],[-70.39578,-23.55249]]}},{"type":"Feature","properties":{"nombre":"Avenida Rica Aventura","jerarquia":5},"geometry":{"type":"LineString","coordinates":[[-70.39578,-23.55249],[-70.39571,-23.5543]]}},{"type":"Feature","properties":{"nombre":"Avenida Rica Aventura","jerarquia":5},"geometry":{"type":"LineString","coordinates":[[-70.39571,-23.5543],[-70.39569,-23.55467],[-70.39555,-23.55517],[-70.39552,-23.55556]]}},{"type":"Feature","properties":{"nombre":"","jerarquia":1},"geometry":{"type":"LineString","coordinates":[[-70.43128,-23.43352],[-70.43136,-23.4334],[-70.43147,-23.43335],[-70.43158,-23.43336],[-70.43168,-23.43345]]}},{"type":"Feature","properties":{"nombre":"","jerarquia":1},"geometry":{"type":"LineString","coordinates":[[-70.43168,-23.43345],[-70.4317,-23.43361]]}},{"type":"Feature","properties":{"nombre":"","jerarquia":1},"geometry":{"type":"LineString","coordinates":[[-70.42895,-23.44154],[-70.42865,-23.44156],[-70.4285,-23.44164],[-70.42839,-23.44191],[-70.42837,-23.44214],[-70.42845,-23.44231],[-70.42862,-23.44242],[-70.42884,-23.44242],[-70.42899,-23.44233]]}},{"type":"Feature","properties":{"nombre":"","jerarquia":1},"geometry":{"type":"LineString","coordinates":[[-70.42899,-23.44233],[-70.42915,-23.44211]]}},{"type":"Feature","properties":{"nombre":"","jerarquia":1},"geometry":{"type":"LineString","coordinates":[[-70.42941,-23.44121],[-70.42939,-23.44097],[-70.42929,-23.44079],[-70.42907,-23.44065],[-70.42885,-23.44064],[-70.42862,-23.44075],[-70.42849,-23.44096],[-70.42851,-23.4412],[-70.42863,-23.44137]]}},{"type":"Feature","properties":{"nombre":"","jerarquia":1},"geometry":{"type":"LineString","coordinates":[[-70.42863,-23.44137],[-70.42876,-23.44148]]}},{"type":"Feature","properties":{"nombre":"Avenida Edmundo Pérez Zujovic","jerarquia":2},"geometry":{"type":"LineString","coordinates":[[-70.40124,-23.55406],[-70.40241,-23.55585],[-70.40263,-23.55638],[-70.40273,-23.55687],[-70.40271,-23.55749],[-70.40258,-23.55804],[-70.40179,-23.55949]]}},{"type":"Feature","properties":{"nombre":"Avenida Edmundo Pérez Zujovic","jerarquia":2},"geometry":{"type":"LineString","coordinates":[[-70.39404,-23.54711],[-70.39261,-23.54577]]}},{"type":"Feature","properties":{"nombre":"","jerarquia":2},"geometry":{"type":"LineString","coordinates":[[-70.39267,-23.5452],[-70.3927,-23.54552],[-70.39279,-23.54568],[-70.39386,-23.54672],[-70.39422,-23.54713]]}},{"type":"Feature","properties":{"nombre":"Ruta 1","jerarquia":1},"geometry":{"type":"LineString","coordinates":[[-70.39506,-23.52635],[-70.39407,-23.52823],[-70.39388,-23.52877],[-70.39374,-23.52941]]}},{"type":"Feature","properties":{"nombre":"Caletera Pedro Aguirre Cerda","jerarquia":3},"geometry":{"type":"LineString","coordinates":[[-70.3918,-23.54506],[-70.39197,-23.54346]]}},{"type":"Feature","properties":{"nombre":"Azapa","jerarquia":5},"geometry":{"type":"LineString","coordinates":[[-70.38546,-23.61765],[-70.38562,-23.61815]]}},{"type":"Feature","properties":{"nombre":"Azapa","jerarquia":5},"geometry":{"type":"LineString","coordinates":[[-70.38562,-23.61815],[-70.38572,-23.61833]]}},{"type":"Feature","properties":{"nombre":"Azapa","jerarquia":5},"geometry":{"type":"LineString","coordinates":[[-70.38572,-23.61833],[-70.38601,-23.61881]]}},{"type":"Feature","properties":{"nombre":"Azapa","jerarquia":5},"geometry":{"type":"LineString","coordinates":[[-70.38601,-23.61881],[-70.38662,-23.61979]]}},{"type":"Feature","properties":{"nombre":"Azapa","jerarquia":5},"geometry":{"type":"LineString","coordinates":[[-70.38662,-23.61979],[-70.38694,-23.6203]]}},{"type":"Feature","properties":{"nombre":"Azapa","jerarquia":5},"geometry":{"type":"LineString","coordinates":[[-70.38694,-23.6203],[-70.38725,-23.62078]]}},{"type":"Feature","properties":{"nombre":"Azapa","jerarquia":5},"geometry":{"type":"LineString","coordinates":[[-70.38725,-23.62078],[-70.3882,-23.62232]]}},{"type":"Feature","properties":{"nombre":"Azapa","jerarquia":5},"geometry":{"type":"LineString","coordinates":[[-70.3882,-23.62232],[-70.38877,-23.62325]]}},{"type":"Feature","properties":{"nombre":"Azapa","jerarquia":5},"geometry":{"type":"LineString","coordinates":[[-70.38877,-23.62325],[-70.38936,-23.62419]]}},{"type":"Feature","properties":{"nombre":"","jerarquia":4},"geometry":{"type":"LineString","coordinates":[[-70.38246,-23.6127],[-70.38242,-23.61249]]}},{"type":"Feature","properties":{"nombre":"","jerarquia":4},"geometry":{"type":"LineString","coordinates":[[-70.38242,-23.61249],[-70.38235,-23.61241]]}},{"type":"Feature","properties":{"nombre":"Avenida Argentina","jerarquia":3},"geometry":{"type":"LineString","coordinates":[[-70.39362,-23.64296],[-70.39346,-23.64312]]}},{"type":"Feature","properties":{"nombre":"Avenida Argentina","jerarquia":3},"geometry":{"type":"LineString","coordinates":[[-70.39346,-23.64312],[-70.39303,-23.64363],[-70.39267,-23.64431]]}},{"type":"Feature","properties":{"nombre":"Avenida Argentina","jerarquia":3},"geometry":{"type":"LineString","coordinates":[[-70.39267,-23.64431],[-70.39253,-23.6449]]}},{"type":"Feature","properties":{"nombre":"Avenida Argentina","jerarquia":3},"geometry":{"type":"LineString","coordinates":[[-70.39253,-23.6449],[-70.39246,-23.64548]]}},{"type":"Feature","properties":{"nombre":"Avenida Argentina","jerarquia":3},"geometry":{"type":"LineString","coordinates":[[-70.39246,-23.64548],[-70.39262,-23.64643]]}},{"type":"Feature","properties":{"nombre":"Avenida Argentina","jerarquia":3},"geometry":{"type":"LineString","coordinates":[[-70.39262,-23.64643],[-70.3927,-23.647]]}},{"type":"Feature","properties":{"nombre":"Avenida Argentina","jerarquia":3},"geometry":{"type":"LineString","coordinates":[[-70.3927,-23.647],[-70.39272,-23.64711]]}},{"type":"Feature","properties":{"nombre":"Avenida Argentina","jerarquia":3},"geometry":{"type":"LineString","coordinates":[[-70.39272,-23.64711],[-70.39284,-23.64782]]}},{"type":"Feature","properties":{"nombre":"Avenida Argentina","jerarquia":3},"geometry":{"type":"LineString","coordinates":[[-70.39284,-23.64782],[-70.39296,-23.64865]]}},{"type":"Feature","properties":{"nombre":"Avenida Argentina","jerarquia":3},"geometry":{"type":"LineString","coordinates":[[-70.39296,-23.64865],[-70.39304,-23.64925]]}},{"type":"Feature","properties":{"nombre":"Avenida Argentina","jerarquia":3},"geometry":{"type":"LineString","coordinates":[[-70.39304,-23.64925],[-70.39303,-23.65007]]}},{"type":"Feature","properties":{"nombre":"Avenida Argentina","jerarquia":3},"geometry":{"type":"LineString","coordinates":[[-70.39303,-23.65007],[-70.39303,-23.65078]]}},{"type":"Feature","properties":{"nombre":"Avenida Argentina","jerarquia":3},"geometry":{"type":"LineString","coordinates":[[-70.39303,-23.65078],[-70.39303,-23.65089]]}},{"type":"Feature","properties":{"nombre":"Avenida Argentina","jerarquia":3},"geometry":{"type":"LineString","coordinates":[[-70.39303,-23.65089],[-70.39315,-23.6515],[-70.39343,-23.65202]]}},{"type":"Feature","properties":{"nombre":"Avenida Argentina","jerarquia":3},"geometry":{"type":"LineString","coordinates":[[-70.39343,-23.65202],[-70.39356,-23.65223]]}},{"type":"Feature","properties":{"nombre":"Avenida Argentina","jerarquia":3},"geometry":{"type":"LineString","coordinates":[[-70.39356,-23.65223],[-70.39406,-23.65302]]}},{"type":"Feature","properties":{"nombre":"Avenida Edmundo Pérez Zujovic","jerarquia":2},"geometry":{"type":"LineString","coordinates":[[-70.39792,-23.56625],[-70.39804,-23.56592]]}},{"type":"Feature","properties":{"nombre":"Avenida Edmundo Pérez Zujovic","jerarquia":2},"geometry":{"type":"LineString","coordinates":[[-70.39686,-23.57172],[-70.39687,-23.57162]]}},{"type":"Feature","properties":{"nombre":"Avenida Edmundo Pérez Zujovic","jerarquia":2},"geometry":{"type":"LineString","coordinates":[[-70.39687,-23.57162],[-70.39707,-23.57084]]}},{"type":"Feature","properties":{"nombre":"Avenida Pedro Aguirre Cerda","jerarquia":3},"geometry":{"type":"LineString","coordinates":[[-70.39091,-23.56528],[-70.3909,-23.56517]]}},{"type":"Feature","properties":{"nombre":"Las Palmeras","jerarquia":5},"geometry":{"type":"LineString","coordinates":[[-70.39686,-23.57172],[-70.39654,-23.5717]]}},{"type":"Feature","properties":{"nombre":"Santiago Humberstone","jerarquia":4},"geometry":{"type":"LineString","coordinates":[[-70.39775,-23.56623],[-70.39792,-23.56625]]}},{"type":"Feature","properties":{"nombre":"Santiago Humberstone","jerarquia":4},"geometry":{"type":"LineString","coordinates":[[-70.39792,-23.56625],[-70.39801,-23.56628]]}},{"type":"Feature","properties":{"nombre":"Avenida Edmundo Pérez Zujovic","jerarquia":2},"geometry":{"type":"LineString","coordinates":[[-70.39704,-23.59481],[-70.39694,-23.59512],[-70.39665,-23.59561],[-70.39478,-23.59773],[-70.39427,-23.59844]]}},{"type":"Feature","properties":{"nombre":"Avenida Edmundo Pérez Zujovic","jerarquia":2},"geometry":{"type":"LineString","coordinates":[[-70.39427,-23.59844],[-70.39347,-23.59983]]}},{"type":"Feature","properties":{"nombre":"Avenida Rica Aventura","jerarquia":5},"geometry":{"type":"LineString","coordinates":[[-70.39491,-23.56245],[-70.3947,-23.56408]]}},{"type":"Feature","properties":{"nombre":"Avenida Rica Aventura","jerarquia":5},"geometry":{"type":"LineString","coordinates":[[-70.3947,-23.56408],[-70.39459,-23.56549]]}},{"type":"Feature","properties":{"nombre":"Avenida Rica Aventura","jerarquia":5},"geometry":{"type":"LineString","coordinates":[[-70.39459,-23.56549],[-70.39458,-23.56558]]}},{"type":"Feature","properties":{"nombre":"","jerarquia":3},"geometry":{"type":"LineString","coordinates":[[-70.39015,-23.58803],[-70.39007,-23.58807]]}},{"type":"Feature","properties":{"nombre":"","jerarquia":3},"geometry":{"type":"LineString","coordinates":[[-70.39007,-23.58807],[-70.39006,-23.58808]]}},{"type":"Feature","properties":{"nombre":"Aeropuerto Andrés Sabella Gálvez","jerarquia":5},"geometry":{"type":"LineString","coordinates":[[-70.4389,-23.45019],[-70.43842,-23.44636],[-70.43843,-23.44622],[-70.43851,-23.44608],[-70.43873,-23.44595],[-70.4393,-23.44583],[-70.43966,-23.44588],[-70.43997,-23.44606],[-70.44018,-23.44633],[-70.4403,-23.44665],[-70.44046,-23.44775]]}},{"type":"Feature","properties":{"nombre":"","jerarquia":5},"geometry":{"type":"LineString","coordinates":[[-70.41046,-23.49696],[-70.41075,-23.49688],[-70.41091,-23.49677],[-70.41101,-23.49658],[-70.411,-23.49641],[-70.41088,-23.49622],[-70.41067,-23.49611],[-70.41042,-23.49613],[-70.41022,-23.49626]]}},{"type":"Feature","properties":{"nombre":"","jerarquia":5},"geometry":{"type":"LineString","coordinates":[[-70.41022,-23.49626],[-70.41012,-23.49636]]}},{"type":"Feature","properties":{"nombre":"Avenida Edmundo Pérez Zujovic","jerarquia":2},"geometry":{"type":"LineString","coordinates":[[-70.3974,-23.57091],[-70.39729,-23.57137]]}},{"type":"Feature","properties":{"nombre":"Avenida Edmundo Pérez Zujovic","jerarquia":2},"geometry":{"type":"LineString","coordinates":[[-70.39729,-23.57137],[-70.39711,-23.57199]]}},{"type":"Feature","properties":{"nombre":"Avenida Edmundo Pérez Zujovic","jerarquia":2},"geometry":{"type":"LineString","coordinates":[[-70.39707,-23.57084],[-70.3971,-23.57059]]}},{"type":"Feature","properties":{"nombre":"Avenida Edmundo Pérez Zujovic","jerarquia":2},"geometry":{"type":"LineString","coordinates":[[-70.3971,-23.57059],[-70.39731,-23.56959],[-70.39772,-23.56709],[-70.39789,-23.56636]]}},{"type":"Feature","properties":{"nombre":"Avenida Edmundo Pérez Zujovic","jerarquia":2},"geometry":{"type":"LineString","coordinates":[[-70.39789,-23.56636],[-70.39792,-23.56625]]}},{"type":"Feature","properties":{"nombre":"Avenida Edmundo Pérez Zujovic","jerarquia":2},"geometry":{"type":"LineString","coordinates":[[-70.39789,-23.56686],[-70.39758,-23.56871]]}},{"type":"Feature","properties":{"nombre":"Avenida Edmundo Pérez Zujovic","jerarquia":2},"geometry":{"type":"LineString","coordinates":[[-70.39801,-23.56628],[-70.39798,-23.56639]]}},{"type":"Feature","properties":{"nombre":"Avenida Edmundo Pérez Zujovic","jerarquia":2},"geometry":{"type":"LineString","coordinates":[[-70.39798,-23.56639],[-70.39789,-23.56686]]}},{"type":"Feature","properties":{"nombre":"Avenida Edmundo Pérez Zujovic","jerarquia":2},"geometry":{"type":"LineString","coordinates":[[-70.39758,-23.56871],[-70.39752,-23.5702],[-70.3974,-23.57091]]}},{"type":"Feature","properties":{"nombre":"Avenida Pedro Aguirre Cerda","jerarquia":3},"geometry":{"type":"LineString","coordinates":[[-70.39066,-23.5807],[-70.3905,-23.5823]]}},{"type":"Feature","properties":{"nombre":"Avenida Pedro Aguirre Cerda","jerarquia":3},"geometry":{"type":"LineString","coordinates":[[-70.3905,-23.5823],[-70.39041,-23.5837]]}},{"type":"Feature","properties":{"nombre":"Avenida Pedro Aguirre Cerda","jerarquia":3},"geometry":{"type":"LineString","coordinates":[[-70.39041,-23.5837],[-70.3904,-23.58386]]}},{"type":"Feature","properties":{"nombre":"Avenida Pedro Aguirre Cerda","jerarquia":3},"geometry":{"type":"LineString","coordinates":[[-70.3904,-23.58386],[-70.39039,-23.58397]]}},{"type":"Feature","properties":{"nombre":"Avenida Pedro Aguirre Cerda","jerarquia":3},"geometry":{"type":"LineString","coordinates":[[-70.39039,-23.58397],[-70.39038,-23.58407]]}},{"type":"Feature","properties":{"nombre":"Avenida Pedro Aguirre Cerda","jerarquia":3},"geometry":{"type":"LineString","coordinates":[[-70.39038,-23.58407],[-70.39023,-23.58569]]}},{"type":"Feature","properties":{"nombre":"Avenida Pedro Aguirre Cerda","jerarquia":3},"geometry":{"type":"LineString","coordinates":[[-70.39023,-23.58569],[-70.39009,-23.58733]]}},{"type":"Feature","properties":{"nombre":"Avenida Pedro Aguirre Cerda","jerarquia":3},"geometry":{"type":"LineString","coordinates":[[-70.39009,-23.58733],[-70.39007,-23.58792]]}},{"type":"Feature","properties":{"nombre":"Avenida Pedro Aguirre Cerda","jerarquia":3},"geometry":{"type":"LineString","coordinates":[[-70.39007,-23.58792],[-70.39006,-23.58802]]}},{"type":"Feature","properties":{"nombre":"Avenida Pedro Aguirre Cerda","jerarquia":3},"geometry":{"type":"LineString","coordinates":[[-70.39006,-23.58802],[-70.39006,-23.58808]]}},{"type":"Feature","properties":{"nombre":"Avenida Pedro Aguirre Cerda","jerarquia":3},"geometry":{"type":"LineString","coordinates":[[-70.39006,-23.58808],[-70.38993,-23.58962]]}},{"type":"Feature","properties":{"nombre":"Avenida Pedro Aguirre Cerda","jerarquia":3},"geometry":{"type":"LineString","coordinates":[[-70.38993,-23.58962],[-70.38977,-23.59165]]}},{"type":"Feature","properties":{"nombre":"Avenida Pedro Aguirre Cerda","jerarquia":3},"geometry":{"type":"LineString","coordinates":[[-70.38977,-23.59165],[-70.38977,-23.59191]]}},{"type":"Feature","properties":{"nombre":"Avenida Pedro Aguirre Cerda","jerarquia":3},"geometry":{"type":"LineString","coordinates":[[-70.38967,-23.59191],[-70.38981,-23.58921]]}},{"type":"Feature","properties":{"nombre":"Avenida Pedro Aguirre Cerda","jerarquia":3},"geometry":{"type":"LineString","coordinates":[[-70.38981,-23.58921],[-70.38987,-23.58859]]}},{"type":"Feature","properties":{"nombre":"Avenida Pedro Aguirre Cerda","jerarquia":3},"geometry":{"type":"LineString","coordinates":[[-70.38987,-23.58859],[-70.38991,-23.58801]]}},{"type":"Feature","properties":{"nombre":"Avenida Pedro Aguirre Cerda","jerarquia":3},"geometry":{"type":"LineString","coordinates":[[-70.38967,-23.592],[-70.38967,-23.59191]]}},{"type":"Feature","properties":{"nombre":"Avenida Pedro Aguirre Cerda","jerarquia":3},"geometry":{"type":"LineString","coordinates":[[-70.38977,-23.59191],[-70.38977,-23.592]]}},{"type":"Feature","properties":{"nombre":"Avenida Pedro Aguirre Cerda","jerarquia":3},"geometry":{"type":"LineString","coordinates":[[-70.39056,-23.58063],[-70.39071,-23.57899]]}},{"type":"Feature","properties":{"nombre":"Avenida Pedro Aguirre Cerda","jerarquia":3},"geometry":{"type":"LineString","coordinates":[[-70.38977,-23.592],[-70.38976,-23.59267]]}},{"type":"Feature","properties":{"nombre":"Avenida Pedro Aguirre Cerda","jerarquia":3},"geometry":{"type":"LineString","coordinates":[[-70.38976,-23.59267],[-70.38974,-23.59353]]}},{"type":"Feature","properties":{"nombre":"Avenida Pedro Aguirre Cerda","jerarquia":3},"geometry":{"type":"LineString","coordinates":[[-70.38974,-23.59353],[-70.38973,-23.59379]]}},{"type":"Feature","properties":{"nombre":"Avenida Pedro Aguirre Cerda","jerarquia":3},"geometry":{"type":"LineString","coordinates":[[-70.38973,-23.59379],[-70.38967,-23.59643]]}},{"type":"Feature","properties":{"nombre":"Avenida Pedro Aguirre Cerda","jerarquia":3},"geometry":{"type":"LineString","coordinates":[[-70.38967,-23.59643],[-70.38958,-23.59767]]}},{"type":"Feature","properties":{"nombre":"Nicolás Tirado","jerarquia":4},"geometry":{"type":"LineString","coordinates":[[-70.38977,-23.592],[-70.38967,-23.592]]}},{"type":"Feature","properties":{"nombre":"Nicolás Tirado","jerarquia":4},"geometry":{"type":"LineString","coordinates":[[-70.38967,-23.59191],[-70.38977,-23.59191]]}},{"type":"Feature","properties":{"nombre":"Nicolás Tirado","jerarquia":4},"geometry":{"type":"LineString","coordinates":[[-70.38967,-23.592],[-70.38792,-23.59196],[-70.38772,-23.592]]}},{"type":"Feature","properties":{"nombre":"Nicolás Tirado","jerarquia":4},"geometry":{"type":"LineString","coordinates":[[-70.38772,-23.592],[-70.38619,-23.59236],[-70.38572,-23.5924]]}},{"type":"Feature","properties":{"nombre":"Nicolás Tirado","jerarquia":4},"geometry":{"type":"LineString","coordinates":[[-70.38572,-23.5924],[-70.38497,-23.59243]]}},{"type":"Feature","properties":{"nombre":"Nicolás Tirado","jerarquia":4},"geometry":{"type":"LineString","coordinates":[[-70.38497,-23.59243],[-70.38443,-23.59246]]}},{"type":"Feature","properties":{"nombre":"Nicolás Tirado","jerarquia":4},"geometry":{"type":"LineString","coordinates":[[-70.38443,-23.59246],[-70.38397,-23.59249]]}},{"type":"Feature","properties":{"nombre":"Nicolás Tirado","jerarquia":4},"geometry":{"type":"LineString","coordinates":[[-70.38397,-23.59249],[-70.38287,-23.59255]]}},{"type":"Feature","properties":{"nombre":"Nicolás Tirado","jerarquia":4},"geometry":{"type":"LineString","coordinates":[[-70.38977,-23.59191],[-70.39024,-23.5919]]}},{"type":"Feature","properties":{"nombre":"Nicolás Tirado","jerarquia":4},"geometry":{"type":"LineString","coordinates":[[-70.39024,-23.5919],[-70.3905,-23.5918]]}},{"type":"Feature","properties":{"nombre":"Nicolás Tirado","jerarquia":4},"geometry":{"type":"LineString","coordinates":[[-70.3905,-23.5918],[-70.39074,-23.5917]]}},{"type":"Feature","properties":{"nombre":"Aeropuerto Andrés Sabella Gálvez","jerarquia":5},"geometry":{"type":"LineString","coordinates":[[-70.42994,-23.45161],[-70.42937,-23.45166]]}},{"type":"Feature","properties":{"nombre":"Aeropuerto Andrés Sabella Gálvez","jerarquia":5},"geometry":{"type":"LineString","coordinates":[[-70.42994,-23.45161],[-70.43082,-23.45144]]}},{"type":"Feature","properties":{"nombre":"Aeropuerto Andrés Sabella Gálvez","jerarquia":5},"geometry":{"type":"LineString","coordinates":[[-70.43266,-23.45134],[-70.43246,-23.45139]]}},{"type":"Feature","properties":{"nombre":"Aeropuerto Andrés Sabella Gálvez","jerarquia":5},"geometry":{"type":"LineString","coordinates":[[-70.43246,-23.45139],[-70.43149,-23.45153]]}},{"type":"Feature","properties":{"nombre":"Avenida Edmundo Pérez Zujovic","jerarquia":2},"geometry":{"type":"LineString","coordinates":[[-70.39329,-23.58409],[-70.39323,-23.58356],[-70.39306,-23.58301],[-70.39192,-23.58057],[-70.39184,-23.5803],[-70.39181,-23.58001],[-70.39187,-23.57964],[-70.39199,-23.57936],[-70.39228,-23.57896]]}},{"type":"Feature","properties":{"nombre":"Avenida Edmundo Pérez Zujovic","jerarquia":2},"geometry":{"type":"LineString","coordinates":[[-70.39345,-23.59963],[-70.39406,-23.59854]]}},{"type":"Feature","properties":{"nombre":"Avenida Edmundo Pérez Zujovic","jerarquia":2},"geometry":{"type":"LineString","coordinates":[[-70.39406,-23.59854],[-70.39461,-23.59774],[-70.39656,-23.59555],[-70.3968,-23.59516]]}},{"type":"Feature","properties":{"nombre":"Avenida Edmundo Pérez Zujovic","jerarquia":2},"geometry":{"type":"LineString","coordinates":[[-70.3968,-23.59516],[-70.39687,-23.59495]]}},{"type":"Feature","properties":{"nombre":"Avenida Pedro Aguirre Cerda","jerarquia":3},"geometry":{"type":"LineString","coordinates":[[-70.391,-23.56322],[-70.39103,-23.56232]]}},{"type":"Feature","properties":{"nombre":"Avenida Pedro Aguirre Cerda","jerarquia":3},"geometry":{"type":"LineString","coordinates":[[-70.39103,-23.56232],[-70.39103,-23.56222]]}},{"type":"Feature","properties":{"nombre":"Avenida Pedro Aguirre Cerda","jerarquia":3},"geometry":{"type":"LineString","coordinates":[[-70.39103,-23.56222],[-70.3911,-23.56003]]}},{"type":"Feature","properties":{"nombre":"Avenida Pedro Aguirre Cerda","jerarquia":3},"geometry":{"type":"LineString","coordinates":[[-70.3911,-23.56003],[-70.39114,-23.55923]]}},{"type":"Feature","properties":{"nombre":"Avenida Pedro Aguirre Cerda","jerarquia":3},"geometry":{"type":"LineString","coordinates":[[-70.39114,-23.55923],[-70.39114,-23.55914]]}},{"type":"Feature","properties":{"nombre":"Avenida Pedro Aguirre Cerda","jerarquia":3},"geometry":{"type":"LineString","coordinates":[[-70.39114,-23.55914],[-70.39127,-23.55545]]}},{"type":"Feature","properties":{"nombre":"Avenida Edmundo Pérez Zujovic","jerarquia":2},"geometry":{"type":"LineString","coordinates":[[-70.39209,-23.60806],[-70.39215,-23.60624]]}},{"type":"Feature","properties":{"nombre":"Avenida Edmundo Pérez Zujovic","jerarquia":2},"geometry":{"type":"LineString","coordinates":[[-70.39406,-23.6222],[-70.39628,-23.62563],[-70.3965,-23.62621],[-70.39648,-23.62694]]}},{"type":"Feature","properties":{"nombre":"Avenida Edmundo Pérez Zujovic","jerarquia":2},"geometry":{"type":"LineString","coordinates":[[-70.39221,-23.60806],[-70.39221,-23.60848],[-70.39232,-23.60946]]}},{"type":"Feature","properties":{"nombre":"Avenida Edmundo Pérez Zujovic","jerarquia":2},"geometry":{"type":"LineString","coordinates":[[-70.39232,-23.60946],[-70.39229,-23.60984]]}},{"type":"Feature","properties":{"nombre":"Avenida Edmundo Pérez Zujovic","jerarquia":2},"geometry":{"type":"LineString","coordinates":[[-70.39229,-23.60984],[-70.39203,-23.61099],[-70.39186,-23.614],[-70.39195,-23.6149],[-70.39232,-23.61657]]}},{"type":"Feature","properties":{"nombre":"Avenida Edmundo Pérez Zujovic","jerarquia":2},"geometry":{"type":"LineString","coordinates":[[-70.39232,-23.61657],[-70.39244,-23.61729],[-70.39259,-23.61929],[-70.39268,-23.61975],[-70.39303,-23.6206],[-70.39395,-23.62202]]}},{"type":"Feature","properties":{"nombre":"Avenida Edmundo Pérez Zujovic","jerarquia":2},"geometry":{"type":"LineString","coordinates":[[-70.39395,-23.62202],[-70.39406,-23.6222]]}},{"type":"Feature","properties":{"nombre":"Avenida Edmundo Pérez Zujovic","jerarquia":2},"geometry":{"type":"LineString","coordinates":[[-70.39255,-23.61965],[-70.39242,-23.61871]]}},{"type":"Feature","properties":{"nombre":"Avenida Edmundo Pérez Zujovic","jerarquia":2},"geometry":{"type":"LineString","coordinates":[[-70.39242,-23.61871],[-70.39231,-23.61715],[-70.39221,-23.61659]]}},{"type":"Feature","properties":{"nombre":"Avenida Edmundo Pérez Zujovic","jerarquia":2},"geometry":{"type":"LineString","coordinates":[[-70.39221,-23.61659],[-70.39174,-23.61456],[-70.39176,-23.61375]]}},{"type":"Feature","properties":{"nombre":"Avenida Edmundo Pérez Zujovic","jerarquia":2},"geometry":{"type":"LineString","coordinates":[[-70.39176,-23.61375],[-70.39186,-23.6118]]}},{"type":"Feature","properties":{"nombre":"Avenida Edmundo Pérez Zujovic","jerarquia":2},"geometry":{"type":"LineString","coordinates":[[-70.39186,-23.6118],[-70.39198,-23.6098]]}},{"type":"Feature","properties":{"nombre":"Avenida Edmundo Pérez Zujovic","jerarquia":2},"geometry":{"type":"LineString","coordinates":[[-70.39198,-23.6098],[-70.39199,-23.60944]]}},{"type":"Feature","properties":{"nombre":"Avenida Edmundo Pérez Zujovic","jerarquia":2},"geometry":{"type":"LineString","coordinates":[[-70.39199,-23.60944],[-70.39205,-23.60865]]}},{"type":"Feature","properties":{"nombre":"Avenida Edmundo Pérez Zujovic","jerarquia":2},"geometry":{"type":"LineString","coordinates":[[-70.39205,-23.60865],[-70.39209,-23.60806]]}},{"type":"Feature","properties":{"nombre":"","jerarquia":2},"geometry":{"type":"LineString","coordinates":[[-70.39396,-23.6222],[-70.39406,-23.6222]]}},{"type":"Feature","properties":{"nombre":"Avenida Edmundo Pérez Zujovic","jerarquia":2},"geometry":{"type":"LineString","coordinates":[[-70.39215,-23.60624],[-70.39218,-23.60377]]}},{"type":"Feature","properties":{"nombre":"Avenida Edmundo Pérez Zujovic","jerarquia":2},"geometry":{"type":"LineString","coordinates":[[-70.39218,-23.60377],[-70.39222,-23.60259],[-70.39234,-23.60191],[-70.39274,-23.60087],[-70.39345,-23.59963]]}},{"type":"Feature","properties":{"nombre":"Avenida Edmundo Pérez Zujovic","jerarquia":2},"geometry":{"type":"LineString","coordinates":[[-70.39347,-23.59983],[-70.39285,-23.60088],[-70.39255,-23.60164],[-70.39237,-23.60235],[-70.39231,-23.60291],[-70.3923,-23.60377]]}},{"type":"Feature","properties":{"nombre":"Avenida Edmundo Pérez Zujovic","jerarquia":2},"geometry":{"type":"LineString","coordinates":[[-70.3923,-23.60377],[-70.39227,-23.60625]]}},{"type":"Feature","properties":{"nombre":"Avenida Edmundo Pérez Zujovic","jerarquia":2},"geometry":{"type":"LineString","coordinates":[[-70.39227,-23.60625],[-70.39221,-23.60806]]}},{"type":"Feature","properties":{"nombre":"","jerarquia":2},"geometry":{"type":"LineString","coordinates":[[-70.3968,-23.59516],[-70.39677,-23.59498],[-70.3967,-23.59493]]}},{"type":"Feature","properties":{"nombre":"Avenida Edmundo Pérez Zujovic","jerarquia":5},"geometry":{"type":"LineString","coordinates":[[-70.39201,-23.6084],[-70.39202,-23.60783]]}},{"type":"Feature","properties":{"nombre":"Avenida Edmundo Pérez Zujovic","jerarquia":5},"geometry":{"type":"LineString","coordinates":[[-70.39202,-23.60783],[-70.39205,-23.6069]]}},{"type":"Feature","properties":{"nombre":"Avenida Edmundo Pérez Zujovic","jerarquia":5},"geometry":{"type":"LineString","coordinates":[[-70.39205,-23.6069],[-70.39206,-23.60624]]}},{"type":"Feature","properties":{"nombre":"Avenida Edmundo Pérez Zujovic","jerarquia":5},"geometry":{"type":"LineString","coordinates":[[-70.39206,-23.60624],[-70.39207,-23.605]]}},{"type":"Feature","properties":{"nombre":"Avenida Edmundo Pérez Zujovic","jerarquia":5},"geometry":{"type":"LineString","coordinates":[[-70.39207,-23.605],[-70.39209,-23.60378]]}},{"type":"Feature","properties":{"nombre":"Avenida Edmundo Pérez Zujovic","jerarquia":5},"geometry":{"type":"LineString","coordinates":[[-70.39209,-23.60378],[-70.39212,-23.60272]]}},{"type":"Feature","properties":{"nombre":"Avenida Edmundo Pérez Zujovic","jerarquia":5},"geometry":{"type":"LineString","coordinates":[[-70.39212,-23.60272],[-70.39227,-23.60189]]}},{"type":"Feature","properties":{"nombre":"Avenida Edmundo Pérez Zujovic","jerarquia":5},"geometry":{"type":"LineString","coordinates":[[-70.39227,-23.60189],[-70.39267,-23.60075]]}},{"type":"Feature","properties":{"nombre":"Cavancha","jerarquia":4},"geometry":{"type":"LineString","coordinates":[[-70.39061,-23.60382],[-70.39067,-23.60382]]}},{"type":"Feature","properties":{"nombre":"Cavancha","jerarquia":4},"geometry":{"type":"LineString","coordinates":[[-70.39067,-23.60382],[-70.39131,-23.60379]]}},{"type":"Feature","properties":{"nombre":"Cavancha","jerarquia":4},"geometry":{"type":"LineString","coordinates":[[-70.39131,-23.60379],[-70.3916,-23.60377]]}},{"type":"Feature","properties":{"nombre":"Cavancha","jerarquia":4},"geometry":{"type":"LineString","coordinates":[[-70.3916,-23.60377],[-70.39209,-23.60378]]}},{"type":"Feature","properties":{"nombre":"Cavancha","jerarquia":4},"geometry":{"type":"LineString","coordinates":[[-70.39209,-23.60378],[-70.39218,-23.60377]]}},{"type":"Feature","properties":{"nombre":"Cavancha","jerarquia":4},"geometry":{"type":"LineString","coordinates":[[-70.39218,-23.60377],[-70.3923,-23.60377]]}},{"type":"Feature","properties":{"nombre":"Camino La Portada","jerarquia":5},"geometry":{"type":"LineString","coordinates":[[-70.40911,-23.49679],[-70.40932,-23.49681]]}},{"type":"Feature","properties":{"nombre":"","jerarquia":1},"geometry":{"type":"LineString","coordinates":[[-70.41289,-23.48857],[-70.41329,-23.48802]]}},{"type":"Feature","properties":{"nombre":"","jerarquia":1},"geometry":{"type":"LineString","coordinates":[[-70.41329,-23.48802],[-70.4135,-23.48781]]}},{"type":"Feature","properties":{"nombre":"","jerarquia":1},"geometry":{"type":"LineString","coordinates":[[-70.40744,-23.50268],[-70.40767,-23.50143]]}},{"type":"Feature","properties":{"nombre":"Avenida Edmundo Pérez Zujovic","jerarquia":2},"geometry":{"type":"LineString","coordinates":[[-70.39199,-23.54447],[-70.39203,-23.54374]]}},{"type":"Feature","properties":{"nombre":"Ruta 1","jerarquia":1},"geometry":{"type":"LineString","coordinates":[[-70.40744,-23.50268],[-70.40877,-23.49908]]}},{"type":"Feature","properties":{"nombre":"Ruta 1","jerarquia":1},"geometry":{"type":"LineString","coordinates":[[-70.40713,-23.5039],[-70.40652,-23.50533],[-70.40596,-23.50643]]}},{"type":"Feature","properties":{"nombre":"","jerarquia":5},"geometry":{"type":"LineString","coordinates":[[-70.40911,-23.49679],[-70.40878,-23.49683],[-70.40861,-23.49691],[-70.40849,-23.49708],[-70.40838,-23.49744],[-70.40844,-23.49761],[-70.40864,-23.49775],[-70.40887,-23.49774],[-70.40907,-23.49759]]}},{"type":"Feature","properties":{"nombre":"","jerarquia":5},"geometry":{"type":"LineString","coordinates":[[-70.40907,-23.49759],[-70.40915,-23.49747]]}},{"type":"Feature","properties":{"nombre":"","jerarquia":1},"geometry":{"type":"LineString","coordinates":[[-70.41066,-23.49482],[-70.41063,-23.49534],[-70.41067,-23.49552],[-70.41132,-23.49655]]}},{"type":"Feature","properties":{"nombre":"","jerarquia":1},"geometry":{"type":"LineString","coordinates":[[-70.40833,-23.50137],[-70.40767,-23.50255]]}},{"type":"Feature","properties":{"nombre":"","jerarquia":1},"geometry":{"type":"LineString","coordinates":[[-70.40767,-23.50255],[-70.40754,-23.5028]]}},{"type":"Feature","properties":{"nombre":"Vitacura","jerarquia":5},"geometry":{"type":"LineString","coordinates":[[-70.38445,-23.60984],[-70.38458,-23.60983],[-70.385,-23.61007]]}},{"type":"Feature","properties":{"nombre":"Vitacura","jerarquia":5},"geometry":{"type":"LineString","coordinates":[[-70.385,-23.61007],[-70.38505,-23.6101]]}},{"type":"Feature","properties":{"nombre":"","jerarquia":5},"geometry":{"type":"LineString","coordinates":[[-70.41099,-23.49703],[-70.41047,-23.49706],[-70.41015,-23.49718],[-70.4099,-23.49739],[-70.4097,-23.49772]]}},{"type":"Feature","properties":{"nombre":"","jerarquia":5},"geometry":{"type":"LineString","coordinates":[[-70.4097,-23.49772],[-70.40963,-23.49785]]}},{"type":"Feature","properties":{"nombre":"Camino a Juan López","jerarquia":5},"geometry":{"type":"LineString","coordinates":[[-70.51224,-23.46372],[-70.51121,-23.46315]]}},{"type":"Feature","properties":{"nombre":"Camino a Juan López","jerarquia":5},"geometry":{"type":"LineString","coordinates":[[-70.52533,-23.46562],[-70.52467,-23.46551]]}},{"type":"Feature","properties":{"nombre":"Camino a Juan López","jerarquia":5},"geometry":{"type":"LineString","coordinates":[[-70.51228,-23.46368],[-70.51271,-23.46402],[-70.51301,-23.4644]]}},{"type":"Feature","properties":{"nombre":"Camino a Juan López","jerarquia":5},"geometry":{"type":"LineString","coordinates":[[-70.52549,-23.46561],[-70.52665,-23.46619]]}},{"type":"Feature","properties":{"nombre":"Avenida Pedro Aguirre Cerda","jerarquia":3},"geometry":{"type":"LineString","coordinates":[[-70.39112,-23.56222],[-70.39111,-23.56232]]}},{"type":"Feature","properties":{"nombre":"Avenida Pedro Aguirre Cerda","jerarquia":3},"geometry":{"type":"LineString","coordinates":[[-70.39111,-23.56232],[-70.39111,-23.56266]]}},{"type":"Feature","properties":{"nombre":"","jerarquia":1},"geometry":{"type":"LineString","coordinates":[[-70.41132,-23.49655],[-70.41138,-23.49688],[-70.41127,-23.49702]]}},{"type":"Feature","properties":{"nombre":"","jerarquia":1},"geometry":{"type":"LineString","coordinates":[[-70.41127,-23.49702],[-70.41121,-23.49706]]}},{"type":"Feature","properties":{"nombre":"Aeropuerto Andrés Sabella Gálvez","jerarquia":5},"geometry":{"type":"LineString","coordinates":[[-70.43766,-23.45079],[-70.43266,-23.45134]]}},{"type":"Feature","properties":{"nombre":"Aeropuerto Andrés Sabella Gálvez","jerarquia":5},"geometry":{"type":"LineString","coordinates":[[-70.43854,-23.45063],[-70.43874,-23.45047],[-70.4389,-23.45019]]}},{"type":"Feature","properties":{"nombre":"","jerarquia":1},"geometry":{"type":"LineString","coordinates":[[-70.39694,-23.52355],[-70.39601,-23.5247]]}},{"type":"Feature","properties":{"nombre":"","jerarquia":1},"geometry":{"type":"LineString","coordinates":[[-70.39601,-23.5247],[-70.39584,-23.52493]]}},{"type":"Feature","properties":{"nombre":"","jerarquia":1},"geometry":{"type":"LineString","coordinates":[[-70.39548,-23.52533],[-70.39601,-23.52387]]}},{"type":"Feature","properties":{"nombre":"Nicolás Tirado","jerarquia":4},"geometry":{"type":"LineString","coordinates":[[-70.37858,-23.59279],[-70.37834,-23.59281]]}},{"type":"Feature","properties":{"nombre":"Nicolás Tirado","jerarquia":4},"geometry":{"type":"LineString","coordinates":[[-70.37858,-23.59268],[-70.37975,-23.59262]]}},{"type":"Feature","properties":{"nombre":"Nicolás Tirado","jerarquia":4},"geometry":{"type":"LineString","coordinates":[[-70.37975,-23.59262],[-70.38077,-23.59255]]}},{"type":"Feature","properties":{"nombre":"Nicolás Tirado","jerarquia":4},"geometry":{"type":"LineString","coordinates":[[-70.38078,-23.59266],[-70.38024,-23.59269]]}},{"type":"Feature","properties":{"nombre":"Nicolás Tirado","jerarquia":4},"geometry":{"type":"LineString","coordinates":[[-70.38024,-23.59269],[-70.37976,-23.59271]]}},{"type":"Feature","properties":{"nombre":"Nicolás Tirado","jerarquia":4},"geometry":{"type":"LineString","coordinates":[[-70.37976,-23.59271],[-70.37858,-23.59279]]}},{"type":"Feature","properties":{"nombre":"Avenida Salvador Allende","jerarquia":2},"geometry":{"type":"LineString","coordinates":[[-70.38953,-23.62821],[-70.39107,-23.62807]]}},{"type":"Feature","properties":{"nombre":"Avenida Salvador Allende","jerarquia":2},"geometry":{"type":"LineString","coordinates":[[-70.39107,-23.62807],[-70.39148,-23.62804]]}},{"type":"Feature","properties":{"nombre":"Avenida Salvador Allende","jerarquia":2},"geometry":{"type":"LineString","coordinates":[[-70.39148,-23.62804],[-70.39162,-23.62805]]}},{"type":"Feature","properties":{"nombre":"Avenida Salvador Allende","jerarquia":2},"geometry":{"type":"LineString","coordinates":[[-70.39162,-23.62805],[-70.39203,-23.62811],[-70.39285,-23.62838]]}},{"type":"Feature","properties":{"nombre":"Avenida Salvador Allende","jerarquia":2},"geometry":{"type":"LineString","coordinates":[[-70.39285,-23.62838],[-70.39384,-23.62847]]}},{"type":"Feature","properties":{"nombre":"Avenida Salvador Allende","jerarquia":2},"geometry":{"type":"LineString","coordinates":[[-70.39384,-23.62847],[-70.39404,-23.62847]]}},{"type":"Feature","properties":{"nombre":"Avenida Salvador Allende","jerarquia":2},"geometry":{"type":"LineString","coordinates":[[-70.38705,-23.62847],[-70.38587,-23.62852]]}},{"type":"Feature","properties":{"nombre":"Avenida Salvador Allende","jerarquia":2},"geometry":{"type":"LineString","coordinates":[[-70.38587,-23.62852],[-70.38495,-23.62856]]}},{"type":"Feature","properties":{"nombre":"","jerarquia":1},"geometry":{"type":"LineString","coordinates":[[-70.39231,-23.54238],[-70.39229,-23.54311]]}},{"type":"Feature","properties":{"nombre":"Onix","jerarquia":5},"geometry":{"type":"LineString","coordinates":[[-70.3915,-23.59862],[-70.39221,-23.59899]]}},{"type":"Feature","properties":{"nombre":"Onix","jerarquia":5},"geometry":{"type":"LineString","coordinates":[[-70.39221,-23.59899],[-70.39257,-23.59918]]}},{"type":"Feature","properties":{"nombre":"Onix","jerarquia":5},"geometry":{"type":"LineString","coordinates":[[-70.39257,-23.59918],[-70.39275,-23.59927]]}},{"type":"Feature","properties":{"nombre":"Onix","jerarquia":5},"geometry":{"type":"LineString","coordinates":[[-70.39275,-23.59927],[-70.39302,-23.59941]]}},{"type":"Feature","properties":{"nombre":"Onix","jerarquia":5},"geometry":{"type":"LineString","coordinates":[[-70.39302,-23.59941],[-70.39337,-23.59959]]}},{"type":"Feature","properties":{"nombre":"Onix","jerarquia":5},"geometry":{"type":"LineString","coordinates":[[-70.39337,-23.59959],[-70.39345,-23.59963]]}},{"type":"Feature","properties":{"nombre":"Avenida El Yodo","jerarquia":5},"geometry":{"type":"LineString","coordinates":[[-70.39317,-23.59453],[-70.39316,-23.59504]]}},{"type":"Feature","properties":{"nombre":"Avenida El Yodo","jerarquia":5},"geometry":{"type":"LineString","coordinates":[[-70.39316,-23.59504],[-70.39316,-23.59551],[-70.3931,-23.59584]]}},{"type":"Feature","properties":{"nombre":"Avenida El Yodo","jerarquia":5},"geometry":{"type":"LineString","coordinates":[[-70.3931,-23.59584],[-70.39289,-23.59626]]}},{"type":"Feature","properties":{"nombre":"Avenida El Yodo","jerarquia":5},"geometry":{"type":"LineString","coordinates":[[-70.3913,-23.59897],[-70.391,-23.59953],[-70.3908,-23.60045]]}},{"type":"Feature","properties":{"nombre":"Avenida El Yodo","jerarquia":5},"geometry":{"type":"LineString","coordinates":[[-70.3915,-23.59862],[-70.39162,-23.59832]]}},{"type":"Feature","properties":{"nombre":"El Azufre","jerarquia":5},"geometry":{"type":"LineString","coordinates":[[-70.39317,-23.59453],[-70.39389,-23.59454]]}},{"type":"Feature","properties":{"nombre":"El Azufre","jerarquia":5},"geometry":{"type":"LineString","coordinates":[[-70.39389,-23.59454],[-70.39436,-23.59455]]}},{"type":"Feature","properties":{"nombre":"El Azufre","jerarquia":5},"geometry":{"type":"LineString","coordinates":[[-70.39436,-23.59455],[-70.39483,-23.59456]]}},{"type":"Feature","properties":{"nombre":"El Azufre","jerarquia":5},"geometry":{"type":"LineString","coordinates":[[-70.39483,-23.59456],[-70.39522,-23.59457]]}},{"type":"Feature","properties":{"nombre":"El Azufre","jerarquia":5},"geometry":{"type":"LineString","coordinates":[[-70.39522,-23.59457],[-70.39528,-23.59457]]}},{"type":"Feature","properties":{"nombre":"El Azufre","jerarquia":5},"geometry":{"type":"LineString","coordinates":[[-70.39528,-23.59457],[-70.39545,-23.59461]]}},{"type":"Feature","properties":{"nombre":"El Azufre","jerarquia":5},"geometry":{"type":"LineString","coordinates":[[-70.39545,-23.59461],[-70.39595,-23.59476]]}},{"type":"Feature","properties":{"nombre":"El Azufre","jerarquia":5},"geometry":{"type":"LineString","coordinates":[[-70.39595,-23.59476],[-70.3963,-23.59485]]}},{"type":"Feature","properties":{"nombre":"El Azufre","jerarquia":5},"geometry":{"type":"LineString","coordinates":[[-70.3963,-23.59485],[-70.39652,-23.59489]]}},{"type":"Feature","properties":{"nombre":"El Azufre","jerarquia":5},"geometry":{"type":"LineString","coordinates":[[-70.39652,-23.59489],[-70.3967,-23.59493]]}},{"type":"Feature","properties":{"nombre":"El Azufre","jerarquia":5},"geometry":{"type":"LineString","coordinates":[[-70.3967,-23.59493],[-70.39687,-23.59495]]}},{"type":"Feature","properties":{"nombre":"Serrano","jerarquia":5},"geometry":{"type":"LineString","coordinates":[[-70.39317,-23.64747],[-70.39392,-23.64667]]}},{"type":"Feature","properties":{"nombre":"Serrano","jerarquia":5},"geometry":{"type":"LineString","coordinates":[[-70.39392,-23.64667],[-70.39466,-23.64589]]}},{"type":"Feature","properties":{"nombre":"Mateo de Toro y Zambrano","jerarquia":5},"geometry":{"type":"LineString","coordinates":[[-70.38312,-23.59642],[-70.38204,-23.59647]]}},{"type":"Feature","properties":{"nombre":"Mateo de Toro y Zambrano","jerarquia":5},"geometry":{"type":"LineString","coordinates":[[-70.38204,-23.59647],[-70.38178,-23.59649]]}},{"type":"Feature","properties":{"nombre":"Mateo de Toro y Zambrano","jerarquia":5},"geometry":{"type":"LineString","coordinates":[[-70.38178,-23.59649],[-70.38103,-23.59652]]}},{"type":"Feature","properties":{"nombre":"Isabel Riquelme","jerarquia":4},"geometry":{"type":"LineString","coordinates":[[-70.38031,-23.61111],[-70.38072,-23.61132]]}},{"type":"Feature","properties":{"nombre":"Isabel Riquelme","jerarquia":4},"geometry":{"type":"LineString","coordinates":[[-70.38072,-23.61132],[-70.38119,-23.6116]]}},{"type":"Feature","properties":{"nombre":"Isabel Riquelme","jerarquia":4},"geometry":{"type":"LineString","coordinates":[[-70.38119,-23.6116],[-70.38129,-23.61166]]}},{"type":"Feature","properties":{"nombre":"Isabel Riquelme","jerarquia":4},"geometry":{"type":"LineString","coordinates":[[-70.38129,-23.61166],[-70.3817,-23.6119]]}},{"type":"Feature","properties":{"nombre":"Isabel Riquelme","jerarquia":4},"geometry":{"type":"LineString","coordinates":[[-70.3817,-23.6119],[-70.38208,-23.61214]]}},{"type":"Feature","properties":{"nombre":"Isabel Riquelme","jerarquia":4},"geometry":{"type":"LineString","coordinates":[[-70.38208,-23.61214],[-70.38219,-23.6122]]}},{"type":"Feature","properties":{"nombre":"Isabel Riquelme","jerarquia":4},"geometry":{"type":"LineString","coordinates":[[-70.38219,-23.6122],[-70.38253,-23.6124]]}},{"type":"Feature","properties":{"nombre":"Isabel Riquelme","jerarquia":4},"geometry":{"type":"LineString","coordinates":[[-70.38253,-23.6124],[-70.38262,-23.61246]]}},{"type":"Feature","properties":{"nombre":"Isabel Riquelme","jerarquia":4},"geometry":{"type":"LineString","coordinates":[[-70.38262,-23.61246],[-70.38271,-23.6125]]}},{"type":"Feature","properties":{"nombre":"Homero Ávila","jerarquia":4},"geometry":{"type":"LineString","coordinates":[[-70.40699,-23.67101],[-70.40686,-23.67123],[-70.40679,-23.67156],[-70.40668,-23.67171]]}},{"type":"Feature","properties":{"nombre":"Homero Ávila","jerarquia":4},"geometry":{"type":"LineString","coordinates":[[-70.40668,-23.67171],[-70.40643,-23.67184]]}},{"type":"Feature","properties":{"nombre":"Sangra","jerarquia":5},"geometry":{"type":"LineString","coordinates":[[-70.41312,-23.68413],[-70.41393,-23.68349]]}},{"type":"Feature","properties":{"nombre":"Sangra","jerarquia":5},"geometry":{"type":"LineString","coordinates":[[-70.41393,-23.68349],[-70.41429,-23.6832]]}},{"type":"Feature","properties":{"nombre":"Sangra","jerarquia":5},"geometry":{"type":"LineString","coordinates":[[-70.41429,-23.6832],[-70.41468,-23.68289]]}},{"type":"Feature","properties":{"nombre":"Sangra","jerarquia":5},"geometry":{"type":"LineString","coordinates":[[-70.41468,-23.68289],[-70.41475,-23.68283]]}},{"type":"Feature","properties":{"nombre":"Sangra","jerarquia":5},"geometry":{"type":"LineString","coordinates":[[-70.41475,-23.68283],[-70.41484,-23.68276]]}},{"type":"Feature","properties":{"nombre":"Rancagua","jerarquia":5},"geometry":{"type":"LineString","coordinates":[[-70.37816,-23.61537],[-70.37869,-23.61509]]}},{"type":"Feature","properties":{"nombre":"Rancagua","jerarquia":5},"geometry":{"type":"LineString","coordinates":[[-70.37869,-23.61509],[-70.3792,-23.61482]]}},{"type":"Feature","properties":{"nombre":"Rancagua","jerarquia":5},"geometry":{"type":"LineString","coordinates":[[-70.3792,-23.61482],[-70.37971,-23.61456]]}},{"type":"Feature","properties":{"nombre":"Rancagua","jerarquia":5},"geometry":{"type":"LineString","coordinates":[[-70.37971,-23.61456],[-70.38021,-23.61429]]}},{"type":"Feature","properties":{"nombre":"Rancagua","jerarquia":5},"geometry":{"type":"LineString","coordinates":[[-70.38021,-23.61429],[-70.38073,-23.61401]]}},{"type":"Feature","properties":{"nombre":"Rancagua","jerarquia":5},"geometry":{"type":"LineString","coordinates":[[-70.38073,-23.61401],[-70.3812,-23.61375]]}},{"type":"Feature","properties":{"nombre":"Rancagua","jerarquia":5},"geometry":{"type":"LineString","coordinates":[[-70.3812,-23.61375],[-70.3817,-23.61351]]}},{"type":"Feature","properties":{"nombre":"Rancagua","jerarquia":5},"geometry":{"type":"LineString","coordinates":[[-70.3817,-23.61351],[-70.38185,-23.6135]]}},{"type":"Feature","properties":{"nombre":"Manuel Antonio Matta","jerarquia":5},"geometry":{"type":"LineString","coordinates":[[-70.38857,-23.64376],[-70.38991,-23.64484]]}},{"type":"Feature","properties":{"nombre":"Manuel Antonio Matta","jerarquia":5},"geometry":{"type":"LineString","coordinates":[[-70.38991,-23.64484],[-70.3902,-23.64507]]}},{"type":"Feature","properties":{"nombre":"Manuel Antonio Matta","jerarquia":5},"geometry":{"type":"LineString","coordinates":[[-70.3902,-23.64507],[-70.39026,-23.64513]]}},{"type":"Feature","properties":{"nombre":"Manuel Antonio Matta","jerarquia":5},"geometry":{"type":"LineString","coordinates":[[-70.39026,-23.64513],[-70.39078,-23.64554]]}},{"type":"Feature","properties":{"nombre":"Manuel Antonio Matta","jerarquia":5},"geometry":{"type":"LineString","coordinates":[[-70.39078,-23.64554],[-70.39145,-23.64608]]}},{"type":"Feature","properties":{"nombre":"Manuel Antonio Matta","jerarquia":5},"geometry":{"type":"LineString","coordinates":[[-70.39145,-23.64608],[-70.39219,-23.64668]]}},{"type":"Feature","properties":{"nombre":"Manuel Antonio Matta","jerarquia":5},"geometry":{"type":"LineString","coordinates":[[-70.39219,-23.64668],[-70.3923,-23.64677]]}},{"type":"Feature","properties":{"nombre":"Manuel Antonio Matta","jerarquia":5},"geometry":{"type":"LineString","coordinates":[[-70.3923,-23.64677],[-70.39252,-23.64695]]}},{"type":"Feature","properties":{"nombre":"Manuel Antonio Matta","jerarquia":5},"geometry":{"type":"LineString","coordinates":[[-70.39252,-23.64695],[-70.39261,-23.64703]]}},{"type":"Feature","properties":{"nombre":"Homero Ávila","jerarquia":4},"geometry":{"type":"LineString","coordinates":[[-70.40285,-23.67327],[-70.4034,-23.67303]]}},{"type":"Feature","properties":{"nombre":"Homero Ávila","jerarquia":4},"geometry":{"type":"LineString","coordinates":[[-70.4034,-23.67303],[-70.40392,-23.6728]]}},{"type":"Feature","properties":{"nombre":"Homero Ávila","jerarquia":4},"geometry":{"type":"LineString","coordinates":[[-70.40392,-23.6728],[-70.40612,-23.67188]]}},{"type":"Feature","properties":{"nombre":"Homero Ávila","jerarquia":4},"geometry":{"type":"LineString","coordinates":[[-70.40612,-23.67188],[-70.40615,-23.67187]]}},{"type":"Feature","properties":{"nombre":"Homero Ávila","jerarquia":4},"geometry":{"type":"LineString","coordinates":[[-70.40637,-23.67178],[-70.40643,-23.67176]]}},{"type":"Feature","properties":{"nombre":"Nicolás Tirado","jerarquia":4},"geometry":{"type":"LineString","coordinates":[[-70.38287,-23.59255],[-70.38237,-23.59257]]}},{"type":"Feature","properties":{"nombre":"Nicolás Tirado","jerarquia":4},"geometry":{"type":"LineString","coordinates":[[-70.38237,-23.59257],[-70.38189,-23.5926]]}},{"type":"Feature","properties":{"nombre":"Nicolás Tirado","jerarquia":4},"geometry":{"type":"LineString","coordinates":[[-70.38189,-23.5926],[-70.38078,-23.59266]]}},{"type":"Feature","properties":{"nombre":"Jorge Washington","jerarquia":5},"geometry":{"type":"LineString","coordinates":[[-70.39705,-23.64494],[-70.39783,-23.64555]]}},{"type":"Feature","properties":{"nombre":"Jorge Washington","jerarquia":5},"geometry":{"type":"LineString","coordinates":[[-70.39783,-23.64555],[-70.39791,-23.64562]]}},{"type":"Feature","properties":{"nombre":"Jorge Washington","jerarquia":5},"geometry":{"type":"LineString","coordinates":[[-70.39791,-23.64562],[-70.3981,-23.64576]]}},{"type":"Feature","properties":{"nombre":"Jorge Washington","jerarquia":5},"geometry":{"type":"LineString","coordinates":[[-70.3981,-23.64576],[-70.39881,-23.64633]]}},{"type":"Feature","properties":{"nombre":"Jorge Washington","jerarquia":5},"geometry":{"type":"LineString","coordinates":[[-70.39881,-23.64633],[-70.39967,-23.64702]]}},{"type":"Feature","properties":{"nombre":"Jorge Washington","jerarquia":5},"geometry":{"type":"LineString","coordinates":[[-70.39967,-23.64702],[-70.40012,-23.64737]]}},{"type":"Feature","properties":{"nombre":"Jorge Washington","jerarquia":5},"geometry":{"type":"LineString","coordinates":[[-70.40012,-23.64737],[-70.40046,-23.64764]]}},{"type":"Feature","properties":{"nombre":"Jorge Washington","jerarquia":5},"geometry":{"type":"LineString","coordinates":[[-70.40046,-23.64764],[-70.40056,-23.64771]]}},{"type":"Feature","properties":{"nombre":"Jorge Washington","jerarquia":5},"geometry":{"type":"LineString","coordinates":[[-70.40056,-23.64771],[-70.40101,-23.64808]]}},{"type":"Feature","properties":{"nombre":"Jorge Washington","jerarquia":5},"geometry":{"type":"LineString","coordinates":[[-70.40101,-23.64808],[-70.40136,-23.64836]]}},{"type":"Feature","properties":{"nombre":"Jorge Washington","jerarquia":5},"geometry":{"type":"LineString","coordinates":[[-70.40136,-23.64836],[-70.40146,-23.64844]]}},{"type":"Feature","properties":{"nombre":"Simón Bolívar","jerarquia":5},"geometry":{"type":"LineString","coordinates":[[-70.39629,-23.64575],[-70.39705,-23.64494]]}},{"type":"Feature","properties":{"nombre":"Simón Bolívar","jerarquia":5},"geometry":{"type":"LineString","coordinates":[[-70.39705,-23.64494],[-70.39775,-23.64417]]}},{"type":"Feature","properties":{"nombre":"Homero Ávila","jerarquia":4},"geometry":{"type":"LineString","coordinates":[[-70.40643,-23.67176],[-70.40664,-23.67165],[-70.40673,-23.67153],[-70.40674,-23.67086]]}},{"type":"Feature","properties":{"nombre":"Homero Ávila","jerarquia":4},"geometry":{"type":"LineString","coordinates":[[-70.40674,-23.67086],[-70.40674,-23.6708]]}},{"type":"Feature","properties":{"nombre":"Domingo Faustino Sarmiento","jerarquia":4},"geometry":{"type":"LineString","coordinates":[[-70.38131,-23.63082],[-70.38133,-23.63022]]}},{"type":"Feature","properties":{"nombre":"Domingo Faustino Sarmiento","jerarquia":4},"geometry":{"type":"LineString","coordinates":[[-70.38133,-23.63022],[-70.38134,-23.62977]]}},{"type":"Feature","properties":{"nombre":"Domingo Faustino Sarmiento","jerarquia":4},"geometry":{"type":"LineString","coordinates":[[-70.38134,-23.62977],[-70.38134,-23.62962]]}},{"type":"Feature","properties":{"nombre":"Domingo Faustino Sarmiento","jerarquia":4},"geometry":{"type":"LineString","coordinates":[[-70.38134,-23.62962],[-70.38135,-23.62935]]}},{"type":"Feature","properties":{"nombre":"Domingo Faustino Sarmiento","jerarquia":4},"geometry":{"type":"LineString","coordinates":[[-70.38135,-23.62935],[-70.38136,-23.62898]]}},{"type":"Feature","properties":{"nombre":"Domingo Faustino Sarmiento","jerarquia":4},"geometry":{"type":"LineString","coordinates":[[-70.38136,-23.62898],[-70.38137,-23.62882]]}},{"type":"Feature","properties":{"nombre":"Domingo Faustino Sarmiento","jerarquia":4},"geometry":{"type":"LineString","coordinates":[[-70.38137,-23.62882],[-70.38137,-23.62873]]}},{"type":"Feature","properties":{"nombre":"Isabel Riquelme","jerarquia":5},"geometry":{"type":"LineString","coordinates":[[-70.38271,-23.6125],[-70.38319,-23.61278]]}},{"type":"Feature","properties":{"nombre":"Isabel Riquelme","jerarquia":5},"geometry":{"type":"LineString","coordinates":[[-70.38319,-23.61278],[-70.38357,-23.61302]]}},{"type":"Feature","properties":{"nombre":"Isabel Riquelme","jerarquia":5},"geometry":{"type":"LineString","coordinates":[[-70.38357,-23.61302],[-70.38384,-23.61317],[-70.38399,-23.6132]]}},{"type":"Feature","properties":{"nombre":"Isabel Riquelme","jerarquia":5},"geometry":{"type":"LineString","coordinates":[[-70.38399,-23.6132],[-70.3845,-23.6132]]}},{"type":"Feature","properties":{"nombre":"Isabel Riquelme","jerarquia":5},"geometry":{"type":"LineString","coordinates":[[-70.3845,-23.6132],[-70.38486,-23.6132]]}},{"type":"Feature","properties":{"nombre":"Isabel Riquelme","jerarquia":5},"geometry":{"type":"LineString","coordinates":[[-70.38486,-23.6132],[-70.38495,-23.6132]]}},{"type":"Feature","properties":{"nombre":"Iquique","jerarquia":5},"geometry":{"type":"LineString","coordinates":[[-70.3906,-23.60159],[-70.3906,-23.60202]]}},{"type":"Feature","properties":{"nombre":"Iquique","jerarquia":5},"geometry":{"type":"LineString","coordinates":[[-70.3906,-23.60202],[-70.39061,-23.60218]]}},{"type":"Feature","properties":{"nombre":"Iquique","jerarquia":5},"geometry":{"type":"LineString","coordinates":[[-70.39061,-23.60218],[-70.39062,-23.60268]]}},{"type":"Feature","properties":{"nombre":"Iquique","jerarquia":5},"geometry":{"type":"LineString","coordinates":[[-70.39062,-23.60268],[-70.39063,-23.60296]]}},{"type":"Feature","properties":{"nombre":"Iquique","jerarquia":5},"geometry":{"type":"LineString","coordinates":[[-70.39063,-23.60296],[-70.39065,-23.60337]]}},{"type":"Feature","properties":{"nombre":"Iquique","jerarquia":5},"geometry":{"type":"LineString","coordinates":[[-70.39065,-23.60337],[-70.39067,-23.60382]]}},{"type":"Feature","properties":{"nombre":"Iquique","jerarquia":5},"geometry":{"type":"LineString","coordinates":[[-70.39067,-23.60382],[-70.39069,-23.60503]]}},{"type":"Feature","properties":{"nombre":"Iquique","jerarquia":5},"geometry":{"type":"LineString","coordinates":[[-70.39069,-23.60503],[-70.39074,-23.60626]]}},{"type":"Feature","properties":{"nombre":"Iquique","jerarquia":5},"geometry":{"type":"LineString","coordinates":[[-70.39074,-23.60626],[-70.39077,-23.60695]]}},{"type":"Feature","properties":{"nombre":"Iquique","jerarquia":5},"geometry":{"type":"LineString","coordinates":[[-70.39077,-23.60695],[-70.39081,-23.60777]]}},{"type":"Feature","properties":{"nombre":"Iquique","jerarquia":5},"geometry":{"type":"LineString","coordinates":[[-70.39081,-23.60777],[-70.39081,-23.60783]]}},{"type":"Feature","properties":{"nombre":"Iquique","jerarquia":5},"geometry":{"type":"LineString","coordinates":[[-70.39081,-23.60783],[-70.39081,-23.60792]]}},{"type":"Feature","properties":{"nombre":"Iquique","jerarquia":5},"geometry":{"type":"LineString","coordinates":[[-70.39081,-23.60792],[-70.3908,-23.60821],[-70.39073,-23.60841]]}},{"type":"Feature","properties":{"nombre":"Iquique","jerarquia":5},"geometry":{"type":"LineString","coordinates":[[-70.39073,-23.60841],[-70.39049,-23.60871],[-70.39036,-23.60944]]}},{"type":"Feature","properties":{"nombre":"Iquique","jerarquia":5},"geometry":{"type":"LineString","coordinates":[[-70.39036,-23.60944],[-70.38999,-23.61214]]}},{"type":"Feature","properties":{"nombre":"Avenida Edmundo Pérez Zujovic","jerarquia":2},"geometry":{"type":"LineString","coordinates":[[-70.39561,-23.63801],[-70.39572,-23.63668]]}},{"type":"Feature","properties":{"nombre":"Avenida Edmundo Pérez Zujovic","jerarquia":2},"geometry":{"type":"LineString","coordinates":[[-70.39572,-23.63668],[-70.39572,-23.6358]]}},{"type":"Feature","properties":{"nombre":"Avenida Edmundo Pérez Zujovic","jerarquia":2},"geometry":{"type":"LineString","coordinates":[[-70.39572,-23.6358],[-70.39573,-23.63462]]}},{"type":"Feature","properties":{"nombre":"Avenida Edmundo Pérez Zujovic","jerarquia":2},"geometry":{"type":"LineString","coordinates":[[-70.39573,-23.63462],[-70.39572,-23.63354]]}},{"type":"Feature","properties":{"nombre":"Avenida Edmundo Pérez Zujovic","jerarquia":2},"geometry":{"type":"LineString","coordinates":[[-70.39572,-23.63354],[-70.3957,-23.63234],[-70.39603,-23.63144]]}},{"type":"Feature","properties":{"nombre":"Avenida Edmundo Pérez Zujovic","jerarquia":2},"geometry":{"type":"LineString","coordinates":[[-70.39603,-23.63144],[-70.39617,-23.63089],[-70.39622,-23.62976]]}},{"type":"Feature","properties":{"nombre":"Avenida José Manuel Balmaceda","jerarquia":2},"geometry":{"type":"LineString","coordinates":[[-70.3981,-23.64386],[-70.39885,-23.6446]]}},{"type":"Feature","properties":{"nombre":"Avenida José Manuel Balmaceda","jerarquia":2},"geometry":{"type":"LineString","coordinates":[[-70.39885,-23.6446],[-70.39999,-23.64555],[-70.40067,-23.64595]]}},{"type":"Feature","properties":{"nombre":"Avenida José Manuel Balmaceda","jerarquia":2},"geometry":{"type":"LineString","coordinates":[[-70.40067,-23.64595],[-70.40154,-23.64665]]}},{"type":"Feature","properties":{"nombre":"Avenida José Manuel Balmaceda","jerarquia":2},"geometry":{"type":"LineString","coordinates":[[-70.40154,-23.64665],[-70.40218,-23.64715],[-70.40243,-23.64745]]}},{"type":"Feature","properties":{"nombre":"Avenida José Manuel Balmaceda","jerarquia":2},"geometry":{"type":"LineString","coordinates":[[-70.40243,-23.64745],[-70.40259,-23.64772]]}},{"type":"Feature","properties":{"nombre":"Avenida Mejillones","jerarquia":5},"geometry":{"type":"LineString","coordinates":[[-70.39249,-23.62743],[-70.39274,-23.62813]]}},{"type":"Feature","properties":{"nombre":"Avenida Mejillones","jerarquia":5},"geometry":{"type":"LineString","coordinates":[[-70.39274,-23.62813],[-70.39285,-23.62838]]}},{"type":"Feature","properties":{"nombre":"Héroes de la Concepción","jerarquia":5},"geometry":{"type":"LineString","coordinates":[[-70.38756,-23.59165],[-70.38737,-23.59127]]}},{"type":"Feature","properties":{"nombre":"Héroes de la Concepción","jerarquia":5},"geometry":{"type":"LineString","coordinates":[[-70.38737,-23.59127],[-70.38695,-23.59042]]}},{"type":"Feature","properties":{"nombre":"Héroes de la Concepción","jerarquia":5},"geometry":{"type":"LineString","coordinates":[[-70.38695,-23.59042],[-70.38664,-23.58979]]}},{"type":"Feature","properties":{"nombre":"Héroes de la Concepción","jerarquia":5},"geometry":{"type":"LineString","coordinates":[[-70.38664,-23.58979],[-70.38631,-23.58911]]}},{"type":"Feature","properties":{"nombre":"Héroes de la Concepción","jerarquia":5},"geometry":{"type":"LineString","coordinates":[[-70.38631,-23.58911],[-70.38596,-23.58841]]}},{"type":"Feature","properties":{"nombre":"Héroes de la Concepción","jerarquia":5},"geometry":{"type":"LineString","coordinates":[[-70.38596,-23.58841],[-70.38563,-23.58776]]}},{"type":"Feature","properties":{"nombre":"Héroes de la Concepción","jerarquia":5},"geometry":{"type":"LineString","coordinates":[[-70.38563,-23.58776],[-70.38524,-23.58697]]}},{"type":"Feature","properties":{"nombre":"Héroes de la Conpcecion","jerarquia":5},"geometry":{"type":"LineString","coordinates":[[-70.38348,-23.57874],[-70.3835,-23.57882],[-70.38339,-23.57941]]}},{"type":"Feature","properties":{"nombre":"Héroes de la Conpcecion","jerarquia":5},"geometry":{"type":"LineString","coordinates":[[-70.38339,-23.57941],[-70.38332,-23.57978]]}},{"type":"Feature","properties":{"nombre":"Héroes de la Conpcecion","jerarquia":5},"geometry":{"type":"LineString","coordinates":[[-70.38332,-23.57978],[-70.38325,-23.5802]]}},{"type":"Feature","properties":{"nombre":"Héroes de la Conpcecion","jerarquia":5},"geometry":{"type":"LineString","coordinates":[[-70.38325,-23.5802],[-70.38318,-23.58056]]}},{"type":"Feature","properties":{"nombre":"Héroes de la Conpcecion","jerarquia":5},"geometry":{"type":"LineString","coordinates":[[-70.38318,-23.58056],[-70.38312,-23.58096]]}},{"type":"Feature","properties":{"nombre":"Héroes de la Conpcecion","jerarquia":5},"geometry":{"type":"LineString","coordinates":[[-70.38312,-23.58096],[-70.38308,-23.58138]]}},{"type":"Feature","properties":{"nombre":"Héroes de la Conpcecion","jerarquia":5},"geometry":{"type":"LineString","coordinates":[[-70.38308,-23.58138],[-70.38307,-23.58179]]}},{"type":"Feature","properties":{"nombre":"Héroes de la Conpcecion","jerarquia":5},"geometry":{"type":"LineString","coordinates":[[-70.38307,-23.58179],[-70.38312,-23.58221]]}},{"type":"Feature","properties":{"nombre":"Héroes de la Conpcecion","jerarquia":5},"geometry":{"type":"LineString","coordinates":[[-70.38312,-23.58221],[-70.3832,-23.58255]]}},{"type":"Feature","properties":{"nombre":"Héroes de la Conpcecion","jerarquia":5},"geometry":{"type":"LineString","coordinates":[[-70.3832,-23.58255],[-70.3833,-23.58289]]}},{"type":"Feature","properties":{"nombre":"Héroes de la Conpcecion","jerarquia":5},"geometry":{"type":"LineString","coordinates":[[-70.3833,-23.58289],[-70.38348,-23.58337]]}},{"type":"Feature","properties":{"nombre":"Héroes de la Conpcecion","jerarquia":5},"geometry":{"type":"LineString","coordinates":[[-70.38348,-23.58337],[-70.38368,-23.58381]]}},{"type":"Feature","properties":{"nombre":"Avenida Edmundo Pérez Zujovic","jerarquia":2},"geometry":{"type":"LineString","coordinates":[[-70.39584,-23.63669],[-70.39576,-23.6379]]}},{"type":"Feature","properties":{"nombre":"Avenida Edmundo Pérez Zujovic","jerarquia":2},"geometry":{"type":"LineString","coordinates":[[-70.39576,-23.6379],[-70.39575,-23.63802]]}},{"type":"Feature","properties":{"nombre":"Cabo Juan Bolívar","jerarquia":5},"geometry":{"type":"LineString","coordinates":[[-70.38555,-23.58699],[-70.3857,-23.587]]}},{"type":"Feature","properties":{"nombre":"Cabo Juan Bolívar","jerarquia":5},"geometry":{"type":"LineString","coordinates":[[-70.3857,-23.587],[-70.38657,-23.58707]]}},{"type":"Feature","properties":{"nombre":"Cabo Juan Bolívar","jerarquia":5},"geometry":{"type":"LineString","coordinates":[[-70.38657,-23.58707],[-70.3866,-23.58707]]}},{"type":"Feature","properties":{"nombre":"Cabo Juan Bolívar","jerarquia":5},"geometry":{"type":"LineString","coordinates":[[-70.3866,-23.58707],[-70.38669,-23.58708]]}},{"type":"Feature","properties":{"nombre":"Cabo Juan Bolívar","jerarquia":5},"geometry":{"type":"LineString","coordinates":[[-70.38669,-23.58708],[-70.38692,-23.58709]]}},{"type":"Feature","properties":{"nombre":"Cabo Juan Bolívar","jerarquia":5},"geometry":{"type":"LineString","coordinates":[[-70.38692,-23.58709],[-70.38732,-23.58712]]}},{"type":"Feature","properties":{"nombre":"Cabo Juan Bolívar","jerarquia":5},"geometry":{"type":"LineString","coordinates":[[-70.38732,-23.58712],[-70.38745,-23.58713]]}},{"type":"Feature","properties":{"nombre":"Cabo Juan Bolívar","jerarquia":5},"geometry":{"type":"LineString","coordinates":[[-70.38745,-23.58713],[-70.38764,-23.58715]]}},{"type":"Feature","properties":{"nombre":"Cabo Juan Bolívar","jerarquia":5},"geometry":{"type":"LineString","coordinates":[[-70.38764,-23.58715],[-70.38785,-23.58716]]}},{"type":"Feature","properties":{"nombre":"Cabo Juan Bolívar","jerarquia":5},"geometry":{"type":"LineString","coordinates":[[-70.38785,-23.58716],[-70.38807,-23.58718]]}},{"type":"Feature","properties":{"nombre":"Cabo Juan Bolívar","jerarquia":5},"geometry":{"type":"LineString","coordinates":[[-70.38807,-23.58718],[-70.38826,-23.58719]]}},{"type":"Feature","properties":{"nombre":"Cabo Juan Bolívar","jerarquia":5},"geometry":{"type":"LineString","coordinates":[[-70.38826,-23.58719],[-70.38837,-23.5872]]}},{"type":"Feature","properties":{"nombre":"Cabo Juan Bolívar","jerarquia":5},"geometry":{"type":"LineString","coordinates":[[-70.38837,-23.5872],[-70.38873,-23.58723]]}},{"type":"Feature","properties":{"nombre":"Cabo Juan Bolívar","jerarquia":5},"geometry":{"type":"LineString","coordinates":[[-70.38873,-23.58723],[-70.38917,-23.58726]]}},{"type":"Feature","properties":{"nombre":"Cabo Juan Bolívar","jerarquia":5},"geometry":{"type":"LineString","coordinates":[[-70.38917,-23.58726],[-70.3895,-23.58729]]}},{"type":"Feature","properties":{"nombre":"Cabo Juan Bolívar","jerarquia":5},"geometry":{"type":"LineString","coordinates":[[-70.3895,-23.58729],[-70.38988,-23.58732]]}},{"type":"Feature","properties":{"nombre":"Cabo Juan Bolívar","jerarquia":5},"geometry":{"type":"LineString","coordinates":[[-70.38988,-23.58732],[-70.38997,-23.58732]]}},{"type":"Feature","properties":{"nombre":"Cabo Juan Bolívar","jerarquia":5},"geometry":{"type":"LineString","coordinates":[[-70.38997,-23.58732],[-70.39009,-23.58733]]}},{"type":"Feature","properties":{"nombre":"Iquique","jerarquia":3},"geometry":{"type":"LineString","coordinates":[[-70.39413,-23.6286],[-70.39408,-23.62967]]}},{"type":"Feature","properties":{"nombre":"Iquique","jerarquia":3},"geometry":{"type":"LineString","coordinates":[[-70.39408,-23.62967],[-70.39402,-23.63104]]}},{"type":"Feature","properties":{"nombre":"Iquique","jerarquia":3},"geometry":{"type":"LineString","coordinates":[[-70.39402,-23.63104],[-70.39401,-23.63134]]}},{"type":"Feature","properties":{"nombre":"Iquique","jerarquia":3},"geometry":{"type":"LineString","coordinates":[[-70.39401,-23.63134],[-70.394,-23.63147]]}},{"type":"Feature","properties":{"nombre":"Iquique","jerarquia":3},"geometry":{"type":"LineString","coordinates":[[-70.394,-23.63147],[-70.39395,-23.63252]]}},{"type":"Feature","properties":{"nombre":"Iquique","jerarquia":3},"geometry":{"type":"LineString","coordinates":[[-70.39395,-23.63252],[-70.39392,-23.63306]]}},{"type":"Feature","properties":{"nombre":"Iquique","jerarquia":3},"geometry":{"type":"LineString","coordinates":[[-70.39392,-23.63306],[-70.39389,-23.63361]]}},{"type":"Feature","properties":{"nombre":"Iquique","jerarquia":3},"geometry":{"type":"LineString","coordinates":[[-70.39389,-23.63361],[-70.39385,-23.63441]]}},{"type":"Feature","properties":{"nombre":"Iquique","jerarquia":3},"geometry":{"type":"LineString","coordinates":[[-70.39385,-23.63441],[-70.39384,-23.63453]]}},{"type":"Feature","properties":{"nombre":"Iquique","jerarquia":3},"geometry":{"type":"LineString","coordinates":[[-70.39384,-23.63453],[-70.39377,-23.6357]]}},{"type":"Feature","properties":{"nombre":"Iquique","jerarquia":3},"geometry":{"type":"LineString","coordinates":[[-70.39377,-23.6357],[-70.39377,-23.63576]]}},{"type":"Feature","properties":{"nombre":"Iquique","jerarquia":3},"geometry":{"type":"LineString","coordinates":[[-70.39377,-23.63576],[-70.3937,-23.63685]]}},{"type":"Feature","properties":{"nombre":"Iquique","jerarquia":3},"geometry":{"type":"LineString","coordinates":[[-70.3937,-23.63685],[-70.39364,-23.63748]]}},{"type":"Feature","properties":{"nombre":"Iquique","jerarquia":3},"geometry":{"type":"LineString","coordinates":[[-70.39364,-23.63748],[-70.39362,-23.63778]]}},{"type":"Feature","properties":{"nombre":"Iquique","jerarquia":3},"geometry":{"type":"LineString","coordinates":[[-70.39362,-23.63778],[-70.39361,-23.63791]]}},{"type":"Feature","properties":{"nombre":"Iquique","jerarquia":3},"geometry":{"type":"LineString","coordinates":[[-70.39361,-23.63791],[-70.39355,-23.63858]]}},{"type":"Feature","properties":{"nombre":"Iquique","jerarquia":3},"geometry":{"type":"LineString","coordinates":[[-70.39355,-23.63858],[-70.39346,-23.63975]]}},{"type":"Feature","properties":{"nombre":"Iquique","jerarquia":3},"geometry":{"type":"LineString","coordinates":[[-70.39346,-23.63975],[-70.39351,-23.64079],[-70.39372,-23.64287]]}},{"type":"Feature","properties":{"nombre":"Avenida Argentina","jerarquia":3},"geometry":{"type":"LineString","coordinates":[[-70.40183,-23.67377],[-70.40098,-23.67279],[-70.40069,-23.67239],[-70.39967,-23.67044]]}},{"type":"Feature","properties":{"nombre":"Avenida Argentina","jerarquia":3},"geometry":{"type":"LineString","coordinates":[[-70.39967,-23.67044],[-70.39923,-23.66934],[-70.39894,-23.66833]]}},{"type":"Feature","properties":{"nombre":"Avenida Argentina","jerarquia":3},"geometry":{"type":"LineString","coordinates":[[-70.39894,-23.66833],[-70.39887,-23.66774]]}},{"type":"Feature","properties":{"nombre":"Avenida Argentina","jerarquia":3},"geometry":{"type":"LineString","coordinates":[[-70.39887,-23.66774],[-70.39888,-23.6673]]}},{"type":"Feature","properties":{"nombre":"Avenida Argentina","jerarquia":3},"geometry":{"type":"LineString","coordinates":[[-70.39888,-23.6673],[-70.39893,-23.66682]]}},{"type":"Feature","properties":{"nombre":"Avenida Argentina","jerarquia":3},"geometry":{"type":"LineString","coordinates":[[-70.39893,-23.66682],[-70.39898,-23.66616],[-70.39884,-23.66569]]}},{"type":"Feature","properties":{"nombre":"Avenida Argentina","jerarquia":3},"geometry":{"type":"LineString","coordinates":[[-70.39884,-23.66569],[-70.39837,-23.66501]]}},{"type":"Feature","properties":{"nombre":"Avenida Argentina","jerarquia":3},"geometry":{"type":"LineString","coordinates":[[-70.39837,-23.66501],[-70.39829,-23.66489]]}},{"type":"Feature","properties":{"nombre":"Homero Ávila","jerarquia":4},"geometry":{"type":"LineString","coordinates":[[-70.40643,-23.67184],[-70.40513,-23.67237]]}},{"type":"Feature","properties":{"nombre":"Homero Ávila","jerarquia":4},"geometry":{"type":"LineString","coordinates":[[-70.40513,-23.67237],[-70.40396,-23.67287]]}},{"type":"Feature","properties":{"nombre":"Homero Ávila","jerarquia":4},"geometry":{"type":"LineString","coordinates":[[-70.40396,-23.67287],[-70.40343,-23.67309]]}},{"type":"Feature","properties":{"nombre":"Homero Ávila","jerarquia":4},"geometry":{"type":"LineString","coordinates":[[-70.40343,-23.67309],[-70.40289,-23.67334]]}},{"type":"Feature","properties":{"nombre":"21 de Mayo","jerarquia":4},"geometry":{"type":"LineString","coordinates":[[-70.39934,-23.65389],[-70.40012,-23.65305]]}},{"type":"Feature","properties":{"nombre":"21 de Mayo","jerarquia":4},"geometry":{"type":"LineString","coordinates":[[-70.40012,-23.65305],[-70.40088,-23.65223]]}},{"type":"Feature","properties":{"nombre":"21 de Mayo","jerarquia":4},"geometry":{"type":"LineString","coordinates":[[-70.40088,-23.65223],[-70.40162,-23.65142]]}},{"type":"Feature","properties":{"nombre":"21 de Mayo","jerarquia":4},"geometry":{"type":"LineString","coordinates":[[-70.40162,-23.65142],[-70.40247,-23.65051]]}},{"type":"Feature","properties":{"nombre":"21 de Mayo","jerarquia":4},"geometry":{"type":"LineString","coordinates":[[-70.40247,-23.65051],[-70.40257,-23.6504]]}},{"type":"Feature","properties":{"nombre":"21 de Mayo","jerarquia":4},"geometry":{"type":"LineString","coordinates":[[-70.40257,-23.6504],[-70.40281,-23.65014]]}},{"type":"Feature","properties":{"nombre":"Díaz Gana","jerarquia":5},"geometry":{"type":"LineString","coordinates":[[-70.39829,-23.66489],[-70.39784,-23.6649]]}},{"type":"Feature","properties":{"nombre":"Díaz Gana","jerarquia":5},"geometry":{"type":"LineString","coordinates":[[-70.39784,-23.6649],[-70.39729,-23.66492]]}},{"type":"Feature","properties":{"nombre":"Díaz Gana","jerarquia":5},"geometry":{"type":"LineString","coordinates":[[-70.39729,-23.66492],[-70.39619,-23.66496]]}},{"type":"Feature","properties":{"nombre":"Díaz Gana","jerarquia":5},"geometry":{"type":"LineString","coordinates":[[-70.39619,-23.66496],[-70.39546,-23.66497]]}},{"type":"Feature","properties":{"nombre":"Díaz Gana","jerarquia":5},"geometry":{"type":"LineString","coordinates":[[-70.39546,-23.66497],[-70.39532,-23.66495]]}},{"type":"Feature","properties":{"nombre":"Avenida Argentina","jerarquia":3},"geometry":{"type":"LineString","coordinates":[[-70.40941,-23.68256],[-70.40959,-23.68282],[-70.40966,-23.68336]]}},{"type":"Feature","properties":{"nombre":"Avenida Argentina","jerarquia":3},"geometry":{"type":"LineString","coordinates":[[-70.40966,-23.68336],[-70.40966,-23.68449]]}},{"type":"Feature","properties":{"nombre":"Avenida Argentina","jerarquia":3},"geometry":{"type":"LineString","coordinates":[[-70.40966,-23.68449],[-70.4097,-23.68483]]}},{"type":"Feature","properties":{"nombre":"Avenida Argentina","jerarquia":3},"geometry":{"type":"LineString","coordinates":[[-70.4097,-23.68483],[-70.4099,-23.68545]]}},{"type":"Feature","properties":{"nombre":"Avenida Argentina","jerarquia":3},"geometry":{"type":"LineString","coordinates":[[-70.4099,-23.68545],[-70.41,-23.68595]]}},{"type":"Feature","properties":{"nombre":"Avenida Argentina","jerarquia":3},"geometry":{"type":"LineString","coordinates":[[-70.41,-23.68595],[-70.41009,-23.68771]]}},{"type":"Feature","properties":{"nombre":"Avenida Argentina","jerarquia":3},"geometry":{"type":"LineString","coordinates":[[-70.41009,-23.68771],[-70.41012,-23.68814]]}},{"type":"Feature","properties":{"nombre":"Avenida Argentina","jerarquia":3},"geometry":{"type":"LineString","coordinates":[[-70.41012,-23.68814],[-70.41013,-23.68851]]}},{"type":"Feature","properties":{"nombre":"Avenida Argentina","jerarquia":3},"geometry":{"type":"LineString","coordinates":[[-70.41013,-23.68851],[-70.41015,-23.68895]]}},{"type":"Feature","properties":{"nombre":"Avenida Argentina","jerarquia":3},"geometry":{"type":"LineString","coordinates":[[-70.41015,-23.68895],[-70.41016,-23.6894]]}},{"type":"Feature","properties":{"nombre":"Avenida Argentina","jerarquia":3},"geometry":{"type":"LineString","coordinates":[[-70.41016,-23.6894],[-70.41016,-23.68995]]}},{"type":"Feature","properties":{"nombre":"Avenida Argentina","jerarquia":3},"geometry":{"type":"LineString","coordinates":[[-70.41016,-23.68995],[-70.41016,-23.69026]]}},{"type":"Feature","properties":{"nombre":"Avenida Argentina","jerarquia":3},"geometry":{"type":"LineString","coordinates":[[-70.41016,-23.69026],[-70.41016,-23.69045]]}},{"type":"Feature","properties":{"nombre":"Avenida Argentina","jerarquia":3},"geometry":{"type":"LineString","coordinates":[[-70.41016,-23.69045],[-70.41017,-23.69097]]}},{"type":"Feature","properties":{"nombre":"Avenida Argentina","jerarquia":3},"geometry":{"type":"LineString","coordinates":[[-70.41017,-23.69097],[-70.41017,-23.69118]]}},{"type":"Feature","properties":{"nombre":"Avenida Argentina","jerarquia":3},"geometry":{"type":"LineString","coordinates":[[-70.39829,-23.66489],[-70.39757,-23.66381]]}},{"type":"Feature","properties":{"nombre":"Avenida Argentina","jerarquia":3},"geometry":{"type":"LineString","coordinates":[[-70.39757,-23.66381],[-70.39703,-23.66275]]}},{"type":"Feature","properties":{"nombre":"Avenida Argentina","jerarquia":3},"geometry":{"type":"LineString","coordinates":[[-70.39703,-23.66275],[-70.39659,-23.66176]]}},{"type":"Feature","properties":{"nombre":"Avenida Argentina","jerarquia":3},"geometry":{"type":"LineString","coordinates":[[-70.39659,-23.66176],[-70.39657,-23.66171]]}},{"type":"Feature","properties":{"nombre":"Avenida Argentina","jerarquia":3},"geometry":{"type":"LineString","coordinates":[[-70.39657,-23.66171],[-70.39644,-23.66135]]}},{"type":"Feature","properties":{"nombre":"Avenida Argentina","jerarquia":3},"geometry":{"type":"LineString","coordinates":[[-70.39644,-23.66135],[-70.39636,-23.66079]]}},{"type":"Feature","properties":{"nombre":"Avenida Argentina","jerarquia":3},"geometry":{"type":"LineString","coordinates":[[-70.39636,-23.66079],[-70.39635,-23.66063]]}},{"type":"Feature","properties":{"nombre":"Avenida Argentina","jerarquia":3},"geometry":{"type":"LineString","coordinates":[[-70.39635,-23.66063],[-70.39623,-23.65912]]}},{"type":"Feature","properties":{"nombre":"Avenida Argentina","jerarquia":3},"geometry":{"type":"LineString","coordinates":[[-70.39623,-23.65912],[-70.39622,-23.65905]]}},{"type":"Feature","properties":{"nombre":"Avenida Angamos","jerarquia":4},"geometry":{"type":"LineString","coordinates":[[-70.41639,-23.69482],[-70.41636,-23.69478]]}},{"type":"Feature","properties":{"nombre":"Avenida Angamos","jerarquia":4},"geometry":{"type":"LineString","coordinates":[[-70.41636,-23.69478],[-70.41608,-23.69446],[-70.41594,-23.6942],[-70.41579,-23.69333],[-70.41565,-23.69285]]}},{"type":"Feature","properties":{"nombre":"Avenida Angamos","jerarquia":4},"geometry":{"type":"LineString","coordinates":[[-70.41565,-23.69285],[-70.41489,-23.6906],[-70.41483,-23.69017],[-70.41483,-23.68948],[-70.41406,-23.68699]]}},{"type":"Feature","properties":{"nombre":"Avenida Angamos","jerarquia":4},"geometry":{"type":"LineString","coordinates":[[-70.41406,-23.68699],[-70.41402,-23.68687]]}},{"type":"Feature","properties":{"nombre":"Avenida Angamos","jerarquia":4},"geometry":{"type":"LineString","coordinates":[[-70.41402,-23.68687],[-70.41399,-23.68679]]}},{"type":"Feature","properties":{"nombre":"Avenida Angamos","jerarquia":4},"geometry":{"type":"LineString","coordinates":[[-70.41399,-23.68679],[-70.41375,-23.68602]]}},{"type":"Feature","properties":{"nombre":"Avenida Ejército","jerarquia":2},"geometry":{"type":"LineString","coordinates":[[-70.42056,-23.69105],[-70.41968,-23.68843],[-70.41932,-23.68776],[-70.41885,-23.68711]]}},{"type":"Feature","properties":{"nombre":"Avenida Ejército","jerarquia":2},"geometry":{"type":"LineString","coordinates":[[-70.41885,-23.68711],[-70.41574,-23.68384]]}},{"type":"Feature","properties":{"nombre":"Avenida Ejército","jerarquia":2},"geometry":{"type":"LineString","coordinates":[[-70.41574,-23.68384],[-70.4149,-23.683]]}},{"type":"Feature","properties":{"nombre":"Avenida Ejército","jerarquia":2},"geometry":{"type":"LineString","coordinates":[[-70.4149,-23.683],[-70.41482,-23.68291]]}},{"type":"Feature","properties":{"nombre":"Gladys Marín","jerarquia":5},"geometry":{"type":"LineString","coordinates":[[-70.39729,-23.5226],[-70.39743,-23.52266]]}},{"type":"Feature","properties":{"nombre":"Gladys Marín","jerarquia":5},"geometry":{"type":"LineString","coordinates":[[-70.39743,-23.52266],[-70.39771,-23.52288]]}},{"type":"Feature","properties":{"nombre":"Gladys Marín","jerarquia":5},"geometry":{"type":"LineString","coordinates":[[-70.39771,-23.52288],[-70.39786,-23.52312],[-70.39829,-23.52428]]}},{"type":"Feature","properties":{"nombre":"Oficina Petronila","jerarquia":5},"geometry":{"type":"LineString","coordinates":[[-70.39492,-23.56232],[-70.39583,-23.56241]]}},{"type":"Feature","properties":{"nombre":"Oficina Petronila","jerarquia":5},"geometry":{"type":"LineString","coordinates":[[-70.39583,-23.56241],[-70.39662,-23.56249]]}},{"type":"Feature","properties":{"nombre":"Oficina Petronila","jerarquia":5},"geometry":{"type":"LineString","coordinates":[[-70.39662,-23.56249],[-70.39743,-23.56256]]}},{"type":"Feature","properties":{"nombre":"Oficina Petronila","jerarquia":5},"geometry":{"type":"LineString","coordinates":[[-70.39743,-23.56256],[-70.39769,-23.56259]]}},{"type":"Feature","properties":{"nombre":"Teniente Luis Uribe","jerarquia":5},"geometry":{"type":"LineString","coordinates":[[-70.39658,-23.65342],[-70.39756,-23.65243]]}},{"type":"Feature","properties":{"nombre":"Teniente Luis Uribe","jerarquia":5},"geometry":{"type":"LineString","coordinates":[[-70.39756,-23.65243],[-70.39835,-23.65162]]}},{"type":"Feature","properties":{"nombre":"Teniente Luis Uribe","jerarquia":5},"geometry":{"type":"LineString","coordinates":[[-70.39835,-23.65162],[-70.39912,-23.65083]]}},{"type":"Feature","properties":{"nombre":"Teniente Luis Uribe","jerarquia":5},"geometry":{"type":"LineString","coordinates":[[-70.39912,-23.65083],[-70.39989,-23.65005]]}},{"type":"Feature","properties":{"nombre":"Teniente Luis Uribe","jerarquia":5},"geometry":{"type":"LineString","coordinates":[[-70.39989,-23.65005],[-70.4007,-23.64921]]}},{"type":"Feature","properties":{"nombre":"Teniente Luis Uribe","jerarquia":5},"geometry":{"type":"LineString","coordinates":[[-70.4007,-23.64921],[-70.40134,-23.64856]]}},{"type":"Feature","properties":{"nombre":"Teniente Luis Uribe","jerarquia":5},"geometry":{"type":"LineString","coordinates":[[-70.40134,-23.64856],[-70.40146,-23.64844]]}},{"type":"Feature","properties":{"nombre":"Teniente Luis Uribe","jerarquia":5},"geometry":{"type":"LineString","coordinates":[[-70.40146,-23.64844],[-70.40224,-23.64764]]}},{"type":"Feature","properties":{"nombre":"Teniente Luis Uribe","jerarquia":5},"geometry":{"type":"LineString","coordinates":[[-70.40224,-23.64764],[-70.40229,-23.64759]]}},{"type":"Feature","properties":{"nombre":"Teniente Luis Uribe","jerarquia":5},"geometry":{"type":"LineString","coordinates":[[-70.40229,-23.64759],[-70.40243,-23.64745]]}},{"type":"Feature","properties":{"nombre":"Nicolás Tirado","jerarquia":4},"geometry":{"type":"LineString","coordinates":[[-70.39529,-23.59234],[-70.39444,-23.59232]]}},{"type":"Feature","properties":{"nombre":"Nicolás Tirado","jerarquia":4},"geometry":{"type":"LineString","coordinates":[[-70.39444,-23.59232],[-70.39417,-23.59231]]}},{"type":"Feature","properties":{"nombre":"Nicolás Tirado","jerarquia":4},"geometry":{"type":"LineString","coordinates":[[-70.39417,-23.59231],[-70.39325,-23.59229]]}},{"type":"Feature","properties":{"nombre":"Nicolás Tirado","jerarquia":4},"geometry":{"type":"LineString","coordinates":[[-70.39325,-23.59229],[-70.39317,-23.59229]]}},{"type":"Feature","properties":{"nombre":"Nicolás Tirado","jerarquia":4},"geometry":{"type":"LineString","coordinates":[[-70.39317,-23.59229],[-70.39162,-23.59224]]}},{"type":"Feature","properties":{"nombre":"Nicolás Tirado","jerarquia":4},"geometry":{"type":"LineString","coordinates":[[-70.39162,-23.59224],[-70.39057,-23.59219]]}},{"type":"Feature","properties":{"nombre":"Nicolás Tirado","jerarquia":4},"geometry":{"type":"LineString","coordinates":[[-70.39057,-23.59219],[-70.38977,-23.592]]}},{"type":"Feature","properties":{"nombre":"Los Pimientos","jerarquia":4},"geometry":{"type":"LineString","coordinates":[[-70.39074,-23.5917],[-70.39103,-23.59172]]}},{"type":"Feature","properties":{"nombre":"Los Pimientos","jerarquia":4},"geometry":{"type":"LineString","coordinates":[[-70.39103,-23.59172],[-70.39179,-23.59178]]}},{"type":"Feature","properties":{"nombre":"Los Pimientos","jerarquia":4},"geometry":{"type":"LineString","coordinates":[[-70.39179,-23.59178],[-70.39224,-23.59182]]}},{"type":"Feature","properties":{"nombre":"Los Pimientos","jerarquia":4},"geometry":{"type":"LineString","coordinates":[[-70.39224,-23.59182],[-70.39276,-23.59186]]}},{"type":"Feature","properties":{"nombre":"Los Pimientos","jerarquia":4},"geometry":{"type":"LineString","coordinates":[[-70.39276,-23.59186],[-70.39318,-23.5919]]}},{"type":"Feature","properties":{"nombre":"Los Pimientos","jerarquia":4},"geometry":{"type":"LineString","coordinates":[[-70.39318,-23.5919],[-70.39327,-23.5919]]}},{"type":"Feature","properties":{"nombre":"Los Pimientos","jerarquia":4},"geometry":{"type":"LineString","coordinates":[[-70.39327,-23.5919],[-70.39382,-23.59194]]}},{"type":"Feature","properties":{"nombre":"Los Pimientos","jerarquia":4},"geometry":{"type":"LineString","coordinates":[[-70.39382,-23.59194],[-70.39428,-23.59198]]}},{"type":"Feature","properties":{"nombre":"Los Pimientos","jerarquia":4},"geometry":{"type":"LineString","coordinates":[[-70.39428,-23.59198],[-70.39456,-23.592]]}},{"type":"Feature","properties":{"nombre":"Los Pimientos","jerarquia":4},"geometry":{"type":"LineString","coordinates":[[-70.39456,-23.592],[-70.39479,-23.59201],[-70.39503,-23.59194]]}},{"type":"Feature","properties":{"nombre":"Los Pimientos","jerarquia":4},"geometry":{"type":"LineString","coordinates":[[-70.39503,-23.59194],[-70.3964,-23.59154]]}},{"type":"Feature","properties":{"nombre":"Los Pimientos","jerarquia":4},"geometry":{"type":"LineString","coordinates":[[-70.3964,-23.59154],[-70.39648,-23.59151]]}},{"type":"Feature","properties":{"nombre":"Los Pimientos","jerarquia":4},"geometry":{"type":"LineString","coordinates":[[-70.39648,-23.59151],[-70.39657,-23.59148]]}},{"type":"Feature","properties":{"nombre":"21 de Mayo","jerarquia":5},"geometry":{"type":"LineString","coordinates":[[-70.39609,-23.65747],[-70.39617,-23.65739]]}},{"type":"Feature","properties":{"nombre":"21 de Mayo","jerarquia":5},"geometry":{"type":"LineString","coordinates":[[-70.39617,-23.65739],[-70.39658,-23.65691]]}},{"type":"Feature","properties":{"nombre":"21 de Mayo","jerarquia":5},"geometry":{"type":"LineString","coordinates":[[-70.39658,-23.65691],[-70.39695,-23.65651]]}},{"type":"Feature","properties":{"nombre":"21 de Mayo","jerarquia":5},"geometry":{"type":"LineString","coordinates":[[-70.39695,-23.65651],[-70.39753,-23.65588]]}},{"type":"Feature","properties":{"nombre":"21 de Mayo","jerarquia":5},"geometry":{"type":"LineString","coordinates":[[-70.39753,-23.65588],[-70.39794,-23.65543]]}},{"type":"Feature","properties":{"nombre":"21 de Mayo","jerarquia":5},"geometry":{"type":"LineString","coordinates":[[-70.39794,-23.65543],[-70.3983,-23.65503]]}},{"type":"Feature","properties":{"nombre":"21 de Mayo","jerarquia":5},"geometry":{"type":"LineString","coordinates":[[-70.3983,-23.65503],[-70.39934,-23.65389]]}},{"type":"Feature","properties":{"nombre":"José Santos Ossa","jerarquia":5},"geometry":{"type":"LineString","coordinates":[[-70.39756,-23.65243],[-70.39673,-23.65175]]}},{"type":"Feature","properties":{"nombre":"José Santos Ossa","jerarquia":5},"geometry":{"type":"LineString","coordinates":[[-70.39673,-23.65175],[-70.39589,-23.65106]]}},{"type":"Feature","properties":{"nombre":"José Santos Ossa","jerarquia":5},"geometry":{"type":"LineString","coordinates":[[-70.39589,-23.65106],[-70.39504,-23.65035]]}},{"type":"Feature","properties":{"nombre":"José Santos Ossa","jerarquia":5},"geometry":{"type":"LineString","coordinates":[[-70.39504,-23.65035],[-70.39417,-23.64965]]}},{"type":"Feature","properties":{"nombre":"José Santos Ossa","jerarquia":5},"geometry":{"type":"LineString","coordinates":[[-70.39417,-23.64965],[-70.39332,-23.64894]]}},{"type":"Feature","properties":{"nombre":"José Santos Ossa","jerarquia":5},"geometry":{"type":"LineString","coordinates":[[-70.39332,-23.64894],[-70.39296,-23.64865]]}},{"type":"Feature","properties":{"nombre":"José Santos Ossa","jerarquia":5},"geometry":{"type":"LineString","coordinates":[[-70.39296,-23.64865],[-70.39288,-23.64857]]}},{"type":"Feature","properties":{"nombre":"Avenida Pedro Aguirre Cerda","jerarquia":3},"geometry":{"type":"LineString","coordinates":[[-70.39137,-23.55545],[-70.39123,-23.55908]]}},{"type":"Feature","properties":{"nombre":"Avenida Pedro Aguirre Cerda","jerarquia":3},"geometry":{"type":"LineString","coordinates":[[-70.39123,-23.55908],[-70.39122,-23.55924]]}},{"type":"Feature","properties":{"nombre":"Avenida Pedro Aguirre Cerda","jerarquia":3},"geometry":{"type":"LineString","coordinates":[[-70.39122,-23.55924],[-70.39116,-23.56084]]}},{"type":"Feature","properties":{"nombre":"Avenida Pedro Aguirre Cerda","jerarquia":3},"geometry":{"type":"LineString","coordinates":[[-70.39116,-23.56084],[-70.39112,-23.56222]]}},{"type":"Feature","properties":{"nombre":"Iquique","jerarquia":3},"geometry":{"type":"LineString","coordinates":[[-70.39291,-23.62525],[-70.39266,-23.62486],[-70.39256,-23.62458],[-70.39248,-23.6234]]}},{"type":"Feature","properties":{"nombre":"Carlos Condell","jerarquia":4},"geometry":{"type":"LineString","coordinates":[[-70.40258,-23.6536],[-70.40228,-23.65335]]}},{"type":"Feature","properties":{"nombre":"Carlos Condell","jerarquia":4},"geometry":{"type":"LineString","coordinates":[[-70.40228,-23.65335],[-70.40178,-23.65295]]}},{"type":"Feature","properties":{"nombre":"Carlos Condell","jerarquia":4},"geometry":{"type":"LineString","coordinates":[[-70.40178,-23.65295],[-70.40144,-23.65268]]}},{"type":"Feature","properties":{"nombre":"Carlos Condell","jerarquia":4},"geometry":{"type":"LineString","coordinates":[[-70.40144,-23.65268],[-70.40118,-23.65247]]}},{"type":"Feature","properties":{"nombre":"Carlos Condell","jerarquia":4},"geometry":{"type":"LineString","coordinates":[[-70.40118,-23.65247],[-70.40088,-23.65223]]}},{"type":"Feature","properties":{"nombre":"Carlos Condell","jerarquia":4},"geometry":{"type":"LineString","coordinates":[[-70.40088,-23.65223],[-70.40002,-23.65154]]}},{"type":"Feature","properties":{"nombre":"Carlos Condell","jerarquia":4},"geometry":{"type":"LineString","coordinates":[[-70.40002,-23.65154],[-70.39912,-23.65083]]}},{"type":"Feature","properties":{"nombre":"Carlos Condell","jerarquia":4},"geometry":{"type":"LineString","coordinates":[[-70.39912,-23.65083],[-70.39826,-23.65014]]}},{"type":"Feature","properties":{"nombre":"Carlos Condell","jerarquia":4},"geometry":{"type":"LineString","coordinates":[[-70.39826,-23.65014],[-70.3974,-23.64945]]}},{"type":"Feature","properties":{"nombre":"Carlos Condell","jerarquia":4},"geometry":{"type":"LineString","coordinates":[[-70.3974,-23.64945],[-70.39654,-23.64877]]}},{"type":"Feature","properties":{"nombre":"Carlos Condell","jerarquia":4},"geometry":{"type":"LineString","coordinates":[[-70.39654,-23.64877],[-70.39565,-23.64806]]}},{"type":"Feature","properties":{"nombre":"Carlos Condell","jerarquia":4},"geometry":{"type":"LineString","coordinates":[[-70.39565,-23.64806],[-70.39479,-23.64737]]}},{"type":"Feature","properties":{"nombre":"Carlos Condell","jerarquia":4},"geometry":{"type":"LineString","coordinates":[[-70.39479,-23.64737],[-70.39392,-23.64667]]}},{"type":"Feature","properties":{"nombre":"Avenida Mejillones","jerarquia":5},"geometry":{"type":"LineString","coordinates":[[-70.39153,-23.62551],[-70.39211,-23.62649]]}},{"type":"Feature","properties":{"nombre":"Avenida Mejillones","jerarquia":5},"geometry":{"type":"LineString","coordinates":[[-70.39211,-23.62649],[-70.39217,-23.62656]]}},{"type":"Feature","properties":{"nombre":"Avenida Mejillones","jerarquia":5},"geometry":{"type":"LineString","coordinates":[[-70.39217,-23.62656],[-70.39228,-23.62674],[-70.39249,-23.62743]]}},{"type":"Feature","properties":{"nombre":"Avenida Pedro Aguirre Cerda","jerarquia":3},"geometry":{"type":"LineString","coordinates":[[-70.38991,-23.58801],[-70.38993,-23.58786]]}},{"type":"Feature","properties":{"nombre":"Avenida Pedro Aguirre Cerda","jerarquia":3},"geometry":{"type":"LineString","coordinates":[[-70.38993,-23.58786],[-70.38997,-23.58732]]}},{"type":"Feature","properties":{"nombre":"Avenida Pedro Aguirre Cerda","jerarquia":3},"geometry":{"type":"LineString","coordinates":[[-70.38997,-23.58732],[-70.39026,-23.58396]]}},{"type":"Feature","properties":{"nombre":"Avenida Pedro Aguirre Cerda","jerarquia":3},"geometry":{"type":"LineString","coordinates":[[-70.39026,-23.58396],[-70.39027,-23.58386]]}},{"type":"Feature","properties":{"nombre":"Avenida Pedro Aguirre Cerda","jerarquia":3},"geometry":{"type":"LineString","coordinates":[[-70.39027,-23.58386],[-70.39032,-23.58329]]}},{"type":"Feature","properties":{"nombre":"Avenida Argentina","jerarquia":3},"geometry":{"type":"LineString","coordinates":[[-70.39303,-23.64349],[-70.39362,-23.64286]]}},{"type":"Feature","properties":{"nombre":"Avenida El Yodo","jerarquia":5},"geometry":{"type":"LineString","coordinates":[[-70.3931,-23.59452],[-70.39312,-23.5938]]}},{"type":"Feature","properties":{"nombre":"Avenida El Yodo","jerarquia":5},"geometry":{"type":"LineString","coordinates":[[-70.39312,-23.5938],[-70.39315,-23.59279]]}},{"type":"Feature","properties":{"nombre":"Avenida El Yodo","jerarquia":5},"geometry":{"type":"LineString","coordinates":[[-70.39315,-23.59279],[-70.39316,-23.5924]]}},{"type":"Feature","properties":{"nombre":"Avenida El Yodo","jerarquia":5},"geometry":{"type":"LineString","coordinates":[[-70.39316,-23.5924],[-70.39317,-23.59229]]}},{"type":"Feature","properties":{"nombre":"Avenida Angamos","jerarquia":4},"geometry":{"type":"LineString","coordinates":[[-70.4059,-23.67075],[-70.40566,-23.67027]]}},{"type":"Feature","properties":{"nombre":"Avenida Angamos","jerarquia":4},"geometry":{"type":"LineString","coordinates":[[-70.40566,-23.67027],[-70.40501,-23.66895]]}},{"type":"Feature","properties":{"nombre":"Avenida Angamos","jerarquia":4},"geometry":{"type":"LineString","coordinates":[[-70.40501,-23.66895],[-70.40424,-23.66737]]}},{"type":"Feature","properties":{"nombre":"Avenida Angamos","jerarquia":4},"geometry":{"type":"LineString","coordinates":[[-70.40424,-23.66737],[-70.40389,-23.66667]]}},{"type":"Feature","properties":{"nombre":"Avenida Angamos","jerarquia":4},"geometry":{"type":"LineString","coordinates":[[-70.40389,-23.66667],[-70.40365,-23.6662]]}},{"type":"Feature","properties":{"nombre":"Avenida Angamos","jerarquia":4},"geometry":{"type":"LineString","coordinates":[[-70.40365,-23.6662],[-70.40359,-23.66608]]}},{"type":"Feature","properties":{"nombre":"Avenida Angamos","jerarquia":4},"geometry":{"type":"LineString","coordinates":[[-70.40359,-23.66608],[-70.40356,-23.666]]}},{"type":"Feature","properties":{"nombre":"Avenida El Yodo","jerarquia":5},"geometry":{"type":"LineString","coordinates":[[-70.39317,-23.59229],[-70.39317,-23.59197]]}},{"type":"Feature","properties":{"nombre":"Avenida El Yodo","jerarquia":5},"geometry":{"type":"LineString","coordinates":[[-70.39317,-23.59197],[-70.39318,-23.5919]]}},{"type":"Feature","properties":{"nombre":"Avenida Universidad de Antofagasta","jerarquia":4},"geometry":{"type":"LineString","coordinates":[[-70.42274,-23.7001],[-70.42252,-23.6995]]}},{"type":"Feature","properties":{"nombre":"Avenida Universidad de Antofagasta","jerarquia":4},"geometry":{"type":"LineString","coordinates":[[-70.42252,-23.6995],[-70.42227,-23.69877]]}},{"type":"Feature","properties":{"nombre":"Avenida Universidad de Antofagasta","jerarquia":4},"geometry":{"type":"LineString","coordinates":[[-70.42315,-23.70096],[-70.42347,-23.70187]]}},{"type":"Feature","properties":{"nombre":"Avenida Universidad de Antofagasta","jerarquia":4},"geometry":{"type":"LineString","coordinates":[[-70.42347,-23.70187],[-70.42395,-23.70322],[-70.42425,-23.70493]]}},{"type":"Feature","properties":{"nombre":"Juvenal Morla","jerarquia":5},"geometry":{"type":"LineString","coordinates":[[-70.38198,-23.59918],[-70.38083,-23.59924]]}},{"type":"Feature","properties":{"nombre":"Juvenal Morla","jerarquia":5},"geometry":{"type":"LineString","coordinates":[[-70.38083,-23.59924],[-70.38036,-23.59926]]}},{"type":"Feature","properties":{"nombre":"Juvenal Morla","jerarquia":5},"geometry":{"type":"LineString","coordinates":[[-70.38036,-23.59926],[-70.37987,-23.59929]]}},{"type":"Feature","properties":{"nombre":"Juvenal Morla","jerarquia":5},"geometry":{"type":"LineString","coordinates":[[-70.37987,-23.59929],[-70.3793,-23.59932]]}},{"type":"Feature","properties":{"nombre":"Juvenal Morla","jerarquia":5},"geometry":{"type":"LineString","coordinates":[[-70.3793,-23.59932],[-70.37902,-23.59933]]}},{"type":"Feature","properties":{"nombre":"Juvenal Morla","jerarquia":5},"geometry":{"type":"LineString","coordinates":[[-70.37902,-23.59933],[-70.37885,-23.59934]]}},{"type":"Feature","properties":{"nombre":"Juvenal Morla","jerarquia":5},"geometry":{"type":"LineString","coordinates":[[-70.37885,-23.59934],[-70.37853,-23.59936]]}},{"type":"Feature","properties":{"nombre":"Juvenal Morla","jerarquia":5},"geometry":{"type":"LineString","coordinates":[[-70.37853,-23.59936],[-70.3784,-23.59937]]}},{"type":"Feature","properties":{"nombre":"Juvenal Morla","jerarquia":5},"geometry":{"type":"LineString","coordinates":[[-70.3784,-23.59937],[-70.378,-23.59939]]}},{"type":"Feature","properties":{"nombre":"Juvenal Morla","jerarquia":5},"geometry":{"type":"LineString","coordinates":[[-70.378,-23.59939],[-70.3775,-23.59942]]}},{"type":"Feature","properties":{"nombre":"Juvenal Morla","jerarquia":5},"geometry":{"type":"LineString","coordinates":[[-70.3775,-23.59942],[-70.37718,-23.59944]]}},{"type":"Feature","properties":{"nombre":"Juvenal Morla","jerarquia":5},"geometry":{"type":"LineString","coordinates":[[-70.37718,-23.59944],[-70.37698,-23.59945]]}},{"type":"Feature","properties":{"nombre":"Juvenal Morla","jerarquia":5},"geometry":{"type":"LineString","coordinates":[[-70.37698,-23.59945],[-70.37676,-23.59946]]}},{"type":"Feature","properties":{"nombre":"General Óscar Bonilla","jerarquia":4},"geometry":{"type":"LineString","coordinates":[[-70.37977,-23.57558],[-70.37973,-23.57606]]}},{"type":"Feature","properties":{"nombre":"General Óscar Bonilla","jerarquia":4},"geometry":{"type":"LineString","coordinates":[[-70.37973,-23.57606],[-70.3797,-23.5764]]}},{"type":"Feature","properties":{"nombre":"General Óscar Bonilla","jerarquia":4},"geometry":{"type":"LineString","coordinates":[[-70.3797,-23.5764],[-70.3797,-23.57645]]}},{"type":"Feature","properties":{"nombre":"General Óscar Bonilla","jerarquia":4},"geometry":{"type":"LineString","coordinates":[[-70.3797,-23.57645],[-70.37967,-23.57678]]}},{"type":"Feature","properties":{"nombre":"General Óscar Bonilla","jerarquia":4},"geometry":{"type":"LineString","coordinates":[[-70.37967,-23.57678],[-70.37965,-23.57703]]}},{"type":"Feature","properties":{"nombre":"General Óscar Bonilla","jerarquia":4},"geometry":{"type":"LineString","coordinates":[[-70.37965,-23.57703],[-70.37964,-23.57723]]}},{"type":"Feature","properties":{"nombre":"General Óscar Bonilla","jerarquia":4},"geometry":{"type":"LineString","coordinates":[[-70.37964,-23.57723],[-70.3796,-23.5776]]}},{"type":"Feature","properties":{"nombre":"General Óscar Bonilla","jerarquia":4},"geometry":{"type":"LineString","coordinates":[[-70.3796,-23.5776],[-70.3796,-23.57764]]}},{"type":"Feature","properties":{"nombre":"General Óscar Bonilla","jerarquia":4},"geometry":{"type":"LineString","coordinates":[[-70.3796,-23.57764],[-70.37954,-23.57844]]}},{"type":"Feature","properties":{"nombre":"General Óscar Bonilla","jerarquia":4},"geometry":{"type":"LineString","coordinates":[[-70.37954,-23.57844],[-70.37948,-23.57913]]}},{"type":"Feature","properties":{"nombre":"General Óscar Bonilla","jerarquia":4},"geometry":{"type":"LineString","coordinates":[[-70.37948,-23.57913],[-70.37945,-23.57951]]}},{"type":"Feature","properties":{"nombre":"General Óscar Bonilla","jerarquia":4},"geometry":{"type":"LineString","coordinates":[[-70.37945,-23.57951],[-70.37942,-23.57985]]}},{"type":"Feature","properties":{"nombre":"General Óscar Bonilla","jerarquia":4},"geometry":{"type":"LineString","coordinates":[[-70.37942,-23.57985],[-70.37938,-23.58029]]}},{"type":"Feature","properties":{"nombre":"General Óscar Bonilla","jerarquia":4},"geometry":{"type":"LineString","coordinates":[[-70.37938,-23.58029],[-70.37935,-23.5807]]}},{"type":"Feature","properties":{"nombre":"General Óscar Bonilla","jerarquia":4},"geometry":{"type":"LineString","coordinates":[[-70.37935,-23.5807],[-70.37934,-23.58074]]}},{"type":"Feature","properties":{"nombre":"General Óscar Bonilla","jerarquia":4},"geometry":{"type":"LineString","coordinates":[[-70.37934,-23.58074],[-70.37928,-23.58153]]}},{"type":"Feature","properties":{"nombre":"General Óscar Bonilla","jerarquia":4},"geometry":{"type":"LineString","coordinates":[[-70.37928,-23.58153],[-70.37922,-23.58218]]}},{"type":"Feature","properties":{"nombre":"General Óscar Bonilla","jerarquia":4},"geometry":{"type":"LineString","coordinates":[[-70.37922,-23.58218],[-70.37915,-23.58312]]}},{"type":"Feature","properties":{"nombre":"General Óscar Bonilla","jerarquia":4},"geometry":{"type":"LineString","coordinates":[[-70.37915,-23.58312],[-70.37906,-23.58411]]}},{"type":"Feature","properties":{"nombre":"Valdivia","jerarquia":5},"geometry":{"type":"LineString","coordinates":[[-70.38971,-23.64327],[-70.38978,-23.64222]]}},{"type":"Feature","properties":{"nombre":"Valdivia","jerarquia":5},"geometry":{"type":"LineString","coordinates":[[-70.38978,-23.64222],[-70.38979,-23.642]]}},{"type":"Feature","properties":{"nombre":"Valdivia","jerarquia":5},"geometry":{"type":"LineString","coordinates":[[-70.38979,-23.642],[-70.38985,-23.64095]]}},{"type":"Feature","properties":{"nombre":"Valdivia","jerarquia":5},"geometry":{"type":"LineString","coordinates":[[-70.38985,-23.64095],[-70.38993,-23.63974]]}},{"type":"Feature","properties":{"nombre":"Valdivia","jerarquia":5},"geometry":{"type":"LineString","coordinates":[[-70.38993,-23.63974],[-70.38999,-23.63868]]}},{"type":"Feature","properties":{"nombre":"Bandera","jerarquia":5},"geometry":{"type":"LineString","coordinates":[[-70.38198,-23.59918],[-70.38193,-23.59863]]}},{"type":"Feature","properties":{"nombre":"Bandera","jerarquia":5},"geometry":{"type":"LineString","coordinates":[[-70.38193,-23.59863],[-70.3819,-23.5982]]}},{"type":"Feature","properties":{"nombre":"Bandera","jerarquia":5},"geometry":{"type":"LineString","coordinates":[[-70.3819,-23.5982],[-70.38183,-23.59722]]}},{"type":"Feature","properties":{"nombre":"Bandera","jerarquia":5},"geometry":{"type":"LineString","coordinates":[[-70.38183,-23.59722],[-70.38178,-23.59649]]}},{"type":"Feature","properties":{"nombre":"Orella","jerarquia":5},"geometry":{"type":"LineString","coordinates":[[-70.40077,-23.65075],[-70.40002,-23.65154]]}},{"type":"Feature","properties":{"nombre":"Orella","jerarquia":5},"geometry":{"type":"LineString","coordinates":[[-70.40002,-23.65154],[-70.39925,-23.65235]]}},{"type":"Feature","properties":{"nombre":"Orella","jerarquia":5},"geometry":{"type":"LineString","coordinates":[[-70.39925,-23.65235],[-70.39846,-23.65317]]}},{"type":"Feature","properties":{"nombre":"Orella","jerarquia":5},"geometry":{"type":"LineString","coordinates":[[-70.39846,-23.65317],[-70.39745,-23.65424]]}},{"type":"Feature","properties":{"nombre":"Orella","jerarquia":5},"geometry":{"type":"LineString","coordinates":[[-70.39745,-23.65424],[-70.3971,-23.6546]]}},{"type":"Feature","properties":{"nombre":"Orella","jerarquia":5},"geometry":{"type":"LineString","coordinates":[[-70.3971,-23.6546],[-70.39664,-23.65507]]}},{"type":"Feature","properties":{"nombre":"Orella","jerarquia":5},"geometry":{"type":"LineString","coordinates":[[-70.39664,-23.65507],[-70.39611,-23.65563]]}},{"type":"Feature","properties":{"nombre":"Orella","jerarquia":5},"geometry":{"type":"LineString","coordinates":[[-70.39611,-23.65563],[-70.3958,-23.65595]]}},{"type":"Feature","properties":{"nombre":"Avenida Antonio Rendic","jerarquia":4},"geometry":{"type":"LineString","coordinates":[[-70.38271,-23.6125],[-70.38266,-23.61258]]}},{"type":"Feature","properties":{"nombre":"Avenida Antonio Rendic","jerarquia":4},"geometry":{"type":"LineString","coordinates":[[-70.38266,-23.61258],[-70.3824,-23.61297],[-70.38223,-23.61337]]}},{"type":"Feature","properties":{"nombre":"Avenida Antonio Rendic","jerarquia":4},"geometry":{"type":"LineString","coordinates":[[-70.38223,-23.61337],[-70.38208,-23.61405],[-70.38213,-23.61475]]}},{"type":"Feature","properties":{"nombre":"Avenida Antonio Rendic","jerarquia":4},"geometry":{"type":"LineString","coordinates":[[-70.38213,-23.61475],[-70.38233,-23.61536]]}},{"type":"Feature","properties":{"nombre":"Avenida Antonio Rendic","jerarquia":4},"geometry":{"type":"LineString","coordinates":[[-70.38233,-23.61536],[-70.38291,-23.61633]]}},{"type":"Feature","properties":{"nombre":"Avenida Antonio Rendic","jerarquia":4},"geometry":{"type":"LineString","coordinates":[[-70.38291,-23.61633],[-70.38294,-23.61636]]}},{"type":"Feature","properties":{"nombre":"Avenida Antonio Rendic","jerarquia":4},"geometry":{"type":"LineString","coordinates":[[-70.38294,-23.61636],[-70.38353,-23.61728]]}},{"type":"Feature","properties":{"nombre":"Avenida Antonio Rendic","jerarquia":4},"geometry":{"type":"LineString","coordinates":[[-70.38353,-23.61728],[-70.38407,-23.61814]]}},{"type":"Feature","properties":{"nombre":"Avenida Antonio Rendic","jerarquia":4},"geometry":{"type":"LineString","coordinates":[[-70.38407,-23.61814],[-70.38411,-23.6182]]}},{"type":"Feature","properties":{"nombre":"Avenida Antonio Rendic","jerarquia":4},"geometry":{"type":"LineString","coordinates":[[-70.38411,-23.6182],[-70.3847,-23.61915]]}},{"type":"Feature","properties":{"nombre":"Avenida Antonio Rendic","jerarquia":4},"geometry":{"type":"LineString","coordinates":[[-70.3847,-23.61915],[-70.38529,-23.62009]]}},{"type":"Feature","properties":{"nombre":"Avenida Antonio Rendic","jerarquia":4},"geometry":{"type":"LineString","coordinates":[[-70.38529,-23.62009],[-70.38588,-23.62103]]}},{"type":"Feature","properties":{"nombre":"Avenida Antonio Rendic","jerarquia":4},"geometry":{"type":"LineString","coordinates":[[-70.38588,-23.62103],[-70.38647,-23.62197]]}},{"type":"Feature","properties":{"nombre":"Avenida Antonio Rendic","jerarquia":4},"geometry":{"type":"LineString","coordinates":[[-70.38647,-23.62197],[-70.38706,-23.62292]]}},{"type":"Feature","properties":{"nombre":"Avenida Antonio Rendic","jerarquia":4},"geometry":{"type":"LineString","coordinates":[[-70.38706,-23.62292],[-70.38764,-23.62385]]}},{"type":"Feature","properties":{"nombre":"Avenida Bernardo O'Higgins","jerarquia":4},"geometry":{"type":"LineString","coordinates":[[-70.40138,-23.66152],[-70.40134,-23.66046]]}},{"type":"Feature","properties":{"nombre":"Avenida Bernardo O'Higgins","jerarquia":4},"geometry":{"type":"LineString","coordinates":[[-70.40134,-23.66046],[-70.40127,-23.65889]]}},{"type":"Feature","properties":{"nombre":"Avenida Bernardo O'Higgins","jerarquia":4},"geometry":{"type":"LineString","coordinates":[[-70.40127,-23.65889],[-70.40121,-23.65786]]}},{"type":"Feature","properties":{"nombre":"Avenida Bernardo O'Higgins","jerarquia":4},"geometry":{"type":"LineString","coordinates":[[-70.40121,-23.65786],[-70.40119,-23.65718]]}},{"type":"Feature","properties":{"nombre":"Avenida Bernardo O'Higgins","jerarquia":4},"geometry":{"type":"LineString","coordinates":[[-70.40119,-23.65718],[-70.40118,-23.65707]]}},{"type":"Feature","properties":{"nombre":"Avenida Bernardo O'Higgins","jerarquia":4},"geometry":{"type":"LineString","coordinates":[[-70.40118,-23.65707],[-70.4011,-23.65545]]}},{"type":"Feature","properties":{"nombre":"Avenida Bernardo O'Higgins","jerarquia":4},"geometry":{"type":"LineString","coordinates":[[-70.4011,-23.65545],[-70.4011,-23.65535]]}},{"type":"Feature","properties":{"nombre":"Valdivia","jerarquia":5},"geometry":{"type":"LineString","coordinates":[[-70.38999,-23.63868],[-70.39009,-23.63667]]}},{"type":"Feature","properties":{"nombre":"Cardenal Carlos Oviedo Cavada","jerarquia":5},"geometry":{"type":"LineString","coordinates":[[-70.3866,-23.63651],[-70.38665,-23.63544]]}},{"type":"Feature","properties":{"nombre":"Cardenal Carlos Oviedo Cavada","jerarquia":5},"geometry":{"type":"LineString","coordinates":[[-70.38665,-23.63544],[-70.38672,-23.63434]]}},{"type":"Feature","properties":{"nombre":"Cardenal Carlos Oviedo Cavada","jerarquia":5},"geometry":{"type":"LineString","coordinates":[[-70.38672,-23.63434],[-70.38674,-23.63397]]}},{"type":"Feature","properties":{"nombre":"Cardenal Carlos Oviedo Cavada","jerarquia":5},"geometry":{"type":"LineString","coordinates":[[-70.38674,-23.63397],[-70.38676,-23.6336]]}},{"type":"Feature","properties":{"nombre":"Cardenal Carlos Oviedo Cavada","jerarquia":5},"geometry":{"type":"LineString","coordinates":[[-70.38676,-23.6336],[-70.38678,-23.63334]]}},{"type":"Feature","properties":{"nombre":"Cardenal Carlos Oviedo Cavada","jerarquia":5},"geometry":{"type":"LineString","coordinates":[[-70.38678,-23.63334],[-70.38678,-23.63325]]}},{"type":"Feature","properties":{"nombre":"Cardenal Carlos Oviedo Cavada","jerarquia":5},"geometry":{"type":"LineString","coordinates":[[-70.38678,-23.63325],[-70.38682,-23.63257]]}},{"type":"Feature","properties":{"nombre":"Cardenal Carlos Oviedo Cavada","jerarquia":5},"geometry":{"type":"LineString","coordinates":[[-70.38682,-23.63257],[-70.38684,-23.6322]]}},{"type":"Feature","properties":{"nombre":"Cardenal Carlos Oviedo Cavada","jerarquia":5},"geometry":{"type":"LineString","coordinates":[[-70.38684,-23.6322],[-70.38689,-23.63111]]}},{"type":"Feature","properties":{"nombre":"Cardenal Carlos Oviedo Cavada","jerarquia":5},"geometry":{"type":"LineString","coordinates":[[-70.38689,-23.63111],[-70.38696,-23.63006]]}},{"type":"Feature","properties":{"nombre":"Cardenal Carlos Oviedo Cavada","jerarquia":5},"geometry":{"type":"LineString","coordinates":[[-70.38696,-23.63006],[-70.38702,-23.629]]}},{"type":"Feature","properties":{"nombre":"Cardenal Carlos Oviedo Cavada","jerarquia":5},"geometry":{"type":"LineString","coordinates":[[-70.38702,-23.629],[-70.38704,-23.62856]]}},{"type":"Feature","properties":{"nombre":"Cardenal Carlos Oviedo Cavada","jerarquia":5},"geometry":{"type":"LineString","coordinates":[[-70.38704,-23.62856],[-70.38705,-23.62847]]}},{"type":"Feature","properties":{"nombre":"Cardenal Carlos Oviedo Cavada","jerarquia":5},"geometry":{"type":"LineString","coordinates":[[-70.3792,-23.61482],[-70.37976,-23.61572]]}},{"type":"Feature","properties":{"nombre":"Cardenal Carlos Oviedo Cavada","jerarquia":5},"geometry":{"type":"LineString","coordinates":[[-70.37976,-23.61572],[-70.38031,-23.61659]]}},{"type":"Feature","properties":{"nombre":"Cardenal Carlos Oviedo Cavada","jerarquia":5},"geometry":{"type":"LineString","coordinates":[[-70.38031,-23.61659],[-70.38086,-23.61747]]}},{"type":"Feature","properties":{"nombre":"Cardenal Carlos Oviedo Cavada","jerarquia":5},"geometry":{"type":"LineString","coordinates":[[-70.38086,-23.61747],[-70.38144,-23.61839]]}},{"type":"Feature","properties":{"nombre":"Cardenal Carlos Oviedo Cavada","jerarquia":5},"geometry":{"type":"LineString","coordinates":[[-70.38144,-23.61839],[-70.38202,-23.61931]]}},{"type":"Feature","properties":{"nombre":"Nicolás Tirado","jerarquia":4},"geometry":{"type":"LineString","coordinates":[[-70.38077,-23.59255],[-70.38109,-23.59254]]}},{"type":"Feature","properties":{"nombre":"Nicolás Tirado","jerarquia":4},"geometry":{"type":"LineString","coordinates":[[-70.38109,-23.59254],[-70.38137,-23.59252]]}},{"type":"Feature","properties":{"nombre":"Nicolás Tirado","jerarquia":4},"geometry":{"type":"LineString","coordinates":[[-70.38137,-23.59252],[-70.38188,-23.5925]]}},{"type":"Feature","properties":{"nombre":"Nicolás Tirado","jerarquia":4},"geometry":{"type":"LineString","coordinates":[[-70.38188,-23.5925],[-70.38243,-23.59247]]}},{"type":"Feature","properties":{"nombre":"Nicolás Tirado","jerarquia":4},"geometry":{"type":"LineString","coordinates":[[-70.38243,-23.59247],[-70.38287,-23.59244]]}},{"type":"Feature","properties":{"nombre":"Nicolás Tirado","jerarquia":4},"geometry":{"type":"LineString","coordinates":[[-70.38287,-23.59244],[-70.38351,-23.59242]]}},{"type":"Feature","properties":{"nombre":"Nicolás Tirado","jerarquia":4},"geometry":{"type":"LineString","coordinates":[[-70.38351,-23.59242],[-70.38392,-23.59239]]}},{"type":"Feature","properties":{"nombre":"Nicolás Tirado","jerarquia":4},"geometry":{"type":"LineString","coordinates":[[-70.38392,-23.59239],[-70.38441,-23.59237]]}},{"type":"Feature","properties":{"nombre":"Nicolás Tirado","jerarquia":4},"geometry":{"type":"LineString","coordinates":[[-70.38441,-23.59237],[-70.38497,-23.59234]]}},{"type":"Feature","properties":{"nombre":"Nicolás Tirado","jerarquia":4},"geometry":{"type":"LineString","coordinates":[[-70.38497,-23.59234],[-70.38572,-23.59232]]}},{"type":"Feature","properties":{"nombre":"Nicolás Tirado","jerarquia":4},"geometry":{"type":"LineString","coordinates":[[-70.38572,-23.59232],[-70.38615,-23.5923],[-70.38744,-23.59199]]}},{"type":"Feature","properties":{"nombre":"Nicolás Tirado","jerarquia":4},"geometry":{"type":"LineString","coordinates":[[-70.38744,-23.59199],[-70.38769,-23.59192]]}},{"type":"Feature","properties":{"nombre":"Nicolás Tirado","jerarquia":4},"geometry":{"type":"LineString","coordinates":[[-70.38769,-23.59192],[-70.38788,-23.59188]]}},{"type":"Feature","properties":{"nombre":"Nicolás Tirado","jerarquia":4},"geometry":{"type":"LineString","coordinates":[[-70.38788,-23.59188],[-70.38967,-23.59191]]}},{"type":"Feature","properties":{"nombre":"Mateo de Toro y Zambrano","jerarquia":5},"geometry":{"type":"LineString","coordinates":[[-70.38522,-23.5963],[-70.38473,-23.59633]]}},{"type":"Feature","properties":{"nombre":"Mateo de Toro y Zambrano","jerarquia":5},"geometry":{"type":"LineString","coordinates":[[-70.38473,-23.59633],[-70.38432,-23.59635]]}},{"type":"Feature","properties":{"nombre":"Mateo de Toro y Zambrano","jerarquia":5},"geometry":{"type":"LineString","coordinates":[[-70.38432,-23.59635],[-70.38409,-23.59636]]}},{"type":"Feature","properties":{"nombre":"Mateo de Toro y Zambrano","jerarquia":5},"geometry":{"type":"LineString","coordinates":[[-70.38409,-23.59636],[-70.3833,-23.59641]]}},{"type":"Feature","properties":{"nombre":"Mateo de Toro y Zambrano","jerarquia":5},"geometry":{"type":"LineString","coordinates":[[-70.3833,-23.59641],[-70.38312,-23.59642]]}},{"type":"Feature","properties":{"nombre":"Avenida Radomiro Tomic","jerarquia":5},"geometry":{"type":"LineString","coordinates":[[-70.38509,-23.59438],[-70.38506,-23.59392]]}},{"type":"Feature","properties":{"nombre":"Avenida Radomiro Tomic","jerarquia":5},"geometry":{"type":"LineString","coordinates":[[-70.38506,-23.59392],[-70.38503,-23.59349]]}},{"type":"Feature","properties":{"nombre":"Avenida Radomiro Tomic","jerarquia":5},"geometry":{"type":"LineString","coordinates":[[-70.38503,-23.59349],[-70.38497,-23.59243]]}},{"type":"Feature","properties":{"nombre":"Avenida Radomiro Tomic","jerarquia":5},"geometry":{"type":"LineString","coordinates":[[-70.38497,-23.59243],[-70.38497,-23.59234]]}},{"type":"Feature","properties":{"nombre":"Avenida Pedro Aguirre Cerda","jerarquia":3},"geometry":{"type":"LineString","coordinates":[[-70.38958,-23.59767],[-70.38939,-23.60022]]}},{"type":"Feature","properties":{"nombre":"Avenida Pedro Aguirre Cerda","jerarquia":3},"geometry":{"type":"LineString","coordinates":[[-70.38939,-23.60022],[-70.3893,-23.60137]]}},{"type":"Feature","properties":{"nombre":"Avenida Pedro Aguirre Cerda","jerarquia":3},"geometry":{"type":"LineString","coordinates":[[-70.3893,-23.60137],[-70.38924,-23.60205]]}},{"type":"Feature","properties":{"nombre":"Huamachuco","jerarquia":4},"geometry":{"type":"LineString","coordinates":[[-70.38296,-23.56727],[-70.38298,-23.5671]]}},{"type":"Feature","properties":{"nombre":"Arturo Pérez Canto","jerarquia":4},"geometry":{"type":"LineString","coordinates":[[-70.39094,-23.57665],[-70.39083,-23.57664]]}},{"type":"Feature","properties":{"nombre":"Arturo Pérez Canto","jerarquia":4},"geometry":{"type":"LineString","coordinates":[[-70.39083,-23.57664],[-70.38912,-23.5765]]}},{"type":"Feature","properties":{"nombre":"Arturo Pérez Canto","jerarquia":4},"geometry":{"type":"LineString","coordinates":[[-70.38912,-23.5765],[-70.38902,-23.57649]]}},{"type":"Feature","properties":{"nombre":"Arturo Pérez Canto","jerarquia":4},"geometry":{"type":"LineString","coordinates":[[-70.38902,-23.57649],[-70.38852,-23.57645]]}},{"type":"Feature","properties":{"nombre":"Arturo Pérez Canto","jerarquia":4},"geometry":{"type":"LineString","coordinates":[[-70.38852,-23.57645],[-70.38798,-23.57641]]}},{"type":"Feature","properties":{"nombre":"Arturo Pérez Canto","jerarquia":4},"geometry":{"type":"LineString","coordinates":[[-70.38798,-23.57641],[-70.38762,-23.5764]]}},{"type":"Feature","properties":{"nombre":"Arturo Pérez Canto","jerarquia":4},"geometry":{"type":"LineString","coordinates":[[-70.38762,-23.5764],[-70.38754,-23.57637]]}},{"type":"Feature","properties":{"nombre":"Arturo Pérez Canto","jerarquia":4},"geometry":{"type":"LineString","coordinates":[[-70.38754,-23.57637],[-70.38709,-23.57633]]}},{"type":"Feature","properties":{"nombre":"Arturo Pérez Canto","jerarquia":4},"geometry":{"type":"LineString","coordinates":[[-70.38709,-23.57633],[-70.3866,-23.57629]]}},{"type":"Feature","properties":{"nombre":"Arturo Pérez Canto","jerarquia":4},"geometry":{"type":"LineString","coordinates":[[-70.3866,-23.57629],[-70.38612,-23.57625]]}},{"type":"Feature","properties":{"nombre":"Santiago Humberstone","jerarquia":4},"geometry":{"type":"LineString","coordinates":[[-70.39277,-23.56571],[-70.39284,-23.5656]]}},{"type":"Feature","properties":{"nombre":"Santiago Humberstone","jerarquia":4},"geometry":{"type":"LineString","coordinates":[[-70.39284,-23.5656],[-70.39313,-23.56545],[-70.39341,-23.56547]]}},{"type":"Feature","properties":{"nombre":"Santiago Humberstone","jerarquia":4},"geometry":{"type":"LineString","coordinates":[[-70.39341,-23.56547],[-70.39354,-23.56549]]}},{"type":"Feature","properties":{"nombre":"Santiago Humberstone","jerarquia":4},"geometry":{"type":"LineString","coordinates":[[-70.39354,-23.56549],[-70.39436,-23.56556]]}},{"type":"Feature","properties":{"nombre":"Santiago Humberstone","jerarquia":4},"geometry":{"type":"LineString","coordinates":[[-70.39436,-23.56556],[-70.39458,-23.56558]]}},{"type":"Feature","properties":{"nombre":"Avenida Rica Aventura","jerarquia":5},"geometry":{"type":"LineString","coordinates":[[-70.39454,-23.56235],[-70.39458,-23.56202]]}},{"type":"Feature","properties":{"nombre":"Avenida Rica Aventura","jerarquia":5},"geometry":{"type":"LineString","coordinates":[[-70.39458,-23.56202],[-70.39469,-23.56108]]}},{"type":"Feature","properties":{"nombre":"Avenida Rica Aventura","jerarquia":5},"geometry":{"type":"LineString","coordinates":[[-70.39469,-23.56108],[-70.39473,-23.5607],[-70.39483,-23.56043]]}},{"type":"Feature","properties":{"nombre":"Avenida Rica Aventura","jerarquia":5},"geometry":{"type":"LineString","coordinates":[[-70.39483,-23.56043],[-70.39494,-23.5602],[-70.39503,-23.55943]]}},{"type":"Feature","properties":{"nombre":"Huamachuco","jerarquia":5},"geometry":{"type":"LineString","coordinates":[[-70.38195,-23.57575],[-70.38196,-23.5757]]}},{"type":"Feature","properties":{"nombre":"Huamachuco","jerarquia":5},"geometry":{"type":"LineString","coordinates":[[-70.38196,-23.5757],[-70.38199,-23.57533]]}},{"type":"Feature","properties":{"nombre":"Huamachuco","jerarquia":5},"geometry":{"type":"LineString","coordinates":[[-70.38199,-23.57533],[-70.38206,-23.57446]]}},{"type":"Feature","properties":{"nombre":"Huamachuco","jerarquia":5},"geometry":{"type":"LineString","coordinates":[[-70.38206,-23.57446],[-70.38211,-23.57381]]}},{"type":"Feature","properties":{"nombre":"Huamachuco","jerarquia":5},"geometry":{"type":"LineString","coordinates":[[-70.38211,-23.57381],[-70.38213,-23.57354]]}},{"type":"Feature","properties":{"nombre":"Huamachuco","jerarquia":5},"geometry":{"type":"LineString","coordinates":[[-70.38213,-23.57354],[-70.38219,-23.5729]]}},{"type":"Feature","properties":{"nombre":"Huamachuco","jerarquia":5},"geometry":{"type":"LineString","coordinates":[[-70.38219,-23.5729],[-70.38221,-23.57253]]}},{"type":"Feature","properties":{"nombre":"Huamachuco","jerarquia":5},"geometry":{"type":"LineString","coordinates":[[-70.38221,-23.57253],[-70.38241,-23.57209],[-70.3826,-23.57059]]}},{"type":"Feature","properties":{"nombre":"Huamachuco","jerarquia":5},"geometry":{"type":"LineString","coordinates":[[-70.3826,-23.57059],[-70.38264,-23.57018]]}},{"type":"Feature","properties":{"nombre":"Huamachuco","jerarquia":5},"geometry":{"type":"LineString","coordinates":[[-70.38264,-23.57018],[-70.38269,-23.56976]]}},{"type":"Feature","properties":{"nombre":"Huamachuco","jerarquia":5},"geometry":{"type":"LineString","coordinates":[[-70.38269,-23.56976],[-70.38274,-23.56934]]}},{"type":"Feature","properties":{"nombre":"Huamachuco","jerarquia":5},"geometry":{"type":"LineString","coordinates":[[-70.38274,-23.56934],[-70.38279,-23.5689]]}},{"type":"Feature","properties":{"nombre":"Huamachuco","jerarquia":5},"geometry":{"type":"LineString","coordinates":[[-70.38279,-23.5689],[-70.3828,-23.56882]]}},{"type":"Feature","properties":{"nombre":"Huamachuco","jerarquia":5},"geometry":{"type":"LineString","coordinates":[[-70.3828,-23.56882],[-70.38283,-23.56846]]}},{"type":"Feature","properties":{"nombre":"Huamachuco","jerarquia":5},"geometry":{"type":"LineString","coordinates":[[-70.38283,-23.56846],[-70.38286,-23.56817]]}},{"type":"Feature","properties":{"nombre":"Huamachuco","jerarquia":5},"geometry":{"type":"LineString","coordinates":[[-70.38286,-23.56817],[-70.38287,-23.56812]]}},{"type":"Feature","properties":{"nombre":"Huamachuco","jerarquia":5},"geometry":{"type":"LineString","coordinates":[[-70.38287,-23.56812],[-70.38296,-23.56727]]}},{"type":"Feature","properties":{"nombre":"Huamachuco","jerarquia":5},"geometry":{"type":"LineString","coordinates":[[-70.38195,-23.57582],[-70.38195,-23.57575]]}},{"type":"Feature","properties":{"nombre":"Las Palmeras","jerarquia":5},"geometry":{"type":"LineString","coordinates":[[-70.39564,-23.57152],[-70.39687,-23.57162]]}},{"type":"Feature","properties":{"nombre":"Iquique","jerarquia":5},"geometry":{"type":"LineString","coordinates":[[-70.39624,-23.6458],[-70.39447,-23.64446]]}},{"type":"Feature","properties":{"nombre":"Iquique","jerarquia":5},"geometry":{"type":"LineString","coordinates":[[-70.39447,-23.64446],[-70.39407,-23.64412],[-70.39387,-23.64388]]}},{"type":"Feature","properties":{"nombre":"Iquique","jerarquia":5},"geometry":{"type":"LineString","coordinates":[[-70.39387,-23.64388],[-70.39373,-23.6436]]}},{"type":"Feature","properties":{"nombre":"Iquique","jerarquia":5},"geometry":{"type":"LineString","coordinates":[[-70.39373,-23.6436],[-70.39364,-23.64322]]}},{"type":"Feature","properties":{"nombre":"Iquique","jerarquia":5},"geometry":{"type":"LineString","coordinates":[[-70.39364,-23.64322],[-70.39362,-23.64296]]}},{"type":"Feature","properties":{"nombre":"José de San Martín","jerarquia":5},"geometry":{"type":"LineString","coordinates":[[-70.39629,-23.64575],[-70.39711,-23.64634]]}},{"type":"Feature","properties":{"nombre":"José de San Martín","jerarquia":5},"geometry":{"type":"LineString","coordinates":[[-70.39711,-23.64634],[-70.39719,-23.6464]]}},{"type":"Feature","properties":{"nombre":"","jerarquia":1},"geometry":{"type":"LineString","coordinates":[[-70.39737,-23.52137],[-70.39828,-23.52017]]}},{"type":"Feature","properties":{"nombre":"","jerarquia":1},"geometry":{"type":"LineString","coordinates":[[-70.39828,-23.52017],[-70.39841,-23.51998]]}},{"type":"Feature","properties":{"nombre":"","jerarquia":1},"geometry":{"type":"LineString","coordinates":[[-70.39868,-23.51976],[-70.39815,-23.52129]]}},{"type":"Feature","properties":{"nombre":"Ruta 26","jerarquia":2},"geometry":{"type":"LineString","coordinates":[[-70.32913,-23.62585],[-70.3263,-23.62635],[-70.32085,-23.62817],[-70.31968,-23.62844],[-70.31873,-23.62851],[-70.31764,-23.62841],[-70.31666,-23.62815],[-70.31578,-23.62775]]}},{"type":"Feature","properties":{"nombre":"Ruta 1","jerarquia":1},"geometry":{"type":"LineString","coordinates":[[-70.41651,-23.48201],[-70.41936,-23.4765],[-70.41989,-23.47531],[-70.42388,-23.4611]]}},{"type":"Feature","properties":{"nombre":"Ruta 1","jerarquia":1},"geometry":{"type":"LineString","coordinates":[[-70.41136,-23.49247],[-70.41087,-23.49374]]}},{"type":"Feature","properties":{"nombre":"Ruta 1","jerarquia":1},"geometry":{"type":"LineString","coordinates":[[-70.40979,-23.49669],[-70.40969,-23.49697]]}},{"type":"Feature","properties":{"nombre":"Ruta 1","jerarquia":1},"geometry":{"type":"LineString","coordinates":[[-70.40969,-23.49697],[-70.40943,-23.49767]]}},{"type":"Feature","properties":{"nombre":"Ruta 1","jerarquia":1},"geometry":{"type":"LineString","coordinates":[[-70.40957,-23.49694],[-70.40966,-23.49669]]}},{"type":"Feature","properties":{"nombre":"Ruta 1","jerarquia":1},"geometry":{"type":"LineString","coordinates":[[-70.40966,-23.49669],[-70.41027,-23.49502]]}},{"type":"Feature","properties":{"nombre":"Caletera Pedro Aguirre Cerda","jerarquia":5},"geometry":{"type":"LineString","coordinates":[[-70.40999,-23.49674],[-70.40992,-23.49697]]}},{"type":"Feature","properties":{"nombre":"Caletera Pedro Aguirre Cerda","jerarquia":5},"geometry":{"type":"LineString","coordinates":[[-70.40935,-23.49694],[-70.40944,-23.49671]]}},{"type":"Feature","properties":{"nombre":"Caletera Pedro Aguirre Cerda","jerarquia":5},"geometry":{"type":"LineString","coordinates":[[-70.40833,-23.50137],[-70.40756,-23.50341],[-70.40675,-23.50525],[-70.40396,-23.51042],[-70.40366,-23.51146],[-70.40343,-23.51186],[-70.40313,-23.51218]]}},{"type":"Feature","properties":{"nombre":"Caletera Pedro Aguirre Cerda","jerarquia":5},"geometry":{"type":"LineString","coordinates":[[-70.40944,-23.49671],[-70.40952,-23.49649]]}},{"type":"Feature","properties":{"nombre":"Camino La Portada","jerarquia":5},"geometry":{"type":"LineString","coordinates":[[-70.41228,-23.4972],[-70.41853,-23.49801]]}},{"type":"Feature","properties":{"nombre":"Ruta 28","jerarquia":2},"geometry":{"type":"LineString","coordinates":[[-70.39372,-23.70198],[-70.393,-23.70206]]}},{"type":"Feature","properties":{"nombre":"","jerarquia":2},"geometry":{"type":"LineString","coordinates":[[-70.38458,-23.71073],[-70.38482,-23.71079],[-70.38486,-23.7109],[-70.38482,-23.71101]]}},{"type":"Feature","properties":{"nombre":"","jerarquia":2},"geometry":{"type":"LineString","coordinates":[[-70.38482,-23.71101],[-70.38476,-23.71108]]}},{"type":"Feature","properties":{"nombre":"","jerarquia":2},"geometry":{"type":"LineString","coordinates":[[-70.3856,-23.71063],[-70.38545,-23.71065],[-70.38535,-23.7106],[-70.38531,-23.71051],[-70.38535,-23.71039]]}},{"type":"Feature","properties":{"nombre":"","jerarquia":2},"geometry":{"type":"LineString","coordinates":[[-70.38535,-23.71039],[-70.38539,-23.71034]]}},{"type":"Feature","properties":{"nombre":"","jerarquia":2},"geometry":{"type":"LineString","coordinates":[[-70.34499,-23.75832],[-70.34512,-23.7583],[-70.34523,-23.75836],[-70.34529,-23.75855]]}},{"type":"Feature","properties":{"nombre":"","jerarquia":2},"geometry":{"type":"LineString","coordinates":[[-70.34529,-23.75855],[-70.3452,-23.75866]]}},{"type":"Feature","properties":{"nombre":"","jerarquia":2},"geometry":{"type":"LineString","coordinates":[[-70.34673,-23.75794],[-70.3466,-23.75796],[-70.34649,-23.75792],[-70.34642,-23.75782],[-70.34644,-23.75767]]}},{"type":"Feature","properties":{"nombre":"","jerarquia":2},"geometry":{"type":"LineString","coordinates":[[-70.34644,-23.75767],[-70.34647,-23.75763]]}},{"type":"Feature","properties":{"nombre":"Avenida Angamos","jerarquia":4},"geometry":{"type":"LineString","coordinates":[[-70.41215,-23.69844],[-70.41258,-23.69848]]}},{"type":"Feature","properties":{"nombre":"Avenida Angamos","jerarquia":4},"geometry":{"type":"LineString","coordinates":[[-70.41258,-23.69848],[-70.4129,-23.69852],[-70.41321,-23.69846],[-70.41349,-23.69829],[-70.4137,-23.69801]]}},{"type":"Feature","properties":{"nombre":"Aeropuerto Andrés Sabella Gálvez","jerarquia":5},"geometry":{"type":"LineString","coordinates":[[-70.42698,-23.45189],[-70.42556,-23.45203],[-70.4253,-23.45212],[-70.42511,-23.45232],[-70.42504,-23.45255],[-70.42508,-23.45279],[-70.42522,-23.45299]]}},{"type":"Feature","properties":{"nombre":"Ruta 5 Norte","jerarquia":2},"geometry":{"type":"LineString","coordinates":[[-70.31407,-23.77019],[-70.31332,-23.76838]]}},{"type":"Feature","properties":{"nombre":"Ruta 5 Norte","jerarquia":2},"geometry":{"type":"LineString","coordinates":[[-70.31332,-23.76838],[-70.31231,-23.7659]]}},{"type":"Feature","properties":{"nombre":"Avenida Pedro Aguirre Cerda","jerarquia":3},"geometry":{"type":"LineString","coordinates":[[-70.38828,-23.6142],[-70.38823,-23.6134],[-70.38834,-23.61184]]}},{"type":"Feature","properties":{"nombre":"Avenida Pedro Aguirre Cerda","jerarquia":3},"geometry":{"type":"LineString","coordinates":[[-70.38834,-23.61184],[-70.38869,-23.60788]]}},{"type":"Feature","properties":{"nombre":"Avenida Pedro Aguirre Cerda","jerarquia":3},"geometry":{"type":"LineString","coordinates":[[-70.38869,-23.60788],[-70.38875,-23.60707]]}},{"type":"Feature","properties":{"nombre":"Avenida Pedro Aguirre Cerda","jerarquia":3},"geometry":{"type":"LineString","coordinates":[[-70.38875,-23.60707],[-70.3888,-23.60643]]}},{"type":"Feature","properties":{"nombre":"Avenida Pedro Aguirre Cerda","jerarquia":3},"geometry":{"type":"LineString","coordinates":[[-70.3888,-23.60643],[-70.38883,-23.60616]]}},{"type":"Feature","properties":{"nombre":"Avenida Pedro Aguirre Cerda","jerarquia":3},"geometry":{"type":"LineString","coordinates":[[-70.38883,-23.60616],[-70.38884,-23.60495],[-70.38891,-23.60421]]}},{"type":"Feature","properties":{"nombre":"Ruta 28","jerarquia":2},"geometry":{"type":"LineString","coordinates":[[-70.32422,-23.76965],[-70.32407,-23.76982]]}},{"type":"Feature","properties":{"nombre":"Ruta 28","jerarquia":2},"geometry":{"type":"LineString","coordinates":[[-70.32019,-23.7741],[-70.3196,-23.7745],[-70.31904,-23.77476]]}},{"type":"Feature","properties":{"nombre":"Ruta 28","jerarquia":2},"geometry":{"type":"LineString","coordinates":[[-70.32378,-23.76981],[-70.32396,-23.7696]]}},{"type":"Feature","properties":{"nombre":"","jerarquia":2},"geometry":{"type":"LineString","coordinates":[[-70.31681,-23.77541],[-70.317,-23.77524],[-70.31709,-23.77505],[-70.31705,-23.77483],[-70.31689,-23.77467],[-70.31665,-23.77462],[-70.31642,-23.7747],[-70.31628,-23.77489],[-70.31628,-23.7751]]}},{"type":"Feature","properties":{"nombre":"","jerarquia":2},"geometry":{"type":"LineString","coordinates":[[-70.31628,-23.7751],[-70.3163,-23.77527]]}},{"type":"Feature","properties":{"nombre":"","jerarquia":5},"geometry":{"type":"LineString","coordinates":[[-70.31727,-23.78299],[-70.31735,-23.78287]]}},{"type":"Feature","properties":{"nombre":"","jerarquia":5},"geometry":{"type":"LineString","coordinates":[[-70.31735,-23.78287],[-70.31758,-23.78223],[-70.31763,-23.78197],[-70.3177,-23.78036]]}},{"type":"Feature","properties":{"nombre":"","jerarquia":5},"geometry":{"type":"LineString","coordinates":[[-70.3177,-23.78036],[-70.31774,-23.77931],[-70.31764,-23.77798],[-70.3177,-23.77765],[-70.31842,-23.77618],[-70.31876,-23.77568],[-70.31904,-23.77536]]}},{"type":"Feature","properties":{"nombre":"Avenida Salvador Allende","jerarquia":2},"geometry":{"type":"LineString","coordinates":[[-70.37284,-23.62926],[-70.37252,-23.62904],[-70.37235,-23.62884]]}},{"type":"Feature","properties":{"nombre":"Caletera Pedro Aguirre Cerda","jerarquia":5},"geometry":{"type":"LineString","coordinates":[[-70.39357,-23.53272],[-70.39316,-23.53677]]}},{"type":"Feature","properties":{"nombre":"Ruta 1","jerarquia":1},"geometry":{"type":"LineString","coordinates":[[-70.39361,-23.5294],[-70.39375,-23.52876],[-70.39399,-23.52809],[-70.39513,-23.52597]]}},{"type":"Feature","properties":{"nombre":"","jerarquia":1},"geometry":{"type":"LineString","coordinates":[[-70.39302,-23.5397],[-70.3928,-23.53999]]}},{"type":"Feature","properties":{"nombre":"","jerarquia":1},"geometry":{"type":"LineString","coordinates":[[-70.3928,-23.53999],[-70.39269,-23.54012]]}},{"type":"Feature","properties":{"nombre":"","jerarquia":1},"geometry":{"type":"LineString","coordinates":[[-70.39269,-23.54012],[-70.39258,-23.54031]]}},{"type":"Feature","properties":{"nombre":"Ruta 1","jerarquia":1},"geometry":{"type":"LineString","coordinates":[[-70.39374,-23.52941],[-70.39307,-23.53589]]}},{"type":"Feature","properties":{"nombre":"Ruta 1","jerarquia":1},"geometry":{"type":"LineString","coordinates":[[-70.39319,-23.53353],[-70.39361,-23.5294]]}},{"type":"Feature","properties":{"nombre":"Avenida Edmundo Pérez Zujovic","jerarquia":2},"geometry":{"type":"LineString","coordinates":[[-70.39213,-23.54373],[-70.39209,-23.54447]]}},{"type":"Feature","properties":{"nombre":"Avenida Pedro Aguirre Cerda","jerarquia":3},"geometry":{"type":"LineString","coordinates":[[-70.38964,-23.59302],[-70.38967,-23.592]]}},{"type":"Feature","properties":{"nombre":"Avenida Antonio Rendic","jerarquia":4},"geometry":{"type":"LineString","coordinates":[[-70.38759,-23.62388],[-70.387,-23.62294]]}},{"type":"Feature","properties":{"nombre":"Avenida Antonio Rendic","jerarquia":4},"geometry":{"type":"LineString","coordinates":[[-70.387,-23.62294],[-70.38641,-23.622]]}},{"type":"Feature","properties":{"nombre":"Avenida Antonio Rendic","jerarquia":4},"geometry":{"type":"LineString","coordinates":[[-70.38641,-23.622],[-70.38582,-23.62107]]}},{"type":"Feature","properties":{"nombre":"Avenida Antonio Rendic","jerarquia":4},"geometry":{"type":"LineString","coordinates":[[-70.38582,-23.62107],[-70.38523,-23.62013]]}},{"type":"Feature","properties":{"nombre":"Avenida Antonio Rendic","jerarquia":4},"geometry":{"type":"LineString","coordinates":[[-70.38523,-23.62013],[-70.38464,-23.61918]]}},{"type":"Feature","properties":{"nombre":"Avenida Antonio Rendic","jerarquia":4},"geometry":{"type":"LineString","coordinates":[[-70.38464,-23.61918],[-70.38408,-23.61828]]}},{"type":"Feature","properties":{"nombre":"Avenida Antonio Rendic","jerarquia":4},"geometry":{"type":"LineString","coordinates":[[-70.38408,-23.61828],[-70.38405,-23.61823]]}},{"type":"Feature","properties":{"nombre":"Avenida Antonio Rendic","jerarquia":4},"geometry":{"type":"LineString","coordinates":[[-70.38405,-23.61823],[-70.38348,-23.61731]]}},{"type":"Feature","properties":{"nombre":"Avenida Antonio Rendic","jerarquia":4},"geometry":{"type":"LineString","coordinates":[[-70.38348,-23.61731],[-70.38293,-23.61647]]}},{"type":"Feature","properties":{"nombre":"Avenida Antonio Rendic","jerarquia":4},"geometry":{"type":"LineString","coordinates":[[-70.38293,-23.61647],[-70.38288,-23.61639]]}},{"type":"Feature","properties":{"nombre":"Avenida Antonio Rendic","jerarquia":4},"geometry":{"type":"LineString","coordinates":[[-70.38288,-23.61639],[-70.38231,-23.61552]]}},{"type":"Feature","properties":{"nombre":"Avenida Antonio Rendic","jerarquia":4},"geometry":{"type":"LineString","coordinates":[[-70.38231,-23.61552],[-70.38212,-23.61508],[-70.38201,-23.61462]]}},{"type":"Feature","properties":{"nombre":"Avenida Antonio Rendic","jerarquia":4},"geometry":{"type":"LineString","coordinates":[[-70.38201,-23.61462],[-70.38198,-23.61404],[-70.38208,-23.6135]]}},{"type":"Feature","properties":{"nombre":"Avenida Antonio Rendic","jerarquia":4},"geometry":{"type":"LineString","coordinates":[[-70.38208,-23.6135],[-70.38211,-23.61339]]}},{"type":"Feature","properties":{"nombre":"Avenida Salvador Allende","jerarquia":2},"geometry":{"type":"LineString","coordinates":[[-70.39404,-23.6286],[-70.39296,-23.62855]]}},{"type":"Feature","properties":{"nombre":"Avenida Salvador Allende","jerarquia":2},"geometry":{"type":"LineString","coordinates":[[-70.39296,-23.62855],[-70.39158,-23.62845],[-70.39074,-23.62827],[-70.39039,-23.62826]]}},{"type":"Feature","properties":{"nombre":"","jerarquia":2},"geometry":{"type":"LineString","coordinates":[[-70.39627,-23.62855],[-70.39642,-23.62861]]}},{"type":"Feature","properties":{"nombre":"Avenida El Yodo","jerarquia":5},"geometry":{"type":"LineString","coordinates":[[-70.39284,-23.59624],[-70.39304,-23.59582],[-70.39309,-23.59532]]}},{"type":"Feature","properties":{"nombre":"Avenida El Yodo","jerarquia":5},"geometry":{"type":"LineString","coordinates":[[-70.39309,-23.59532],[-70.3931,-23.59488]]}},{"type":"Feature","properties":{"nombre":"Avenida El Yodo","jerarquia":5},"geometry":{"type":"LineString","coordinates":[[-70.3931,-23.59488],[-70.3931,-23.59452]]}},{"type":"Feature","properties":{"nombre":"Avenida Pedro Aguirre Cerda","jerarquia":3},"geometry":{"type":"LineString","coordinates":[[-70.38948,-23.59766],[-70.38956,-23.59643]]}},{"type":"Feature","properties":{"nombre":"Avenida Pedro Aguirre Cerda","jerarquia":3},"geometry":{"type":"LineString","coordinates":[[-70.38956,-23.59643],[-70.38961,-23.59441]]}},{"type":"Feature","properties":{"nombre":"Avenida Pedro Aguirre Cerda","jerarquia":3},"geometry":{"type":"LineString","coordinates":[[-70.38961,-23.59441],[-70.38963,-23.59358]]}},{"type":"Feature","properties":{"nombre":"Avenida Pedro Aguirre Cerda","jerarquia":3},"geometry":{"type":"LineString","coordinates":[[-70.38963,-23.59358],[-70.38964,-23.59302]]}},{"type":"Feature","properties":{"nombre":"Avenida El Yodo","jerarquia":5},"geometry":{"type":"LineString","coordinates":[[-70.39169,-23.59836],[-70.3915,-23.59862]]}},{"type":"Feature","properties":{"nombre":"Avenida Pedro Aguirre Cerda","jerarquia":3},"geometry":{"type":"LineString","coordinates":[[-70.39111,-23.56266],[-70.3911,-23.56296]]}},{"type":"Feature","properties":{"nombre":"Caparrosa","jerarquia":4},"geometry":{"type":"LineString","coordinates":[[-70.39091,-23.56528],[-70.38994,-23.56526],[-70.38845,-23.56505]]}},{"type":"Feature","properties":{"nombre":"Santiago Humberstone","jerarquia":4},"geometry":{"type":"LineString","coordinates":[[-70.3909,-23.56517],[-70.391,-23.56516]]}},{"type":"Feature","properties":{"nombre":"Sendero del Sol","jerarquia":5},"geometry":{"type":"LineString","coordinates":[[-70.39108,-23.56356],[-70.39099,-23.56355]]}},{"type":"Feature","properties":{"nombre":"Sendero del Sol","jerarquia":5},"geometry":{"type":"LineString","coordinates":[[-70.39099,-23.56355],[-70.39046,-23.56356]]}},{"type":"Feature","properties":{"nombre":"Sendero del Sol","jerarquia":5},"geometry":{"type":"LineString","coordinates":[[-70.39046,-23.56356],[-70.38994,-23.56346]]}},{"type":"Feature","properties":{"nombre":"","jerarquia":1},"geometry":{"type":"LineString","coordinates":[[-70.39197,-23.54346],[-70.3921,-23.5428]]}},{"type":"Feature","properties":{"nombre":"","jerarquia":1},"geometry":{"type":"LineString","coordinates":[[-70.3921,-23.5428],[-70.39218,-23.54254]]}},{"type":"Feature","properties":{"nombre":"","jerarquia":1},"geometry":{"type":"LineString","coordinates":[[-70.39248,-23.54034],[-70.39242,-23.53971]]}},{"type":"Feature","properties":{"nombre":"","jerarquia":1},"geometry":{"type":"LineString","coordinates":[[-70.39264,-23.53775],[-70.3928,-23.53723]]}},{"type":"Feature","properties":{"nombre":"Avenida Salvador Allende","jerarquia":2},"geometry":{"type":"LineString","coordinates":[[-70.37366,-23.62911],[-70.37383,-23.62913]]}},{"type":"Feature","properties":{"nombre":"Avenida Salvador Allende","jerarquia":2},"geometry":{"type":"LineString","coordinates":[[-70.37383,-23.62913],[-70.37504,-23.62919],[-70.37619,-23.62904]]}},{"type":"Feature","properties":{"nombre":"Avenida Salvador Allende","jerarquia":2},"geometry":{"type":"LineString","coordinates":[[-70.37606,-23.62918],[-70.37468,-23.6294]]}},{"type":"Feature","properties":{"nombre":"Sucre","jerarquia":5},"geometry":{"type":"LineString","coordinates":[[-70.38743,-23.65682],[-70.38714,-23.65703]]}},{"type":"Feature","properties":{"nombre":"Sucre","jerarquia":5},"geometry":{"type":"LineString","coordinates":[[-70.38714,-23.65703],[-70.38691,-23.6571]]}},{"type":"Feature","properties":{"nombre":"Sucre","jerarquia":5},"geometry":{"type":"LineString","coordinates":[[-70.38691,-23.6571],[-70.38684,-23.65711]]}},{"type":"Feature","properties":{"nombre":"Antonio José de Sucre","jerarquia":5},"geometry":{"type":"LineString","coordinates":[[-70.39885,-23.6446],[-70.39871,-23.64476]]}},{"type":"Feature","properties":{"nombre":"Antonio José de Sucre","jerarquia":5},"geometry":{"type":"LineString","coordinates":[[-70.39871,-23.64476],[-70.39868,-23.64479]]}},{"type":"Feature","properties":{"nombre":"Antonio José de Sucre","jerarquia":5},"geometry":{"type":"LineString","coordinates":[[-70.39868,-23.64479],[-70.39799,-23.64553]]}},{"type":"Feature","properties":{"nombre":"Antonio José de Sucre","jerarquia":5},"geometry":{"type":"LineString","coordinates":[[-70.39799,-23.64553],[-70.39791,-23.64562]]}},{"type":"Feature","properties":{"nombre":"Antonio José de Sucre","jerarquia":5},"geometry":{"type":"LineString","coordinates":[[-70.39791,-23.64562],[-70.39722,-23.64637]]}},{"type":"Feature","properties":{"nombre":"Antonio José de Sucre","jerarquia":5},"geometry":{"type":"LineString","coordinates":[[-70.39722,-23.64637],[-70.39719,-23.6464]]}},{"type":"Feature","properties":{"nombre":"Antonio José de Sucre","jerarquia":5},"geometry":{"type":"LineString","coordinates":[[-70.39719,-23.6464],[-70.39714,-23.64645]]}},{"type":"Feature","properties":{"nombre":"Antonio José de Sucre","jerarquia":5},"geometry":{"type":"LineString","coordinates":[[-70.39714,-23.64645],[-70.3965,-23.64714]]}},{"type":"Feature","properties":{"nombre":"Antonio José de Sucre","jerarquia":5},"geometry":{"type":"LineString","coordinates":[[-70.3965,-23.64714],[-70.39639,-23.64726]]}},{"type":"Feature","properties":{"nombre":"Antonio José de Sucre","jerarquia":5},"geometry":{"type":"LineString","coordinates":[[-70.39639,-23.64726],[-70.39565,-23.64806]]}},{"type":"Feature","properties":{"nombre":"Antonio José de Sucre","jerarquia":5},"geometry":{"type":"LineString","coordinates":[[-70.39565,-23.64806],[-70.39491,-23.64885]]}},{"type":"Feature","properties":{"nombre":"Antonio José de Sucre","jerarquia":5},"geometry":{"type":"LineString","coordinates":[[-70.39491,-23.64885],[-70.39417,-23.64965]]}},{"type":"Feature","properties":{"nombre":"Antonio José de Sucre","jerarquia":5},"geometry":{"type":"LineString","coordinates":[[-70.39417,-23.64965],[-70.39343,-23.65045]]}},{"type":"Feature","properties":{"nombre":"Antonio José de Sucre","jerarquia":5},"geometry":{"type":"LineString","coordinates":[[-70.39343,-23.65045],[-70.3931,-23.65081]]}},{"type":"Feature","properties":{"nombre":"Antonio José de Sucre","jerarquia":5},"geometry":{"type":"LineString","coordinates":[[-70.3931,-23.65081],[-70.39303,-23.65089]]}},{"type":"Feature","properties":{"nombre":"Antonio José de Sucre","jerarquia":5},"geometry":{"type":"LineString","coordinates":[[-70.39303,-23.65089],[-70.39296,-23.65096]]}},{"type":"Feature","properties":{"nombre":"Antonio José de Sucre","jerarquia":5},"geometry":{"type":"LineString","coordinates":[[-70.39296,-23.65096],[-70.39275,-23.65119]]}},{"type":"Feature","properties":{"nombre":"Antonio José de Sucre","jerarquia":5},"geometry":{"type":"LineString","coordinates":[[-70.39275,-23.65119],[-70.39193,-23.65207]]}},{"type":"Feature","properties":{"nombre":"Antonio José de Sucre","jerarquia":5},"geometry":{"type":"LineString","coordinates":[[-70.39193,-23.65207],[-70.39108,-23.65298]]}},{"type":"Feature","properties":{"nombre":"Antonio José de Sucre","jerarquia":5},"geometry":{"type":"LineString","coordinates":[[-70.39108,-23.65298],[-70.39024,-23.65388]]}},{"type":"Feature","properties":{"nombre":"Antonio José de Sucre","jerarquia":5},"geometry":{"type":"LineString","coordinates":[[-70.39024,-23.65388],[-70.39003,-23.65412]]}},{"type":"Feature","properties":{"nombre":"","jerarquia":3},"geometry":{"type":"LineString","coordinates":[[-70.39101,-23.56497],[-70.39118,-23.56513]]}},{"type":"Feature","properties":{"nombre":"","jerarquia":3},"geometry":{"type":"LineString","coordinates":[[-70.39118,-23.56513],[-70.39123,-23.56515]]}},{"type":"Feature","properties":{"nombre":"","jerarquia":1},"geometry":{"type":"LineString","coordinates":[[-70.41016,-23.49484],[-70.41049,-23.49402],[-70.41071,-23.49373]]}},{"type":"Feature","properties":{"nombre":"","jerarquia":1},"geometry":{"type":"LineString","coordinates":[[-70.41071,-23.49373],[-70.41079,-23.4936]]}},{"type":"Feature","properties":{"nombre":"Caletera Pedro Aguirre Cerda","jerarquia":5},"geometry":{"type":"LineString","coordinates":[[-70.41012,-23.49636],[-70.40999,-23.49674]]}},{"type":"Feature","properties":{"nombre":"Avenida de la Minería","jerarquia":2},"geometry":{"type":"LineString","coordinates":[[-70.41823,-23.69906],[-70.41703,-23.69938],[-70.41442,-23.6999]]}},{"type":"Feature","properties":{"nombre":"Avenida Edmundo Pérez Zujovic","jerarquia":2},"geometry":{"type":"LineString","coordinates":[[-70.39711,-23.57199],[-70.39687,-23.57257],[-70.39605,-23.57379]]}},{"type":"Feature","properties":{"nombre":"Avenida Edmundo Pérez Zujovic","jerarquia":2},"geometry":{"type":"LineString","coordinates":[[-70.39605,-23.57379],[-70.39375,-23.57708]]}},{"type":"Feature","properties":{"nombre":"Avenida Edmundo Pérez Zujovic","jerarquia":2},"geometry":{"type":"LineString","coordinates":[[-70.39375,-23.57708],[-70.39213,-23.57931],[-70.39198,-23.57962],[-70.39192,-23.57991],[-70.39194,-23.58024],[-70.39203,-23.58052],[-70.39327,-23.58321],[-70.39336,-23.58355],[-70.3934,-23.58409]]}},{"type":"Feature","properties":{"nombre":"Avenida Edmundo Pérez Zujovic","jerarquia":2},"geometry":{"type":"LineString","coordinates":[[-70.3934,-23.58409],[-70.39339,-23.58418]]}},{"type":"Feature","properties":{"nombre":"Avenida Edmundo Pérez Zujovic","jerarquia":2},"geometry":{"type":"LineString","coordinates":[[-70.39339,-23.58418],[-70.39332,-23.58516],[-70.39337,-23.58565],[-70.39349,-23.58605],[-70.39402,-23.58718]]}},{"type":"Feature","properties":{"nombre":"Avenida Edmundo Pérez Zujovic","jerarquia":2},"geometry":{"type":"LineString","coordinates":[[-70.39402,-23.58718],[-70.39525,-23.58884],[-70.39557,-23.58937],[-70.39657,-23.59148]]}},{"type":"Feature","properties":{"nombre":"Avenida Edmundo Pérez Zujovic","jerarquia":2},"geometry":{"type":"LineString","coordinates":[[-70.39657,-23.59148],[-70.39698,-23.59228],[-70.39718,-23.5929],[-70.39714,-23.5942],[-70.39704,-23.59481]]}},{"type":"Feature","properties":{"nombre":"Rotonda Pérez Zujovic","jerarquia":3},"geometry":{"type":"LineString","coordinates":[[-70.3924,-23.54482],[-70.39262,-23.545],[-70.39267,-23.5452]]}},{"type":"Feature","properties":{"nombre":"Rotonda Pérez Zujovic","jerarquia":3},"geometry":{"type":"LineString","coordinates":[[-70.39267,-23.5452],[-70.39254,-23.54547]]}},{"type":"Feature","properties":{"nombre":"Collico","jerarquia":5},"geometry":{"type":"LineString","coordinates":[[-70.40593,-23.69219],[-70.40613,-23.69244],[-70.40626,-23.69251],[-70.40655,-23.69255]]}},{"type":"Feature","properties":{"nombre":"Collico","jerarquia":5},"geometry":{"type":"LineString","coordinates":[[-70.40655,-23.69255],[-70.40704,-23.69262]]}},{"type":"Feature","properties":{"nombre":"Collico","jerarquia":5},"geometry":{"type":"LineString","coordinates":[[-70.40704,-23.69262],[-70.40754,-23.69267]]}},{"type":"Feature","properties":{"nombre":"Collico","jerarquia":5},"geometry":{"type":"LineString","coordinates":[[-70.40754,-23.69267],[-70.40796,-23.69268]]}},{"type":"Feature","properties":{"nombre":"Collico","jerarquia":5},"geometry":{"type":"LineString","coordinates":[[-70.40796,-23.69268],[-70.40838,-23.6926]]}},{"type":"Feature","properties":{"nombre":"Andrés Sabella","jerarquia":4},"geometry":{"type":"LineString","coordinates":[[-70.40389,-23.67811],[-70.40388,-23.67771],[-70.40379,-23.67747]]}},{"type":"Feature","properties":{"nombre":"Andrés Sabella","jerarquia":4},"geometry":{"type":"LineString","coordinates":[[-70.40379,-23.67747],[-70.40369,-23.67724]]}},{"type":"Feature","properties":{"nombre":"Andrés Sabella","jerarquia":4},"geometry":{"type":"LineString","coordinates":[[-70.40369,-23.67724],[-70.40349,-23.67681]]}},{"type":"Feature","properties":{"nombre":"Andrés Sabella","jerarquia":4},"geometry":{"type":"LineString","coordinates":[[-70.40349,-23.67681],[-70.40331,-23.67639]]}},{"type":"Feature","properties":{"nombre":"Andrés Sabella","jerarquia":4},"geometry":{"type":"LineString","coordinates":[[-70.40331,-23.67639],[-70.40317,-23.67621]]}},{"type":"Feature","properties":{"nombre":"Andrés Sabella","jerarquia":4},"geometry":{"type":"LineString","coordinates":[[-70.40317,-23.67621],[-70.4022,-23.67521]]}},{"type":"Feature","properties":{"nombre":"Andrés Sabella","jerarquia":4},"geometry":{"type":"LineString","coordinates":[[-70.4022,-23.67521],[-70.40126,-23.67362],[-70.40038,-23.67251],[-70.39969,-23.67112]]}},{"type":"Feature","properties":{"nombre":"Andrés Sabella","jerarquia":4},"geometry":{"type":"LineString","coordinates":[[-70.39969,-23.67112],[-70.39933,-23.67065]]}},{"type":"Feature","properties":{"nombre":"Andrés Sabella","jerarquia":4},"geometry":{"type":"LineString","coordinates":[[-70.39933,-23.67065],[-70.39883,-23.66997]]}},{"type":"Feature","properties":{"nombre":"Andrés Sabella","jerarquia":4},"geometry":{"type":"LineString","coordinates":[[-70.39883,-23.66997],[-70.39876,-23.66988]]}},{"type":"Feature","properties":{"nombre":"General José Manuel Borgoño","jerarquia":5},"geometry":{"type":"LineString","coordinates":[[-70.39816,-23.66905],[-70.39823,-23.66898]]}},{"type":"Feature","properties":{"nombre":"General José Manuel Borgoño","jerarquia":5},"geometry":{"type":"LineString","coordinates":[[-70.39823,-23.66898],[-70.3984,-23.66883]]}},{"type":"Feature","properties":{"nombre":"General José Manuel Borgoño","jerarquia":5},"geometry":{"type":"LineString","coordinates":[[-70.3984,-23.66883],[-70.39876,-23.6685]]}},{"type":"Feature","properties":{"nombre":"General José Manuel Borgoño","jerarquia":5},"geometry":{"type":"LineString","coordinates":[[-70.39876,-23.6685],[-70.39894,-23.66833]]}},{"type":"Feature","properties":{"nombre":"General José Manuel Borgoño","jerarquia":5},"geometry":{"type":"LineString","coordinates":[[-70.39894,-23.66833],[-70.39901,-23.66826]]}},{"type":"Feature","properties":{"nombre":"General José Manuel Borgoño","jerarquia":5},"geometry":{"type":"LineString","coordinates":[[-70.39901,-23.66826],[-70.39925,-23.66811]]}},{"type":"Feature","properties":{"nombre":"General José Manuel Borgoño","jerarquia":5},"geometry":{"type":"LineString","coordinates":[[-70.39925,-23.66811],[-70.39936,-23.66804]]}},{"type":"Feature","properties":{"nombre":"General José Manuel Borgoño","jerarquia":5},"geometry":{"type":"LineString","coordinates":[[-70.39936,-23.66804],[-70.3995,-23.66798]]}},{"type":"Feature","properties":{"nombre":"General José Manuel Borgoño","jerarquia":5},"geometry":{"type":"LineString","coordinates":[[-70.3995,-23.66798],[-70.40006,-23.66774]]}},{"type":"Feature","properties":{"nombre":"General José Manuel Borgoño","jerarquia":5},"geometry":{"type":"LineString","coordinates":[[-70.40006,-23.66774],[-70.40055,-23.66753]]}},{"type":"Feature","properties":{"nombre":"General José Manuel Borgoño","jerarquia":5},"geometry":{"type":"LineString","coordinates":[[-70.40055,-23.66753],[-70.40109,-23.6673]]}},{"type":"Feature","properties":{"nombre":"General José Manuel Borgoño","jerarquia":5},"geometry":{"type":"LineString","coordinates":[[-70.40109,-23.6673],[-70.40317,-23.66641]]}},{"type":"Feature","properties":{"nombre":"General José Manuel Borgoño","jerarquia":5},"geometry":{"type":"LineString","coordinates":[[-70.40317,-23.66641],[-70.40365,-23.6662]]}},{"type":"Feature","properties":{"nombre":"Manuel Rodríguez","jerarquia":5},"geometry":{"type":"LineString","coordinates":[[-70.39532,-23.66495],[-70.39524,-23.66487]]}},{"type":"Feature","properties":{"nombre":"Manuel Rodríguez","jerarquia":5},"geometry":{"type":"LineString","coordinates":[[-70.39524,-23.66487],[-70.39491,-23.6644],[-70.39472,-23.6639]]}},{"type":"Feature","properties":{"nombre":"Manuel Rodríguez","jerarquia":5},"geometry":{"type":"LineString","coordinates":[[-70.39472,-23.6639],[-70.39436,-23.66282]]}},{"type":"Feature","properties":{"nombre":"Manuel Rodríguez","jerarquia":5},"geometry":{"type":"LineString","coordinates":[[-70.39436,-23.66282],[-70.39408,-23.66174]]}},{"type":"Feature","properties":{"nombre":"Manuel Rodríguez","jerarquia":5},"geometry":{"type":"LineString","coordinates":[[-70.39408,-23.66174],[-70.3939,-23.66071]]}},{"type":"Feature","properties":{"nombre":"Manuel Rodríguez","jerarquia":5},"geometry":{"type":"LineString","coordinates":[[-70.3939,-23.66071],[-70.39382,-23.66004]]}},{"type":"Feature","properties":{"nombre":"Manuel Rodríguez","jerarquia":5},"geometry":{"type":"LineString","coordinates":[[-70.39382,-23.66004],[-70.39382,-23.65996]]}},{"type":"Feature","properties":{"nombre":"Ruta B-400","jerarquia":2},"geometry":{"type":"LineString","coordinates":[[-70.30059,-23.47301],[-70.30106,-23.47238],[-70.30138,-23.47166],[-70.30216,-23.46924],[-70.30249,-23.46859],[-70.3028,-23.46813],[-70.30575,-23.46511],[-70.30618,-23.46478],[-70.30779,-23.4638],[-70.30809,-23.46351],[-70.30843,-23.463],[-70.30861,-23.46253],[-70.30868,-23.46198],[-70.30846,-23.46054],[-70.30848,-23.45982],[-70.30917,-23.45708],[-70.30949,-23.45556],[-70.31038,-23.44911],[-70.31054,-23.44835],[-70.31072,-23.4479],[-70.31107,-23.44731],[-70.31376,-23.44363],[-70.31424,-23.44287],[-70.3147,-23.44188],[-70.31534,-23.43978]]}},{"type":"Feature","properties":{"nombre":"Quito","jerarquia":5},"geometry":{"type":"LineString","coordinates":[[-70.37576,-23.63744],[-70.37603,-23.63699],[-70.37649,-23.63646]]}},{"type":"Feature","properties":{"nombre":"Quito","jerarquia":5},"geometry":{"type":"LineString","coordinates":[[-70.37649,-23.63646],[-70.37718,-23.63564]]}},{"type":"Feature","properties":{"nombre":"Quito","jerarquia":5},"geometry":{"type":"LineString","coordinates":[[-70.37718,-23.63564],[-70.37752,-23.63519]]}},{"type":"Feature","properties":{"nombre":"Quito","jerarquia":5},"geometry":{"type":"LineString","coordinates":[[-70.37752,-23.63519],[-70.37784,-23.6348]]}},{"type":"Feature","properties":{"nombre":"Quito","jerarquia":5},"geometry":{"type":"LineString","coordinates":[[-70.37784,-23.6348],[-70.37814,-23.63448]]}},{"type":"Feature","properties":{"nombre":"Quito","jerarquia":5},"geometry":{"type":"LineString","coordinates":[[-70.37814,-23.63448],[-70.37847,-23.63412]]}},{"type":"Feature","properties":{"nombre":"Quito","jerarquia":5},"geometry":{"type":"LineString","coordinates":[[-70.37847,-23.63412],[-70.37891,-23.63365]]}},{"type":"Feature","properties":{"nombre":"Quito","jerarquia":5},"geometry":{"type":"LineString","coordinates":[[-70.37891,-23.63365],[-70.37917,-23.63332]]}},{"type":"Feature","properties":{"nombre":"Avenida Circunvalación Padre Alberto Hurtado","jerarquia":5},"geometry":{"type":"LineString","coordinates":[[-70.37338,-23.62937],[-70.37337,-23.62915]]}},{"type":"Feature","properties":{"nombre":"Avenida Circunvalación Padre Alberto Hurtado","jerarquia":5},"geometry":{"type":"LineString","coordinates":[[-70.37337,-23.62915],[-70.37337,-23.62905]]}},{"type":"Feature","properties":{"nombre":"Avenida Circunvalación Padre Alberto Hurtado","jerarquia":5},"geometry":{"type":"LineString","coordinates":[[-70.37337,-23.62905],[-70.37339,-23.62889],[-70.37347,-23.62877]]}},{"type":"Feature","properties":{"nombre":"Ruta 28","jerarquia":2},"geometry":{"type":"LineString","coordinates":[[-70.39417,-23.7017],[-70.39549,-23.70161],[-70.39588,-23.70151],[-70.39623,-23.70134],[-70.39667,-23.70093],[-70.39761,-23.69964],[-70.39807,-23.69912],[-70.39954,-23.69803],[-70.40014,-23.69773],[-70.40061,-23.69765],[-70.40105,-23.69766],[-70.40497,-23.69844]]}},{"type":"Feature","properties":{"nombre":"Avenida República de Croacia","jerarquia":4},"geometry":{"type":"LineString","coordinates":[[-70.4059,-23.67075],[-70.40674,-23.6708]]}},{"type":"Feature","properties":{"nombre":"Avenida República de Croacia","jerarquia":4},"geometry":{"type":"LineString","coordinates":[[-70.40674,-23.6708],[-70.4071,-23.67079]]}},{"type":"Feature","properties":{"nombre":"Avenida República de Croacia","jerarquia":4},"geometry":{"type":"LineString","coordinates":[[-70.40756,-23.67102],[-70.40711,-23.67098]]}},{"type":"Feature","properties":{"nombre":"Avenida República de Croacia","jerarquia":4},"geometry":{"type":"LineString","coordinates":[[-70.40711,-23.67098],[-70.40699,-23.67101]]}},{"type":"Feature","properties":{"nombre":"Avenida República de Croacia","jerarquia":2},"geometry":{"type":"LineString","coordinates":[[-70.40765,-23.67073],[-70.40803,-23.67085],[-70.40835,-23.67118]]}},{"type":"Feature","properties":{"nombre":"Avenida República de Croacia","jerarquia":2},"geometry":{"type":"LineString","coordinates":[[-70.40835,-23.67118],[-70.40879,-23.67164],[-70.40922,-23.6719]]}},{"type":"Feature","properties":{"nombre":"Avenida República de Croacia","jerarquia":2},"geometry":{"type":"LineString","coordinates":[[-70.40922,-23.6719],[-70.41011,-23.67243]]}},{"type":"Feature","properties":{"nombre":"Avenida República de Croacia","jerarquia":2},"geometry":{"type":"LineString","coordinates":[[-70.41011,-23.67243],[-70.41059,-23.67278],[-70.41115,-23.67351]]}},{"type":"Feature","properties":{"nombre":"Avenida República de Croacia","jerarquia":2},"geometry":{"type":"LineString","coordinates":[[-70.41115,-23.67351],[-70.41143,-23.67391],[-70.41165,-23.67433],[-70.41213,-23.67554]]}},{"type":"Feature","properties":{"nombre":"Avenida Argentina","jerarquia":3},"geometry":{"type":"LineString","coordinates":[[-70.41111,-23.69752],[-70.4108,-23.69723]]}},{"type":"Feature","properties":{"nombre":"Avenida Argentina","jerarquia":3},"geometry":{"type":"LineString","coordinates":[[-70.4108,-23.69723],[-70.41045,-23.69682]]}},{"type":"Feature","properties":{"nombre":"Avenida Argentina","jerarquia":3},"geometry":{"type":"LineString","coordinates":[[-70.41045,-23.69682],[-70.41028,-23.69637]]}},{"type":"Feature","properties":{"nombre":"Avenida Argentina","jerarquia":3},"geometry":{"type":"LineString","coordinates":[[-70.41028,-23.69637],[-70.41025,-23.69592]]}},{"type":"Feature","properties":{"nombre":"Avenida Argentina","jerarquia":3},"geometry":{"type":"LineString","coordinates":[[-70.41114,-23.6974],[-70.41128,-23.69754]]}},{"type":"Feature","properties":{"nombre":"Avenida Argentina","jerarquia":3},"geometry":{"type":"LineString","coordinates":[[-70.41128,-23.69754],[-70.41164,-23.69788]]}},{"type":"Feature","properties":{"nombre":"Avenida Argentina","jerarquia":3},"geometry":{"type":"LineString","coordinates":[[-70.41164,-23.69788],[-70.4121,-23.69835]]}},{"type":"Feature","properties":{"nombre":"Avenida Argentina","jerarquia":3},"geometry":{"type":"LineString","coordinates":[[-70.4121,-23.69835],[-70.41215,-23.69844]]}},{"type":"Feature","properties":{"nombre":"Santa Guillermina","jerarquia":5},"geometry":{"type":"LineString","coordinates":[[-70.40889,-23.6972],[-70.40928,-23.69717]]}},{"type":"Feature","properties":{"nombre":"Santa Cruz","jerarquia":5},"geometry":{"type":"LineString","coordinates":[[-70.41114,-23.6974],[-70.41111,-23.69752]]}},{"type":"Feature","properties":{"nombre":"Avenida Antonio Rendic","jerarquia":4},"geometry":{"type":"LineString","coordinates":[[-70.38838,-23.60403],[-70.38889,-23.60324]]}},{"type":"Feature","properties":{"nombre":"Avenida Antonio Rendic","jerarquia":4},"geometry":{"type":"LineString","coordinates":[[-70.38889,-23.60324],[-70.38909,-23.60282]]}},{"type":"Feature","properties":{"nombre":"Ruta 28","jerarquia":2},"geometry":{"type":"LineString","coordinates":[[-70.38394,-23.71151],[-70.38265,-23.71221],[-70.38189,-23.71279]]}},{"type":"Feature","properties":{"nombre":"Ruta 28","jerarquia":2},"geometry":{"type":"LineString","coordinates":[[-70.38189,-23.71279],[-70.37919,-23.71515],[-70.37886,-23.71557],[-70.37869,-23.71595],[-70.37862,-23.71631],[-70.37867,-23.71787],[-70.37862,-23.71837],[-70.37838,-23.71891],[-70.37803,-23.71928],[-70.3776,-23.71955],[-70.37703,-23.7197],[-70.37422,-23.71973],[-70.37332,-23.71983],[-70.37239,-23.7201],[-70.37153,-23.72052],[-70.36918,-23.722],[-70.36812,-23.72291],[-70.36754,-23.72358],[-70.3655,-23.72652],[-70.36506,-23.72704],[-70.36459,-23.72736],[-70.36292,-23.72817],[-70.36249,-23.72847],[-70.36222,-23.72874],[-70.36198,-23.72905],[-70.3591,-23.73371],[-70.35892,-23.73426],[-70.35892,-23.73471],[-70.35905,-23.73515],[-70.36064,-23.73771]]}},{"type":"Feature","properties":{"nombre":"Avenida Pedro Aguirre Cerda","jerarquia":3},"geometry":{"type":"LineString","coordinates":[[-70.38909,-23.60282],[-70.38928,-23.6002]]}},{"type":"Feature","properties":{"nombre":"Avenida Pedro Aguirre Cerda","jerarquia":3},"geometry":{"type":"LineString","coordinates":[[-70.38928,-23.6002],[-70.3893,-23.59993]]}},{"type":"Feature","properties":{"nombre":"Avenida Pedro Aguirre Cerda","jerarquia":3},"geometry":{"type":"LineString","coordinates":[[-70.3893,-23.59993],[-70.38948,-23.59766]]}},{"type":"Feature","properties":{"nombre":"Ruta 28","jerarquia":2},"geometry":{"type":"LineString","coordinates":[[-70.39343,-23.70174],[-70.39417,-23.7017]]}},{"type":"Feature","properties":{"nombre":"","jerarquia":2},"geometry":{"type":"LineString","coordinates":[[-70.40253,-23.65237],[-70.40234,-23.65232]]}},{"type":"Feature","properties":{"nombre":"","jerarquia":5},"geometry":{"type":"LineString","coordinates":[[-70.39244,-23.64412],[-70.39259,-23.64403]]}},{"type":"Feature","properties":{"nombre":"","jerarquia":4},"geometry":{"type":"LineString","coordinates":[[-70.3777,-23.62991],[-70.37756,-23.62997]]}},{"type":"Feature","properties":{"nombre":"","jerarquia":4},"geometry":{"type":"LineString","coordinates":[[-70.37756,-23.62997],[-70.37744,-23.63009]]}},{"type":"Feature","properties":{"nombre":"Acceso a Aeropuerto Andrés Sabella","jerarquia":5},"geometry":{"type":"LineString","coordinates":[[-70.44075,-23.45011],[-70.44067,-23.45036],[-70.44049,-23.45049],[-70.43896,-23.45065]]}},{"type":"Feature","properties":{"nombre":"Avenida Circunvalación Padre Alberto Hurtado","jerarquia":4},"geometry":{"type":"LineString","coordinates":[[-70.38599,-23.65101],[-70.38602,-23.65121]]}},{"type":"Feature","properties":{"nombre":"Avenida Circunvalación Padre Alberto Hurtado","jerarquia":4},"geometry":{"type":"LineString","coordinates":[[-70.38602,-23.65121],[-70.38603,-23.65138]]}},{"type":"Feature","properties":{"nombre":"Avenida Circunvalación Padre Alberto Hurtado","jerarquia":4},"geometry":{"type":"LineString","coordinates":[[-70.38603,-23.65138],[-70.38606,-23.65193],[-70.38616,-23.65254]]}},{"type":"Feature","properties":{"nombre":"Avenida Circunvalación Padre Alberto Hurtado","jerarquia":4},"geometry":{"type":"LineString","coordinates":[[-70.38616,-23.65254],[-70.38628,-23.65295]]}},{"type":"Feature","properties":{"nombre":"Avenida Circunvalación Padre Alberto Hurtado","jerarquia":4},"geometry":{"type":"LineString","coordinates":[[-70.38628,-23.65295],[-70.38644,-23.65349],[-70.38657,-23.65478]]}},{"type":"Feature","properties":{"nombre":"Avenida Circunvalación Padre Alberto Hurtado","jerarquia":4},"geometry":{"type":"LineString","coordinates":[[-70.38657,-23.65478],[-70.38664,-23.65562]]}},{"type":"Feature","properties":{"nombre":"Avenida Circunvalación Padre Alberto Hurtado","jerarquia":4},"geometry":{"type":"LineString","coordinates":[[-70.38664,-23.65562],[-70.38668,-23.65607],[-70.38691,-23.6571]]}},{"type":"Feature","properties":{"nombre":"Avenida Circunvalación Padre Alberto Hurtado","jerarquia":4},"geometry":{"type":"LineString","coordinates":[[-70.38691,-23.6571],[-70.3873,-23.65815]]}},{"type":"Feature","properties":{"nombre":"Avenida Circunvalación Padre Alberto Hurtado","jerarquia":4},"geometry":{"type":"LineString","coordinates":[[-70.3873,-23.65815],[-70.38734,-23.65824]]}},{"type":"Feature","properties":{"nombre":"Avenida Circunvalación Padre Alberto Hurtado","jerarquia":4},"geometry":{"type":"LineString","coordinates":[[-70.38734,-23.65824],[-70.38834,-23.66004]]}},{"type":"Feature","properties":{"nombre":"Avenida Circunvalación Padre Alberto Hurtado","jerarquia":4},"geometry":{"type":"LineString","coordinates":[[-70.38834,-23.66004],[-70.38893,-23.66111]]}},{"type":"Feature","properties":{"nombre":"Avenida Circunvalación Padre Alberto Hurtado","jerarquia":4},"geometry":{"type":"LineString","coordinates":[[-70.38893,-23.66111],[-70.38896,-23.66117]]}},{"type":"Feature","properties":{"nombre":"Avenida Circunvalación Padre Alberto Hurtado","jerarquia":4},"geometry":{"type":"LineString","coordinates":[[-70.38896,-23.66117],[-70.38934,-23.66173]]}},{"type":"Feature","properties":{"nombre":"Avenida Circunvalación Padre Alberto Hurtado","jerarquia":4},"geometry":{"type":"LineString","coordinates":[[-70.38934,-23.66173],[-70.38973,-23.6624]]}},{"type":"Feature","properties":{"nombre":"Avenida Circunvalación Padre Alberto Hurtado","jerarquia":4},"geometry":{"type":"LineString","coordinates":[[-70.38973,-23.6624],[-70.39005,-23.66304]]}},{"type":"Feature","properties":{"nombre":"Avenida Circunvalación Padre Alberto Hurtado","jerarquia":4},"geometry":{"type":"LineString","coordinates":[[-70.39005,-23.66304],[-70.3905,-23.66399]]}},{"type":"Feature","properties":{"nombre":"Camino a Juan López","jerarquia":5},"geometry":{"type":"LineString","coordinates":[[-70.53569,-23.507],[-70.5356,-23.50747]]}},{"type":"Feature","properties":{"nombre":"Camino a Juan López","jerarquia":5},"geometry":{"type":"LineString","coordinates":[[-70.5356,-23.50747],[-70.53552,-23.5079]]}},{"type":"Feature","properties":{"nombre":"Camino a Juan López","jerarquia":5},"geometry":{"type":"LineString","coordinates":[[-70.53552,-23.5079],[-70.53543,-23.50844]]}},{"type":"Feature","properties":{"nombre":"Camino a Juan López","jerarquia":5},"geometry":{"type":"LineString","coordinates":[[-70.53543,-23.50844],[-70.53536,-23.50888]]}},{"type":"Feature","properties":{"nombre":"Camino a Juan López","jerarquia":5},"geometry":{"type":"LineString","coordinates":[[-70.53536,-23.50888],[-70.53528,-23.50933]]}},{"type":"Feature","properties":{"nombre":"Camino a Juan López","jerarquia":5},"geometry":{"type":"LineString","coordinates":[[-70.53528,-23.50933],[-70.53521,-23.50976]]}},{"type":"Feature","properties":{"nombre":"Camino a Juan López","jerarquia":5},"geometry":{"type":"LineString","coordinates":[[-70.53521,-23.50976],[-70.53514,-23.51018]]}},{"type":"Feature","properties":{"nombre":"Camino a Juan López","jerarquia":5},"geometry":{"type":"LineString","coordinates":[[-70.53514,-23.51018],[-70.53506,-23.51056],[-70.53491,-23.51084]]}},{"type":"Feature","properties":{"nombre":"Camino a Juan López","jerarquia":5},"geometry":{"type":"LineString","coordinates":[[-70.53491,-23.51084],[-70.53481,-23.51098]]}},{"type":"Feature","properties":{"nombre":"Camino a Juan López","jerarquia":5},"geometry":{"type":"LineString","coordinates":[[-70.53481,-23.51098],[-70.53472,-23.5111]]}},{"type":"Feature","properties":{"nombre":"Camino a Juan López","jerarquia":5},"geometry":{"type":"LineString","coordinates":[[-70.53472,-23.5111],[-70.53457,-23.51131]]}},{"type":"Feature","properties":{"nombre":"Camino a Juan López","jerarquia":5},"geometry":{"type":"LineString","coordinates":[[-70.53457,-23.51131],[-70.53412,-23.51196]]}},{"type":"Feature","properties":{"nombre":"Camino a Juan López","jerarquia":5},"geometry":{"type":"LineString","coordinates":[[-70.53412,-23.51196],[-70.53337,-23.51307]]}},{"type":"Feature","properties":{"nombre":"Camino a Juan López","jerarquia":5},"geometry":{"type":"LineString","coordinates":[[-70.53337,-23.51307],[-70.53311,-23.51341]]}},{"type":"Feature","properties":{"nombre":"Camino a Juan López","jerarquia":5},"geometry":{"type":"LineString","coordinates":[[-70.53311,-23.51341],[-70.53289,-23.51358],[-70.53265,-23.51369]]}},{"type":"Feature","properties":{"nombre":"Camino a Juan López","jerarquia":5},"geometry":{"type":"LineString","coordinates":[[-70.53265,-23.51369],[-70.532,-23.51399]]}},{"type":"Feature","properties":{"nombre":"Camino a Juan López","jerarquia":5},"geometry":{"type":"LineString","coordinates":[[-70.532,-23.51399],[-70.53153,-23.51422]]}},{"type":"Feature","properties":{"nombre":"Oficina Ausonia","jerarquia":5},"geometry":{"type":"LineString","coordinates":[[-70.39503,-23.55943],[-70.39513,-23.55941]]}},{"type":"Feature","properties":{"nombre":"Oficina Ausonia","jerarquia":5},"geometry":{"type":"LineString","coordinates":[[-70.39513,-23.55941],[-70.39789,-23.55888]]}},{"type":"Feature","properties":{"nombre":"Oficina Ausonia","jerarquia":5},"geometry":{"type":"LineString","coordinates":[[-70.39789,-23.55888],[-70.39821,-23.5588],[-70.39858,-23.55879],[-70.39917,-23.55891]]}},{"type":"Feature","properties":{"nombre":"Oficina Ausonia","jerarquia":5},"geometry":{"type":"LineString","coordinates":[[-70.39917,-23.55891],[-70.39964,-23.55912]]}},{"type":"Feature","properties":{"nombre":"Avenida Pedro Aguirre Cerda","jerarquia":3},"geometry":{"type":"LineString","coordinates":[[-70.3911,-23.56296],[-70.39108,-23.56345]]}},{"type":"Feature","properties":{"nombre":"Avenida Pedro Aguirre Cerda","jerarquia":3},"geometry":{"type":"LineString","coordinates":[[-70.39108,-23.56345],[-70.39108,-23.56356]]}},{"type":"Feature","properties":{"nombre":"Avenida Pedro Aguirre Cerda","jerarquia":3},"geometry":{"type":"LineString","coordinates":[[-70.39108,-23.56356],[-70.39101,-23.56497]]}},{"type":"Feature","properties":{"nombre":"Avenida Pedro Aguirre Cerda","jerarquia":3},"geometry":{"type":"LineString","coordinates":[[-70.39082,-23.57015],[-70.39081,-23.57079],[-70.39086,-23.57126]]}},{"type":"Feature","properties":{"nombre":"Avenida Pedro Aguirre Cerda","jerarquia":3},"geometry":{"type":"LineString","coordinates":[[-70.39086,-23.57126],[-70.39117,-23.57284],[-70.39123,-23.57343]]}},{"type":"Feature","properties":{"nombre":"Avenida Pedro Aguirre Cerda","jerarquia":3},"geometry":{"type":"LineString","coordinates":[[-70.39123,-23.57343],[-70.39123,-23.57361]]}},{"type":"Feature","properties":{"nombre":"Avenida Pedro Aguirre Cerda","jerarquia":3},"geometry":{"type":"LineString","coordinates":[[-70.39123,-23.57361],[-70.3912,-23.57481]]}},{"type":"Feature","properties":{"nombre":"Avenida Pedro Aguirre Cerda","jerarquia":3},"geometry":{"type":"LineString","coordinates":[[-70.3912,-23.57481],[-70.39115,-23.57541]]}},{"type":"Feature","properties":{"nombre":"Avenida Sargento Aldea","jerarquia":3},"geometry":{"type":"LineString","coordinates":[[-70.39011,-23.62155],[-70.38999,-23.62137]]}},{"type":"Feature","properties":{"nombre":"Santa Guillermina","jerarquia":5},"geometry":{"type":"LineString","coordinates":[[-70.40721,-23.69708],[-70.40804,-23.69716]]}},{"type":"Feature","properties":{"nombre":"Santa Guillermina","jerarquia":5},"geometry":{"type":"LineString","coordinates":[[-70.40804,-23.69716],[-70.40854,-23.69719]]}},{"type":"Feature","properties":{"nombre":"Santa Guillermina","jerarquia":5},"geometry":{"type":"LineString","coordinates":[[-70.40854,-23.69719],[-70.40889,-23.6972]]}},{"type":"Feature","properties":{"nombre":"Cau Cau","jerarquia":5},"geometry":{"type":"LineString","coordinates":[[-70.40931,-23.69733],[-70.40928,-23.69717]]}},{"type":"Feature","properties":{"nombre":"Cau Cau","jerarquia":5},"geometry":{"type":"LineString","coordinates":[[-70.40928,-23.69717],[-70.40925,-23.69688]]}},{"type":"Feature","properties":{"nombre":"Cau Cau","jerarquia":5},"geometry":{"type":"LineString","coordinates":[[-70.40925,-23.69688],[-70.40925,-23.6967]]}},{"type":"Feature","properties":{"nombre":"Cau Cau","jerarquia":5},"geometry":{"type":"LineString","coordinates":[[-70.40925,-23.6967],[-70.40923,-23.69641]]}},{"type":"Feature","properties":{"nombre":"Cau Cau","jerarquia":5},"geometry":{"type":"LineString","coordinates":[[-70.40923,-23.69641],[-70.40922,-23.69625]]}},{"type":"Feature","properties":{"nombre":"Cau Cau","jerarquia":5},"geometry":{"type":"LineString","coordinates":[[-70.40922,-23.69625],[-70.40921,-23.69597]]}},{"type":"Feature","properties":{"nombre":"Cau Cau","jerarquia":5},"geometry":{"type":"LineString","coordinates":[[-70.40921,-23.69597],[-70.4092,-23.6958]]}},{"type":"Feature","properties":{"nombre":"Cau Cau","jerarquia":5},"geometry":{"type":"LineString","coordinates":[[-70.4092,-23.6958],[-70.40917,-23.69536]]}},{"type":"Feature","properties":{"nombre":"Cau Cau","jerarquia":5},"geometry":{"type":"LineString","coordinates":[[-70.40917,-23.69536],[-70.40903,-23.69509]]}},{"type":"Feature","properties":{"nombre":"Cau Cau","jerarquia":5},"geometry":{"type":"LineString","coordinates":[[-70.40903,-23.69509],[-70.40888,-23.69493]]}},{"type":"Feature","properties":{"nombre":"Domingo Faustino Sarmiento","jerarquia":4},"geometry":{"type":"LineString","coordinates":[[-70.38136,-23.62861],[-70.38137,-23.62873]]}},{"type":"Feature","properties":{"nombre":"","jerarquia":4},"geometry":{"type":"LineString","coordinates":[[-70.39318,-23.5919],[-70.39325,-23.5918]]}},{"type":"Feature","properties":{"nombre":"Ruta 28","jerarquia":2},"geometry":{"type":"LineString","coordinates":[[-70.39856,-23.69885],[-70.39817,-23.69916],[-70.39784,-23.69952],[-70.39663,-23.70119],[-70.39639,-23.70143],[-70.39602,-23.70166],[-70.39556,-23.70184],[-70.39511,-23.70191],[-70.39436,-23.70195]]}},{"type":"Feature","properties":{"nombre":"Avenida Angamos","jerarquia":4},"geometry":{"type":"LineString","coordinates":[[-70.4165,-23.69478],[-70.41655,-23.69485]]}},{"type":"Feature","properties":{"nombre":"Avenida Angamos","jerarquia":4},"geometry":{"type":"LineString","coordinates":[[-70.41655,-23.69485],[-70.41668,-23.69511],[-70.41675,-23.69538]]}},{"type":"Feature","properties":{"nombre":"Avenida Angamos","jerarquia":4},"geometry":{"type":"LineString","coordinates":[[-70.41675,-23.69538],[-70.41675,-23.69569],[-70.41666,-23.69605]]}},{"type":"Feature","properties":{"nombre":"Avenida Angamos","jerarquia":4},"geometry":{"type":"LineString","coordinates":[[-70.41666,-23.69605],[-70.41647,-23.69637],[-70.4161,-23.69669]]}},{"type":"Feature","properties":{"nombre":"Avenida Argentina","jerarquia":3},"geometry":{"type":"LineString","coordinates":[[-70.41208,-23.69849],[-70.4119,-23.69824],[-70.41111,-23.69752]]}},{"type":"Feature","properties":{"nombre":"Avenida Argentina","jerarquia":5},"geometry":{"type":"LineString","coordinates":[[-70.41224,-23.70083],[-70.41234,-23.70126]]}},{"type":"Feature","properties":{"nombre":"Avenida Argentina","jerarquia":5},"geometry":{"type":"LineString","coordinates":[[-70.41234,-23.70126],[-70.41255,-23.70156]]}},{"type":"Feature","properties":{"nombre":"Avenida Argentina","jerarquia":5},"geometry":{"type":"LineString","coordinates":[[-70.41259,-23.70169],[-70.41226,-23.70123]]}},{"type":"Feature","properties":{"nombre":"Avenida Argentina","jerarquia":3},"geometry":{"type":"LineString","coordinates":[[-70.41222,-23.69879],[-70.41223,-23.70014]]}},{"type":"Feature","properties":{"nombre":"Avenida Argentina","jerarquia":3},"geometry":{"type":"LineString","coordinates":[[-70.41214,-23.70013],[-70.41214,-23.69879]]}},{"type":"Feature","properties":{"nombre":"","jerarquia":2},"geometry":{"type":"LineString","coordinates":[[-70.41223,-23.70043],[-70.41237,-23.70074],[-70.41261,-23.70089],[-70.41291,-23.70088],[-70.41315,-23.70071]]}},{"type":"Feature","properties":{"nombre":"","jerarquia":2},"geometry":{"type":"LineString","coordinates":[[-70.41099,-23.69991],[-70.41106,-23.7]]}},{"type":"Feature","properties":{"nombre":"","jerarquia":2},"geometry":{"type":"LineString","coordinates":[[-70.41324,-23.69998],[-70.41332,-23.6999]]}},{"type":"Feature","properties":{"nombre":"","jerarquia":2},"geometry":{"type":"LineString","coordinates":[[-70.41332,-23.6999],[-70.41339,-23.69985]]}},{"type":"Feature","properties":{"nombre":"Acceso Coviefi","jerarquia":5},"geometry":{"type":"LineString","coordinates":[[-70.40758,-23.6984],[-70.40705,-23.6981],[-70.40643,-23.69761],[-70.40571,-23.69737],[-70.40563,-23.69728],[-70.40566,-23.69719],[-70.40575,-23.69716],[-70.40721,-23.69708]]}},{"type":"Feature","properties":{"nombre":"","jerarquia":2},"geometry":{"type":"LineString","coordinates":[[-70.41186,-23.6999],[-70.4116,-23.69993],[-70.41145,-23.69999],[-70.41137,-23.70013],[-70.41141,-23.70031],[-70.41163,-23.70059],[-70.41181,-23.70065],[-70.41202,-23.70056],[-70.41214,-23.70031]]}},{"type":"Feature","properties":{"nombre":"","jerarquia":2},"geometry":{"type":"LineString","coordinates":[[-70.41182,-23.70107],[-70.41198,-23.70109],[-70.41209,-23.70104]]}},{"type":"Feature","properties":{"nombre":"","jerarquia":2},"geometry":{"type":"LineString","coordinates":[[-70.41209,-23.70104],[-70.41217,-23.70095]]}},{"type":"Feature","properties":{"nombre":"","jerarquia":2},"geometry":{"type":"LineString","coordinates":[[-70.41188,-23.70114],[-70.41216,-23.70123]]}},{"type":"Feature","properties":{"nombre":"","jerarquia":2},"geometry":{"type":"LineString","coordinates":[[-70.41216,-23.70123],[-70.41226,-23.70123]]}},{"type":"Feature","properties":{"nombre":"","jerarquia":2},"geometry":{"type":"LineString","coordinates":[[-70.40793,-23.69861],[-70.40805,-23.6987],[-70.40809,-23.69895],[-70.40822,-23.6991]]}},{"type":"Feature","properties":{"nombre":"","jerarquia":2},"geometry":{"type":"LineString","coordinates":[[-70.41121,-23.6998],[-70.41106,-23.69995]]}},{"type":"Feature","properties":{"nombre":"","jerarquia":2},"geometry":{"type":"LineString","coordinates":[[-70.41106,-23.69995],[-70.41106,-23.7]]}},{"type":"Feature","properties":{"nombre":"","jerarquia":2},"geometry":{"type":"LineString","coordinates":[[-70.40775,-23.699],[-70.40788,-23.69895],[-70.40797,-23.69884],[-70.40799,-23.69871],[-70.40793,-23.69861]]}},{"type":"Feature","properties":{"nombre":"","jerarquia":2},"geometry":{"type":"LineString","coordinates":[[-70.41259,-23.70169],[-70.41217,-23.70141],[-70.41188,-23.70114]]}},{"type":"Feature","properties":{"nombre":"","jerarquia":2},"geometry":{"type":"LineString","coordinates":[[-70.41066,-23.69958],[-70.41084,-23.69971]]}},{"type":"Feature","properties":{"nombre":"","jerarquia":2},"geometry":{"type":"LineString","coordinates":[[-70.41084,-23.69971],[-70.41088,-23.69974]]}},{"type":"Feature","properties":{"nombre":"","jerarquia":2},"geometry":{"type":"LineString","coordinates":[[-70.41315,-23.70071],[-70.41322,-23.70039]]}},{"type":"Feature","properties":{"nombre":"","jerarquia":2},"geometry":{"type":"LineString","coordinates":[[-70.41099,-23.69991],[-70.41062,-23.69969]]}},{"type":"Feature","properties":{"nombre":"","jerarquia":2},"geometry":{"type":"LineString","coordinates":[[-70.41322,-23.70039],[-70.41308,-23.70014],[-70.41277,-23.69999]]}},{"type":"Feature","properties":{"nombre":"","jerarquia":2},"geometry":{"type":"LineString","coordinates":[[-70.41277,-23.69999],[-70.41268,-23.69997]]}},{"type":"Feature","properties":{"nombre":"","jerarquia":2},"geometry":{"type":"LineString","coordinates":[[-70.31926,-23.77509],[-70.31924,-23.77487]]}},{"type":"Feature","properties":{"nombre":"","jerarquia":2},"geometry":{"type":"LineString","coordinates":[[-70.31943,-23.77492],[-70.31924,-23.77487]]}},{"type":"Feature","properties":{"nombre":"","jerarquia":5},"geometry":{"type":"LineString","coordinates":[[-70.32019,-23.77452],[-70.31992,-23.77454],[-70.31951,-23.77491]]}},{"type":"Feature","properties":{"nombre":"","jerarquia":5},"geometry":{"type":"LineString","coordinates":[[-70.31951,-23.77491],[-70.31904,-23.77536]]}},{"type":"Feature","properties":{"nombre":"","jerarquia":5},"geometry":{"type":"LineString","coordinates":[[-70.31943,-23.77492],[-70.31984,-23.77453],[-70.32005,-23.77447],[-70.32019,-23.77452]]}},{"type":"Feature","properties":{"nombre":"","jerarquia":5},"geometry":{"type":"LineString","coordinates":[[-70.32019,-23.77452],[-70.32114,-23.77491],[-70.32165,-23.77515],[-70.32188,-23.77531],[-70.32205,-23.77552],[-70.32278,-23.77706],[-70.32292,-23.77723],[-70.32312,-23.77734],[-70.32835,-23.77828],[-70.33048,-23.77921],[-70.33125,-23.77946],[-70.34463,-23.78282],[-70.34497,-23.78285],[-70.34537,-23.78279],[-70.34919,-23.78163],[-70.35162,-23.78054],[-70.35346,-23.78024],[-70.35715,-23.78014],[-70.36217,-23.77871],[-70.36295,-23.77871],[-70.36385,-23.77904],[-70.36508,-23.77909],[-70.36545,-23.77914],[-70.36644,-23.77943],[-70.36973,-23.78067],[-70.3702,-23.78095],[-70.37069,-23.78138],[-70.37247,-23.78194],[-70.37366,-23.78254],[-70.37394,-23.78264],[-70.37432,-23.78267],[-70.37564,-23.78264],[-70.37607,-23.7827],[-70.37886,-23.7834],[-70.37926,-23.78344],[-70.38079,-23.78343],[-70.38218,-23.78363],[-70.3876,-23.78498],[-70.38983,-23.78583],[-70.39187,-23.78617],[-70.39254,-23.78615],[-70.39526,-23.78555],[-70.39624,-23.78547],[-70.39994,-23.78562],[-70.40341,-23.78637],[-70.40703,-23.78644],[-70.40797,-23.78652],[-70.40946,-23.78698],[-70.41119,-23.78721],[-70.4114,-23.7873],[-70.41178,-23.78765],[-70.41223,-23.78821],[-70.41314,-23.78895],[-70.41337,-23.78909]]}},{"type":"Feature","properties":{"nombre":"","jerarquia":5},"geometry":{"type":"LineString","coordinates":[[-70.41337,-23.78909],[-70.41348,-23.78913]]}},{"type":"Feature","properties":{"nombre":"Ruta B-510","jerarquia":5},"geometry":{"type":"LineString","coordinates":[[-70.41392,-23.78922],[-70.41647,-23.78899],[-70.41697,-23.78889],[-70.41775,-23.78852],[-70.41816,-23.78823],[-70.41844,-23.78796],[-70.41867,-23.78762],[-70.41993,-23.7845],[-70.42024,-23.78389],[-70.4214,-23.78227],[-70.42557,-23.77571],[-70.4259,-23.77528],[-70.42629,-23.77489],[-70.42756,-23.77398],[-70.43032,-23.77215],[-70.43078,-23.77176],[-70.43129,-23.77121],[-70.43295,-23.76922],[-70.43439,-23.76732],[-70.43475,-23.76678],[-70.43564,-23.76534],[-70.43656,-23.76303]]}},{"type":"Feature","properties":{"nombre":"Ruta B-510","jerarquia":5},"geometry":{"type":"LineString","coordinates":[[-70.43656,-23.76303],[-70.43713,-23.76163],[-70.43749,-23.76045]]}},{"type":"Feature","properties":{"nombre":"Ruta B-510","jerarquia":5},"geometry":{"type":"LineString","coordinates":[[-70.43749,-23.76045],[-70.43826,-23.75788],[-70.43874,-23.75706],[-70.43949,-23.75603],[-70.43974,-23.75584],[-70.4406,-23.75536],[-70.44098,-23.75526],[-70.44136,-23.75525],[-70.44278,-23.75541],[-70.44328,-23.75529],[-70.4436,-23.75512],[-70.44369,-23.75502],[-70.44394,-23.75461],[-70.44447,-23.75287],[-70.44454,-23.75256],[-70.4446,-23.7513],[-70.44466,-23.75087],[-70.44489,-23.75053],[-70.44597,-23.74957]]}},{"type":"Feature","properties":{"nombre":"Ruta B-510","jerarquia":5},"geometry":{"type":"LineString","coordinates":[[-70.44597,-23.74957],[-70.44628,-23.74927]]}},{"type":"Feature","properties":{"nombre":"Avenida Edmundo Pérez Zujovic","jerarquia":2},"geometry":{"type":"LineString","coordinates":[[-70.4016,-23.55961],[-70.40246,-23.55805],[-70.40259,-23.55756],[-70.40263,-23.55709],[-70.40258,-23.55664],[-70.40242,-23.55611],[-70.40148,-23.5546]]}},{"type":"Feature","properties":{"nombre":"Avenida Edmundo Pérez Zujovic","jerarquia":2},"geometry":{"type":"LineString","coordinates":[[-70.40148,-23.5546],[-70.40107,-23.55404],[-70.39596,-23.54897]]}},{"type":"Feature","properties":{"nombre":"Rotonda Pérez Zujovic","jerarquia":3},"geometry":{"type":"LineString","coordinates":[[-70.39202,-23.54484],[-70.39218,-23.54479]]}},{"type":"Feature","properties":{"nombre":"Rotonda Pérez Zujovic","jerarquia":3},"geometry":{"type":"LineString","coordinates":[[-70.39218,-23.54479],[-70.3924,-23.54482]]}},{"type":"Feature","properties":{"nombre":"Rotonda Pérez Zujovic","jerarquia":3},"geometry":{"type":"LineString","coordinates":[[-70.39254,-23.54547],[-70.39236,-23.54557]]}},{"type":"Feature","properties":{"nombre":"Rotonda Pérez Zujovic","jerarquia":3},"geometry":{"type":"LineString","coordinates":[[-70.39236,-23.54557],[-70.39227,-23.54558]]}},{"type":"Feature","properties":{"nombre":"Rotonda Pérez Zujovic","jerarquia":3},"geometry":{"type":"LineString","coordinates":[[-70.39227,-23.54558],[-70.39219,-23.54558]]}},{"type":"Feature","properties":{"nombre":"Rotonda Pérez Zujovic","jerarquia":3},"geometry":{"type":"LineString","coordinates":[[-70.39219,-23.54558],[-70.39191,-23.54546],[-70.39181,-23.54528]]}},{"type":"Feature","properties":{"nombre":"Rotonda Pérez Zujovic","jerarquia":3},"geometry":{"type":"LineString","coordinates":[[-70.39181,-23.54528],[-70.3918,-23.54506]]}},{"type":"Feature","properties":{"nombre":"Rotonda Pérez Zujovic","jerarquia":3},"geometry":{"type":"LineString","coordinates":[[-70.3918,-23.54506],[-70.39202,-23.54484]]}},{"type":"Feature","properties":{"nombre":"Pisagua","jerarquia":4},"geometry":{"type":"LineString","coordinates":[[-70.39016,-23.62158],[-70.39034,-23.62154]]}},{"type":"Feature","properties":{"nombre":"","jerarquia":3},"geometry":{"type":"LineString","coordinates":[[-70.39004,-23.5893],[-70.38993,-23.58962]]}},{"type":"Feature","properties":{"nombre":"","jerarquia":3},"geometry":{"type":"LineString","coordinates":[[-70.39023,-23.58569],[-70.39036,-23.58588]]}},{"type":"Feature","properties":{"nombre":"","jerarquia":3},"geometry":{"type":"LineString","coordinates":[[-70.38977,-23.59165],[-70.38984,-23.59175],[-70.39011,-23.59187]]}},{"type":"Feature","properties":{"nombre":"","jerarquia":3},"geometry":{"type":"LineString","coordinates":[[-70.39011,-23.59187],[-70.39024,-23.5919]]}},{"type":"Feature","properties":{"nombre":"Manuel Rodríguez","jerarquia":5},"geometry":{"type":"LineString","coordinates":[[-70.39215,-23.65769],[-70.39208,-23.6576]]}},{"type":"Feature","properties":{"nombre":"Manuel Rodríguez","jerarquia":5},"geometry":{"type":"LineString","coordinates":[[-70.39208,-23.6576],[-70.39168,-23.65703]]}},{"type":"Feature","properties":{"nombre":"Manuel Rodríguez","jerarquia":5},"geometry":{"type":"LineString","coordinates":[[-70.39168,-23.65703],[-70.39106,-23.65625]]}},{"type":"Feature","properties":{"nombre":"Manuel Rodríguez","jerarquia":5},"geometry":{"type":"LineString","coordinates":[[-70.39106,-23.65625],[-70.39041,-23.6554]]}},{"type":"Feature","properties":{"nombre":"Manuel Rodríguez","jerarquia":5},"geometry":{"type":"LineString","coordinates":[[-70.39041,-23.6554],[-70.39038,-23.65536]]}},{"type":"Feature","properties":{"nombre":"Manuel Rodríguez","jerarquia":5},"geometry":{"type":"LineString","coordinates":[[-70.39038,-23.65536],[-70.39031,-23.65524]]}},{"type":"Feature","properties":{"nombre":"Manuel Rodríguez","jerarquia":5},"geometry":{"type":"LineString","coordinates":[[-70.39031,-23.65524],[-70.39009,-23.65477],[-70.39002,-23.65424]]}},{"type":"Feature","properties":{"nombre":"Manuel Rodríguez","jerarquia":5},"geometry":{"type":"LineString","coordinates":[[-70.39002,-23.65424],[-70.39003,-23.65412]]}},{"type":"Feature","properties":{"nombre":"Manuel Rodríguez","jerarquia":5},"geometry":{"type":"LineString","coordinates":[[-70.39003,-23.65412],[-70.39003,-23.65371]]}},{"type":"Feature","properties":{"nombre":"Manuel Rodríguez","jerarquia":5},"geometry":{"type":"LineString","coordinates":[[-70.39003,-23.65371],[-70.39009,-23.65241]]}},{"type":"Feature","properties":{"nombre":"Manuel Rodríguez","jerarquia":5},"geometry":{"type":"LineString","coordinates":[[-70.39009,-23.65241],[-70.3901,-23.65212]]}},{"type":"Feature","properties":{"nombre":"Manuel Rodríguez","jerarquia":5},"geometry":{"type":"LineString","coordinates":[[-70.3901,-23.65212],[-70.39013,-23.65067]]}},{"type":"Feature","properties":{"nombre":"Avenida Salvador Allende","jerarquia":2},"geometry":{"type":"LineString","coordinates":[[-70.37277,-23.6289],[-70.37337,-23.62905]]}},{"type":"Feature","properties":{"nombre":"Avenida Salvador Allende","jerarquia":2},"geometry":{"type":"LineString","coordinates":[[-70.37337,-23.62905],[-70.37366,-23.62911]]}},{"type":"Feature","properties":{"nombre":"Ruta 26","jerarquia":2},"geometry":{"type":"LineString","coordinates":[[-70.36821,-23.62695],[-70.36682,-23.62678],[-70.36605,-23.62684],[-70.3655,-23.62699],[-70.36498,-23.62722],[-70.3645,-23.62751],[-70.36356,-23.62839],[-70.36324,-23.62863],[-70.36287,-23.62882],[-70.36243,-23.62894],[-70.36166,-23.62896],[-70.36024,-23.62867]]}},{"type":"Feature","properties":{"nombre":"Avenida Cerro Paranal","jerarquia":4},"geometry":{"type":"LineString","coordinates":[[-70.4165,-23.69478],[-70.4183,-23.69487]]}},{"type":"Feature","properties":{"nombre":"Avenida Cerro Paranal","jerarquia":4},"geometry":{"type":"LineString","coordinates":[[-70.4183,-23.69487],[-70.41842,-23.69488]]}},{"type":"Feature","properties":{"nombre":"Avenida Cerro Paranal","jerarquia":4},"geometry":{"type":"LineString","coordinates":[[-70.41842,-23.69488],[-70.41903,-23.69492]]}},{"type":"Feature","properties":{"nombre":"Avenida Cerro Paranal","jerarquia":4},"geometry":{"type":"LineString","coordinates":[[-70.41903,-23.69492],[-70.41913,-23.69493]]}},{"type":"Feature","properties":{"nombre":"Avenida Cerro Paranal","jerarquia":4},"geometry":{"type":"LineString","coordinates":[[-70.41913,-23.69493],[-70.41977,-23.69496]]}},{"type":"Feature","properties":{"nombre":"Avenida Cerro Paranal","jerarquia":4},"geometry":{"type":"LineString","coordinates":[[-70.41977,-23.69496],[-70.42144,-23.69507]]}},{"type":"Feature","properties":{"nombre":"Avenida Cerro Paranal","jerarquia":4},"geometry":{"type":"LineString","coordinates":[[-70.42144,-23.69507],[-70.42154,-23.69506]]}},{"type":"Feature","properties":{"nombre":"Ruta 1","jerarquia":5},"geometry":{"type":"LineString","coordinates":[[-70.44628,-23.74927],[-70.44646,-23.74955]]}},{"type":"Feature","properties":{"nombre":"Ruta 1","jerarquia":5},"geometry":{"type":"LineString","coordinates":[[-70.44646,-23.74955],[-70.44679,-23.74978],[-70.44737,-23.75003],[-70.44925,-23.7504],[-70.45037,-23.75094],[-70.45185,-23.75154],[-70.4523,-23.75178],[-70.45259,-23.75212],[-70.45376,-23.75416],[-70.45412,-23.75453],[-70.45462,-23.75489],[-70.45558,-23.75576],[-70.45573,-23.75601],[-70.45583,-23.75658],[-70.45592,-23.75684]]}},{"type":"Feature","properties":{"nombre":"Avenida Jaime Guzmán Errázuriz","jerarquia":5},"geometry":{"type":"LineString","coordinates":[[-70.43722,-23.72817],[-70.4383,-23.73124]]}},{"type":"Feature","properties":{"nombre":"Avenida Jaime Guzmán Errázuriz","jerarquia":5},"geometry":{"type":"LineString","coordinates":[[-70.4383,-23.73124],[-70.43896,-23.73294],[-70.43923,-23.7334],[-70.43951,-23.73372]]}},{"type":"Feature","properties":{"nombre":"Avenida Jaime Guzmán Errázuriz","jerarquia":5},"geometry":{"type":"LineString","coordinates":[[-70.43951,-23.73372],[-70.43991,-23.73416],[-70.4402,-23.73456]]}},{"type":"Feature","properties":{"nombre":"Avenida Jaime Guzmán Errázuriz","jerarquia":5},"geometry":{"type":"LineString","coordinates":[[-70.44079,-23.7363],[-70.4411,-23.73705],[-70.44131,-23.7374]]}},{"type":"Feature","properties":{"nombre":"Avenida Jaime Guzmán Errázuriz","jerarquia":5},"geometry":{"type":"LineString","coordinates":[[-70.44131,-23.7374],[-70.44269,-23.73937],[-70.44318,-23.74038]]}},{"type":"Feature","properties":{"nombre":"","jerarquia":3},"geometry":{"type":"LineString","coordinates":[[-70.39248,-23.6234],[-70.39253,-23.62304],[-70.39262,-23.62291]]}},{"type":"Feature","properties":{"nombre":"","jerarquia":3},"geometry":{"type":"LineString","coordinates":[[-70.39362,-23.64286],[-70.39372,-23.64287]]}},{"type":"Feature","properties":{"nombre":"Iquique","jerarquia":5},"geometry":{"type":"LineString","coordinates":[[-70.39372,-23.64287],[-70.3938,-23.64357],[-70.39389,-23.64379],[-70.39407,-23.64401],[-70.39621,-23.64569]]}},{"type":"Feature","properties":{"nombre":"Iquique","jerarquia":5},"geometry":{"type":"LineString","coordinates":[[-70.39621,-23.64569],[-70.39629,-23.64575]]}},{"type":"Feature","properties":{"nombre":"Iquique","jerarquia":3},"geometry":{"type":"LineString","coordinates":[[-70.39362,-23.64286],[-70.39352,-23.64179]]}},{"type":"Feature","properties":{"nombre":"Iquique","jerarquia":3},"geometry":{"type":"LineString","coordinates":[[-70.39352,-23.64179],[-70.39343,-23.6408]]}},{"type":"Feature","properties":{"nombre":"Iquique","jerarquia":3},"geometry":{"type":"LineString","coordinates":[[-70.39343,-23.6408],[-70.39338,-23.63976]]}},{"type":"Feature","properties":{"nombre":"Iquique","jerarquia":3},"geometry":{"type":"LineString","coordinates":[[-70.39338,-23.63976],[-70.39345,-23.63878]]}},{"type":"Feature","properties":{"nombre":"Iquique","jerarquia":3},"geometry":{"type":"LineString","coordinates":[[-70.39345,-23.63878],[-70.39345,-23.63874]]}},{"type":"Feature","properties":{"nombre":"Iquique","jerarquia":3},"geometry":{"type":"LineString","coordinates":[[-70.39345,-23.63874],[-70.39348,-23.63843]]}},{"type":"Feature","properties":{"nombre":"Iquique","jerarquia":3},"geometry":{"type":"LineString","coordinates":[[-70.39348,-23.63843],[-70.39354,-23.63762]]}},{"type":"Feature","properties":{"nombre":"Iquique","jerarquia":3},"geometry":{"type":"LineString","coordinates":[[-70.39354,-23.63762],[-70.39354,-23.63759]]}},{"type":"Feature","properties":{"nombre":"Iquique","jerarquia":3},"geometry":{"type":"LineString","coordinates":[[-70.39354,-23.63759],[-70.39366,-23.63583]]}},{"type":"Feature","properties":{"nombre":"Iquique","jerarquia":3},"geometry":{"type":"LineString","coordinates":[[-70.39366,-23.63583],[-70.39367,-23.63576]]}},{"type":"Feature","properties":{"nombre":"Iquique","jerarquia":3},"geometry":{"type":"LineString","coordinates":[[-70.39367,-23.63576],[-70.39373,-23.6347]]}},{"type":"Feature","properties":{"nombre":"Iquique","jerarquia":3},"geometry":{"type":"LineString","coordinates":[[-70.39373,-23.6347],[-70.39374,-23.63452]]}},{"type":"Feature","properties":{"nombre":"Iquique","jerarquia":3},"geometry":{"type":"LineString","coordinates":[[-70.39374,-23.63452],[-70.39376,-23.6342]]}},{"type":"Feature","properties":{"nombre":"Iquique","jerarquia":3},"geometry":{"type":"LineString","coordinates":[[-70.39376,-23.6342],[-70.39379,-23.63368]]}},{"type":"Feature","properties":{"nombre":"Iquique","jerarquia":3},"geometry":{"type":"LineString","coordinates":[[-70.39379,-23.63368],[-70.3938,-23.63342]]}},{"type":"Feature","properties":{"nombre":"Iquique","jerarquia":3},"geometry":{"type":"LineString","coordinates":[[-70.3938,-23.63342],[-70.39382,-23.63308]]}},{"type":"Feature","properties":{"nombre":"Iquique","jerarquia":3},"geometry":{"type":"LineString","coordinates":[[-70.39382,-23.63308],[-70.39386,-23.63252]]}},{"type":"Feature","properties":{"nombre":"Iquique","jerarquia":3},"geometry":{"type":"LineString","coordinates":[[-70.39386,-23.63252],[-70.39386,-23.63241]]}},{"type":"Feature","properties":{"nombre":"Iquique","jerarquia":3},"geometry":{"type":"LineString","coordinates":[[-70.39386,-23.63241],[-70.3939,-23.63158]]}},{"type":"Feature","properties":{"nombre":"Iquique","jerarquia":3},"geometry":{"type":"LineString","coordinates":[[-70.3939,-23.63158],[-70.39391,-23.63146]]}},{"type":"Feature","properties":{"nombre":"Iquique","jerarquia":3},"geometry":{"type":"LineString","coordinates":[[-70.39391,-23.63146],[-70.39397,-23.63014]]}},{"type":"Feature","properties":{"nombre":"Iquique","jerarquia":3},"geometry":{"type":"LineString","coordinates":[[-70.39397,-23.63014],[-70.39399,-23.62967]]}},{"type":"Feature","properties":{"nombre":"Iquique","jerarquia":3},"geometry":{"type":"LineString","coordinates":[[-70.39399,-23.62967],[-70.39401,-23.62917]]}},{"type":"Feature","properties":{"nombre":"Iquique","jerarquia":3},"geometry":{"type":"LineString","coordinates":[[-70.39401,-23.62917],[-70.39403,-23.62874]]}},{"type":"Feature","properties":{"nombre":"Iquique","jerarquia":3},"geometry":{"type":"LineString","coordinates":[[-70.39403,-23.62874],[-70.39404,-23.6286]]}},{"type":"Feature","properties":{"nombre":"Azapa","jerarquia":5},"geometry":{"type":"LineString","coordinates":[[-70.38936,-23.62419],[-70.38962,-23.6246]]}},{"type":"Feature","properties":{"nombre":"Azapa","jerarquia":5},"geometry":{"type":"LineString","coordinates":[[-70.38962,-23.6246],[-70.38994,-23.62511]]}},{"type":"Feature","properties":{"nombre":"Azapa","jerarquia":5},"geometry":{"type":"LineString","coordinates":[[-70.38994,-23.62511],[-70.3903,-23.62568]]}},{"type":"Feature","properties":{"nombre":"Azapa","jerarquia":5},"geometry":{"type":"LineString","coordinates":[[-70.3903,-23.62568],[-70.39091,-23.62672],[-70.39118,-23.62737]]}},{"type":"Feature","properties":{"nombre":"","jerarquia":3},"geometry":{"type":"LineString","coordinates":[[-70.39326,-23.62587],[-70.39308,-23.62585]]}},{"type":"Feature","properties":{"nombre":"Vladimir Saavedra","jerarquia":5},"geometry":{"type":"LineString","coordinates":[[-70.38447,-23.5727],[-70.38443,-23.57266],[-70.3839,-23.57263]]}},{"type":"Feature","properties":{"nombre":"Vladimir Saavedra","jerarquia":5},"geometry":{"type":"LineString","coordinates":[[-70.3839,-23.57263],[-70.38347,-23.5726]]}},{"type":"Feature","properties":{"nombre":"Vladimir Saavedra","jerarquia":5},"geometry":{"type":"LineString","coordinates":[[-70.38347,-23.5726],[-70.38308,-23.57258]]}},{"type":"Feature","properties":{"nombre":"Vladimir Saavedra","jerarquia":5},"geometry":{"type":"LineString","coordinates":[[-70.38308,-23.57258],[-70.38266,-23.57256]]}},{"type":"Feature","properties":{"nombre":"Vladimir Saavedra","jerarquia":5},"geometry":{"type":"LineString","coordinates":[[-70.38266,-23.57256],[-70.38221,-23.57253]]}},{"type":"Feature","properties":{"nombre":"Irarrázabal","jerarquia":5},"geometry":{"type":"LineString","coordinates":[[-70.37507,-23.60347],[-70.37558,-23.60347]]}},{"type":"Feature","properties":{"nombre":"Irarrázabal","jerarquia":5},"geometry":{"type":"LineString","coordinates":[[-70.37558,-23.60347],[-70.37604,-23.60347]]}},{"type":"Feature","properties":{"nombre":"Irarrázabal","jerarquia":5},"geometry":{"type":"LineString","coordinates":[[-70.37604,-23.60347],[-70.37655,-23.60347]]}},{"type":"Feature","properties":{"nombre":"Irarrázabal","jerarquia":5},"geometry":{"type":"LineString","coordinates":[[-70.37655,-23.60347],[-70.37742,-23.60347]]}},{"type":"Feature","properties":{"nombre":"Irarrázabal","jerarquia":4},"geometry":{"type":"LineString","coordinates":[[-70.38506,-23.60399],[-70.38464,-23.604]]}},{"type":"Feature","properties":{"nombre":"Irarrázabal","jerarquia":4},"geometry":{"type":"LineString","coordinates":[[-70.38464,-23.604],[-70.3841,-23.60397]]}},{"type":"Feature","properties":{"nombre":"Irarrázabal","jerarquia":4},"geometry":{"type":"LineString","coordinates":[[-70.3841,-23.60397],[-70.38347,-23.60393]]}},{"type":"Feature","properties":{"nombre":"Irarrázabal","jerarquia":4},"geometry":{"type":"LineString","coordinates":[[-70.38347,-23.60393],[-70.38263,-23.60388]]}},{"type":"Feature","properties":{"nombre":"Irarrázabal","jerarquia":4},"geometry":{"type":"LineString","coordinates":[[-70.38263,-23.60388],[-70.38228,-23.60386]]}},{"type":"Feature","properties":{"nombre":"Irarrázabal","jerarquia":4},"geometry":{"type":"LineString","coordinates":[[-70.38228,-23.60386],[-70.38196,-23.60384]]}},{"type":"Feature","properties":{"nombre":"Irarrázabal","jerarquia":4},"geometry":{"type":"LineString","coordinates":[[-70.38196,-23.60384],[-70.38144,-23.60381]]}},{"type":"Feature","properties":{"nombre":"Irarrázabal","jerarquia":4},"geometry":{"type":"LineString","coordinates":[[-70.38144,-23.60381],[-70.38095,-23.60376]]}},{"type":"Feature","properties":{"nombre":"Irarrázabal","jerarquia":4},"geometry":{"type":"LineString","coordinates":[[-70.38095,-23.60376],[-70.38048,-23.60372]]}},{"type":"Feature","properties":{"nombre":"Irarrázabal","jerarquia":4},"geometry":{"type":"LineString","coordinates":[[-70.38048,-23.60372],[-70.37995,-23.60368]]}},{"type":"Feature","properties":{"nombre":"Irarrázabal","jerarquia":4},"geometry":{"type":"LineString","coordinates":[[-70.37995,-23.60368],[-70.37987,-23.60367]]}},{"type":"Feature","properties":{"nombre":"Irarrázabal","jerarquia":4},"geometry":{"type":"LineString","coordinates":[[-70.37987,-23.60367],[-70.37977,-23.60366]]}},{"type":"Feature","properties":{"nombre":"Irarrázabal","jerarquia":4},"geometry":{"type":"LineString","coordinates":[[-70.37977,-23.60366],[-70.37906,-23.60358],[-70.37789,-23.60354]]}},{"type":"Feature","properties":{"nombre":"","jerarquia":2},"geometry":{"type":"LineString","coordinates":[[-70.40895,-23.69936],[-70.40845,-23.6994],[-70.40822,-23.69937]]}},{"type":"Feature","properties":{"nombre":"","jerarquia":5},"geometry":{"type":"LineString","coordinates":[[-70.40139,-23.55998],[-70.40148,-23.56002]]}},{"type":"Feature","properties":{"nombre":"Acceso a Aeropuerto Andrés Sabella","jerarquia":5},"geometry":{"type":"LineString","coordinates":[[-70.44075,-23.45011],[-70.44048,-23.45013]]}},{"type":"Feature","properties":{"nombre":"Acceso a Aeropuerto Andrés Sabella","jerarquia":5},"geometry":{"type":"LineString","coordinates":[[-70.44046,-23.44775],[-70.44055,-23.44848]]}},{"type":"Feature","properties":{"nombre":"Acceso a Aeropuerto Andrés Sabella","jerarquia":5},"geometry":{"type":"LineString","coordinates":[[-70.44048,-23.45013],[-70.44031,-23.44852]]}},{"type":"Feature","properties":{"nombre":"Rancagua","jerarquia":4},"geometry":{"type":"LineString","coordinates":[[-70.3776,-23.61573],[-70.37768,-23.61565]]}},{"type":"Feature","properties":{"nombre":"Rancagua","jerarquia":4},"geometry":{"type":"LineString","coordinates":[[-70.37768,-23.61565],[-70.37777,-23.61559]]}},{"type":"Feature","properties":{"nombre":"Rancagua","jerarquia":4},"geometry":{"type":"LineString","coordinates":[[-70.37777,-23.61559],[-70.37791,-23.6155]]}},{"type":"Feature","properties":{"nombre":"Rancagua","jerarquia":5},"geometry":{"type":"LineString","coordinates":[[-70.37791,-23.6155],[-70.37816,-23.61537]]}},{"type":"Feature","properties":{"nombre":"Irarrázabal","jerarquia":5},"geometry":{"type":"LineString","coordinates":[[-70.37768,-23.60354],[-70.377,-23.60355]]}},{"type":"Feature","properties":{"nombre":"Irarrázabal","jerarquia":5},"geometry":{"type":"LineString","coordinates":[[-70.377,-23.60355],[-70.37655,-23.60355]]}},{"type":"Feature","properties":{"nombre":"Irarrázabal","jerarquia":5},"geometry":{"type":"LineString","coordinates":[[-70.37655,-23.60355],[-70.37604,-23.60355]]}},{"type":"Feature","properties":{"nombre":"Irarrázabal","jerarquia":5},"geometry":{"type":"LineString","coordinates":[[-70.37604,-23.60355],[-70.37557,-23.60355]]}},{"type":"Feature","properties":{"nombre":"Irarrázabal","jerarquia":5},"geometry":{"type":"LineString","coordinates":[[-70.37557,-23.60355],[-70.37506,-23.60355]]}},{"type":"Feature","properties":{"nombre":"Irarrázabal","jerarquia":4},"geometry":{"type":"LineString","coordinates":[[-70.38229,-23.60377],[-70.3829,-23.60381]]}},{"type":"Feature","properties":{"nombre":"Irarrázabal","jerarquia":4},"geometry":{"type":"LineString","coordinates":[[-70.3829,-23.60381],[-70.38326,-23.60384]]}},{"type":"Feature","properties":{"nombre":"Irarrázabal","jerarquia":4},"geometry":{"type":"LineString","coordinates":[[-70.38326,-23.60384],[-70.38364,-23.60386]]}},{"type":"Feature","properties":{"nombre":"Irarrázabal","jerarquia":4},"geometry":{"type":"LineString","coordinates":[[-70.38364,-23.60386],[-70.38411,-23.60389]]}},{"type":"Feature","properties":{"nombre":"Irarrázabal","jerarquia":4},"geometry":{"type":"LineString","coordinates":[[-70.38411,-23.60389],[-70.38465,-23.60392]]}},{"type":"Feature","properties":{"nombre":"Irarrázabal","jerarquia":4},"geometry":{"type":"LineString","coordinates":[[-70.38465,-23.60392],[-70.38492,-23.60393]]}},{"type":"Feature","properties":{"nombre":"Irarrázabal","jerarquia":4},"geometry":{"type":"LineString","coordinates":[[-70.38492,-23.60393],[-70.38507,-23.60392]]}},{"type":"Feature","properties":{"nombre":"Guardiamarina Arturo Fernández","jerarquia":5},"geometry":{"type":"LineString","coordinates":[[-70.37722,-23.5935],[-70.37676,-23.59365]]}},{"type":"Feature","properties":{"nombre":"Guardiamarina Arturo Fernández","jerarquia":5},"geometry":{"type":"LineString","coordinates":[[-70.37676,-23.59365],[-70.37639,-23.59378]]}},{"type":"Feature","properties":{"nombre":"Guardiamarina Arturo Fernández","jerarquia":5},"geometry":{"type":"LineString","coordinates":[[-70.37639,-23.59378],[-70.37603,-23.5939]]}},{"type":"Feature","properties":{"nombre":"Guardiamarina Arturo Fernández","jerarquia":5},"geometry":{"type":"LineString","coordinates":[[-70.37603,-23.5939],[-70.37567,-23.59404]]}},{"type":"Feature","properties":{"nombre":"Guardiamarina Arturo Fernández","jerarquia":5},"geometry":{"type":"LineString","coordinates":[[-70.37567,-23.59404],[-70.37499,-23.59409]]}},{"type":"Feature","properties":{"nombre":"Guardiamarina Arturo Fernández","jerarquia":5},"geometry":{"type":"LineString","coordinates":[[-70.37499,-23.59409],[-70.37452,-23.59414]]}},{"type":"Feature","properties":{"nombre":"General Óscar Bonilla","jerarquia":4},"geometry":{"type":"LineString","coordinates":[[-70.37858,-23.59253],[-70.37858,-23.59268]]}},{"type":"Feature","properties":{"nombre":"General Óscar Bonilla","jerarquia":4},"geometry":{"type":"LineString","coordinates":[[-70.37858,-23.59268],[-70.37858,-23.59279]]}},{"type":"Feature","properties":{"nombre":"General Óscar Bonilla","jerarquia":5},"geometry":{"type":"LineString","coordinates":[[-70.37858,-23.59279],[-70.37857,-23.59327]]}},{"type":"Feature","properties":{"nombre":"General Óscar Bonilla","jerarquia":5},"geometry":{"type":"LineString","coordinates":[[-70.37857,-23.59327],[-70.37857,-23.59348]]}},{"type":"Feature","properties":{"nombre":"General Óscar Bonilla","jerarquia":5},"geometry":{"type":"LineString","coordinates":[[-70.37857,-23.59348],[-70.37857,-23.59373]]}},{"type":"Feature","properties":{"nombre":"General Óscar Bonilla","jerarquia":5},"geometry":{"type":"LineString","coordinates":[[-70.37857,-23.59373],[-70.37855,-23.59474]]}},{"type":"Feature","properties":{"nombre":"General Óscar Bonilla","jerarquia":5},"geometry":{"type":"LineString","coordinates":[[-70.37855,-23.59474],[-70.37854,-23.5955]]}},{"type":"Feature","properties":{"nombre":"General Óscar Bonilla","jerarquia":5},"geometry":{"type":"LineString","coordinates":[[-70.37854,-23.5955],[-70.37854,-23.59554]]}},{"type":"Feature","properties":{"nombre":"General Óscar Bonilla","jerarquia":5},"geometry":{"type":"LineString","coordinates":[[-70.37854,-23.59554],[-70.37853,-23.59653]]}},{"type":"Feature","properties":{"nombre":"General Óscar Bonilla","jerarquia":5},"geometry":{"type":"LineString","coordinates":[[-70.37853,-23.59653],[-70.37852,-23.59695]]}},{"type":"Feature","properties":{"nombre":"General Óscar Bonilla","jerarquia":5},"geometry":{"type":"LineString","coordinates":[[-70.37852,-23.59695],[-70.37852,-23.59724]]}},{"type":"Feature","properties":{"nombre":"General Óscar Bonilla","jerarquia":5},"geometry":{"type":"LineString","coordinates":[[-70.37852,-23.59724],[-70.37852,-23.5974]]}},{"type":"Feature","properties":{"nombre":"General Óscar Bonilla","jerarquia":5},"geometry":{"type":"LineString","coordinates":[[-70.37852,-23.5974],[-70.37851,-23.59785]]}},{"type":"Feature","properties":{"nombre":"General Óscar Bonilla","jerarquia":5},"geometry":{"type":"LineString","coordinates":[[-70.37851,-23.59785],[-70.3785,-23.5983]]}},{"type":"Feature","properties":{"nombre":"General Óscar Bonilla","jerarquia":5},"geometry":{"type":"LineString","coordinates":[[-70.3785,-23.5983],[-70.3785,-23.59868]]}},{"type":"Feature","properties":{"nombre":"General Óscar Bonilla","jerarquia":5},"geometry":{"type":"LineString","coordinates":[[-70.3785,-23.59868],[-70.3785,-23.59882]]}},{"type":"Feature","properties":{"nombre":"Caparrosa","jerarquia":4},"geometry":{"type":"LineString","coordinates":[[-70.38332,-23.56438],[-70.38405,-23.56447]]}},{"type":"Feature","properties":{"nombre":"Caparrosa","jerarquia":4},"geometry":{"type":"LineString","coordinates":[[-70.38405,-23.56447],[-70.38443,-23.56452]]}},{"type":"Feature","properties":{"nombre":"Caparrosa","jerarquia":4},"geometry":{"type":"LineString","coordinates":[[-70.38443,-23.56452],[-70.3858,-23.56469]]}},{"type":"Feature","properties":{"nombre":"Caparrosa","jerarquia":4},"geometry":{"type":"LineString","coordinates":[[-70.3858,-23.56469],[-70.38666,-23.56479]]}},{"type":"Feature","properties":{"nombre":"Caparrosa","jerarquia":4},"geometry":{"type":"LineString","coordinates":[[-70.38666,-23.56479],[-70.38845,-23.56505]]}},{"type":"Feature","properties":{"nombre":"Avenida Los Leones","jerarquia":4},"geometry":{"type":"LineString","coordinates":[[-70.37722,-23.5935],[-70.37729,-23.59417],[-70.37737,-23.59446]]}},{"type":"Feature","properties":{"nombre":"Avenida Los Leones","jerarquia":4},"geometry":{"type":"LineString","coordinates":[[-70.37737,-23.59446],[-70.37758,-23.5948]]}},{"type":"Feature","properties":{"nombre":"Avenida Los Leones","jerarquia":4},"geometry":{"type":"LineString","coordinates":[[-70.37758,-23.5948],[-70.37779,-23.59524]]}},{"type":"Feature","properties":{"nombre":"Avenida Los Leones","jerarquia":4},"geometry":{"type":"LineString","coordinates":[[-70.37779,-23.59524],[-70.37783,-23.59585]]}},{"type":"Feature","properties":{"nombre":"Avenida Los Leones","jerarquia":4},"geometry":{"type":"LineString","coordinates":[[-70.37783,-23.59585],[-70.37775,-23.59619]]}},{"type":"Feature","properties":{"nombre":"Avenida Los Leones","jerarquia":4},"geometry":{"type":"LineString","coordinates":[[-70.37775,-23.59619],[-70.37748,-23.59659]]}},{"type":"Feature","properties":{"nombre":"Avenida Los Leones","jerarquia":4},"geometry":{"type":"LineString","coordinates":[[-70.37748,-23.59659],[-70.37722,-23.59692]]}},{"type":"Feature","properties":{"nombre":"Avenida Los Leones","jerarquia":4},"geometry":{"type":"LineString","coordinates":[[-70.37722,-23.59692],[-70.3771,-23.59708]]}},{"type":"Feature","properties":{"nombre":"Avenida Los Leones","jerarquia":4},"geometry":{"type":"LineString","coordinates":[[-70.3771,-23.59708],[-70.37683,-23.59763]]}},{"type":"Feature","properties":{"nombre":"Avenida Los Leones","jerarquia":4},"geometry":{"type":"LineString","coordinates":[[-70.37683,-23.59763],[-70.3767,-23.59807],[-70.3767,-23.59854]]}},{"type":"Feature","properties":{"nombre":"Avenida Los Leones","jerarquia":4},"geometry":{"type":"LineString","coordinates":[[-70.3767,-23.59854],[-70.37672,-23.59893]]}},{"type":"Feature","properties":{"nombre":"Avenida Los Leones","jerarquia":4},"geometry":{"type":"LineString","coordinates":[[-70.37672,-23.59893],[-70.37676,-23.59946]]}},{"type":"Feature","properties":{"nombre":"Avenida Los Leones","jerarquia":4},"geometry":{"type":"LineString","coordinates":[[-70.37676,-23.59946],[-70.37686,-23.60027]]}},{"type":"Feature","properties":{"nombre":"Avenida Los Leones","jerarquia":4},"geometry":{"type":"LineString","coordinates":[[-70.37686,-23.60027],[-70.37696,-23.6009]]}},{"type":"Feature","properties":{"nombre":"Avenida Los Leones","jerarquia":4},"geometry":{"type":"LineString","coordinates":[[-70.37696,-23.6009],[-70.37706,-23.60148]]}},{"type":"Feature","properties":{"nombre":"Avenida Los Leones","jerarquia":4},"geometry":{"type":"LineString","coordinates":[[-70.37706,-23.60148],[-70.37722,-23.60243],[-70.37753,-23.60305]]}},{"type":"Feature","properties":{"nombre":"Avenida Los Leones","jerarquia":4},"geometry":{"type":"LineString","coordinates":[[-70.37753,-23.60305],[-70.37761,-23.60328]]}},{"type":"Feature","properties":{"nombre":"Paraguay","jerarquia":4},"geometry":{"type":"LineString","coordinates":[[-70.38131,-23.63082],[-70.38105,-23.63079]]}},{"type":"Feature","properties":{"nombre":"Paraguay","jerarquia":5},"geometry":{"type":"LineString","coordinates":[[-70.38105,-23.63079],[-70.38084,-23.63074]]}},{"type":"Feature","properties":{"nombre":"Paraguay","jerarquia":5},"geometry":{"type":"LineString","coordinates":[[-70.38084,-23.63074],[-70.38046,-23.63064]]}},{"type":"Feature","properties":{"nombre":"Paraguay","jerarquia":5},"geometry":{"type":"LineString","coordinates":[[-70.38046,-23.63064],[-70.37982,-23.63047]]}},{"type":"Feature","properties":{"nombre":"Paraguay","jerarquia":5},"geometry":{"type":"LineString","coordinates":[[-70.37982,-23.63047],[-70.37972,-23.63044]]}},{"type":"Feature","properties":{"nombre":"Paraguay","jerarquia":5},"geometry":{"type":"LineString","coordinates":[[-70.37972,-23.63044],[-70.37916,-23.63029]]}},{"type":"Feature","properties":{"nombre":"Paraguay","jerarquia":5},"geometry":{"type":"LineString","coordinates":[[-70.37916,-23.63029],[-70.37903,-23.63026]]}},{"type":"Feature","properties":{"nombre":"Paraguay","jerarquia":5},"geometry":{"type":"LineString","coordinates":[[-70.37903,-23.63026],[-70.37874,-23.63019]]}},{"type":"Feature","properties":{"nombre":"Paraguay","jerarquia":5},"geometry":{"type":"LineString","coordinates":[[-70.37874,-23.63019],[-70.37866,-23.63016]]}},{"type":"Feature","properties":{"nombre":"Paraguay","jerarquia":5},"geometry":{"type":"LineString","coordinates":[[-70.37866,-23.63016],[-70.37835,-23.63008]]}},{"type":"Feature","properties":{"nombre":"Paraguay","jerarquia":5},"geometry":{"type":"LineString","coordinates":[[-70.37835,-23.63008],[-70.37798,-23.62999]]}},{"type":"Feature","properties":{"nombre":"Paraguay","jerarquia":5},"geometry":{"type":"LineString","coordinates":[[-70.37798,-23.62999],[-70.3777,-23.62991]]}},{"type":"Feature","properties":{"nombre":"Avenida Los Leones","jerarquia":4},"geometry":{"type":"LineString","coordinates":[[-70.37769,-23.6143],[-70.37773,-23.61463]]}},{"type":"Feature","properties":{"nombre":"Avenida Los Leones","jerarquia":4},"geometry":{"type":"LineString","coordinates":[[-70.37773,-23.61463],[-70.3778,-23.61513]]}},{"type":"Feature","properties":{"nombre":"Avenida Los Leones","jerarquia":4},"geometry":{"type":"LineString","coordinates":[[-70.3778,-23.61513],[-70.37791,-23.6155]]}},{"type":"Feature","properties":{"nombre":"Luis Cruz Martínez","jerarquia":5},"geometry":{"type":"LineString","coordinates":[[-70.37503,-23.60159],[-70.37498,-23.6008]]}},{"type":"Feature","properties":{"nombre":"Luis Cruz Martínez","jerarquia":5},"geometry":{"type":"LineString","coordinates":[[-70.37498,-23.6008],[-70.37498,-23.60076]]}},{"type":"Feature","properties":{"nombre":"Luis Cruz Martínez","jerarquia":5},"geometry":{"type":"LineString","coordinates":[[-70.37498,-23.60076],[-70.37495,-23.60039]]}},{"type":"Feature","properties":{"nombre":"Luis Cruz Martínez","jerarquia":5},"geometry":{"type":"LineString","coordinates":[[-70.37495,-23.60039],[-70.37494,-23.60013]]}},{"type":"Feature","properties":{"nombre":"Luis Cruz Martínez","jerarquia":5},"geometry":{"type":"LineString","coordinates":[[-70.37494,-23.60013],[-70.37489,-23.59932]]}},{"type":"Feature","properties":{"nombre":"Gladys Marín","jerarquia":5},"geometry":{"type":"LineString","coordinates":[[-70.40552,-23.52788],[-70.40513,-23.52779]]}},{"type":"Feature","properties":{"nombre":"Gladys Marín","jerarquia":5},"geometry":{"type":"LineString","coordinates":[[-70.40513,-23.52779],[-70.40416,-23.52761],[-70.40306,-23.52753]]}},{"type":"Feature","properties":{"nombre":"Gladys Marín","jerarquia":5},"geometry":{"type":"LineString","coordinates":[[-70.40306,-23.52753],[-70.40192,-23.52754]]}},{"type":"Feature","properties":{"nombre":"","jerarquia":5},"geometry":{"type":"LineString","coordinates":[[-70.40194,-23.52703],[-70.40192,-23.52754]]}},{"type":"Feature","properties":{"nombre":"","jerarquia":5},"geometry":{"type":"LineString","coordinates":[[-70.37526,-23.61452],[-70.37522,-23.61445],[-70.37469,-23.61433]]}},{"type":"Feature","properties":{"nombre":"","jerarquia":5},"geometry":{"type":"LineString","coordinates":[[-70.37469,-23.61433],[-70.3743,-23.61432],[-70.37389,-23.61445],[-70.37365,-23.61457],[-70.37344,-23.61478],[-70.37336,-23.61502]]}},{"type":"Feature","properties":{"nombre":"Avenida Universidad de Antofagasta","jerarquia":4},"geometry":{"type":"LineString","coordinates":[[-70.42227,-23.69877],[-70.42198,-23.6981]]}},{"type":"Feature","properties":{"nombre":"","jerarquia":5},"geometry":{"type":"LineString","coordinates":[[-70.31301,-23.40263],[-70.3134,-23.40374],[-70.31346,-23.40427],[-70.31341,-23.40489],[-70.31371,-23.40626],[-70.31386,-23.40739],[-70.31409,-23.40791],[-70.31434,-23.4082]]}},{"type":"Feature","properties":{"nombre":"Caletera Pedro Aguirre Cerda","jerarquia":5},"geometry":{"type":"LineString","coordinates":[[-70.39307,-23.53793],[-70.39302,-23.5397]]}},{"type":"Feature","properties":{"nombre":"","jerarquia":5},"geometry":{"type":"LineString","coordinates":[[-70.40843,-23.49941],[-70.40847,-23.49889],[-70.40834,-23.49839]]}},{"type":"Feature","properties":{"nombre":"Oficina Petronila","jerarquia":5},"geometry":{"type":"LineString","coordinates":[[-70.39103,-23.56222],[-70.39112,-23.56222]]}},{"type":"Feature","properties":{"nombre":"Oficina Petronila","jerarquia":5},"geometry":{"type":"LineString","coordinates":[[-70.39112,-23.56222],[-70.39128,-23.56223]]}},{"type":"Feature","properties":{"nombre":"","jerarquia":5},"geometry":{"type":"LineString","coordinates":[[-70.38769,-23.59192],[-70.38772,-23.592]]}},{"type":"Feature","properties":{"nombre":"","jerarquia":2},"geometry":{"type":"LineString","coordinates":[[-70.40263,-23.65194],[-70.40252,-23.65214]]}},{"type":"Feature","properties":{"nombre":"","jerarquia":2},"geometry":{"type":"LineString","coordinates":[[-70.40252,-23.65214],[-70.40264,-23.65223]]}},{"type":"Feature","properties":{"nombre":"Avenida Circunvalación Padre Alberto Hurtado","jerarquia":4},"geometry":{"type":"LineString","coordinates":[[-70.37461,-23.63026],[-70.37344,-23.62958]]}},{"type":"Feature","properties":{"nombre":"Avenida Circunvalación Padre Alberto Hurtado","jerarquia":4},"geometry":{"type":"LineString","coordinates":[[-70.37344,-23.62958],[-70.37338,-23.62943]]}},{"type":"Feature","properties":{"nombre":"Avenida Circunvalación Padre Alberto Hurtado","jerarquia":4},"geometry":{"type":"LineString","coordinates":[[-70.37338,-23.62943],[-70.37338,-23.62937]]}},{"type":"Feature","properties":{"nombre":"Sargento Manuel Silva","jerarquia":5},"geometry":{"type":"LineString","coordinates":[[-70.37619,-23.58914],[-70.37629,-23.58915]]}},{"type":"Feature","properties":{"nombre":"Sargento Manuel Silva","jerarquia":5},"geometry":{"type":"LineString","coordinates":[[-70.37629,-23.58915],[-70.3765,-23.58915]]}},{"type":"Feature","properties":{"nombre":"Sargento Manuel Silva","jerarquia":5},"geometry":{"type":"LineString","coordinates":[[-70.3765,-23.58915],[-70.37711,-23.58916]]}},{"type":"Feature","properties":{"nombre":"Sargento Manuel Silva","jerarquia":5},"geometry":{"type":"LineString","coordinates":[[-70.37711,-23.58916],[-70.37718,-23.58916]]}},{"type":"Feature","properties":{"nombre":"Sargento Manuel Silva","jerarquia":5},"geometry":{"type":"LineString","coordinates":[[-70.37718,-23.58916],[-70.3776,-23.58917]]}},{"type":"Feature","properties":{"nombre":"Sargento Manuel Silva","jerarquia":5},"geometry":{"type":"LineString","coordinates":[[-70.3776,-23.58917],[-70.37795,-23.58917]]}},{"type":"Feature","properties":{"nombre":"Sargento Manuel Silva","jerarquia":5},"geometry":{"type":"LineString","coordinates":[[-70.37795,-23.58917],[-70.37829,-23.58918]]}},{"type":"Feature","properties":{"nombre":"Sargento Manuel Silva","jerarquia":5},"geometry":{"type":"LineString","coordinates":[[-70.37829,-23.58918],[-70.37835,-23.58918]]}},{"type":"Feature","properties":{"nombre":"Sargento Manuel Silva","jerarquia":5},"geometry":{"type":"LineString","coordinates":[[-70.37835,-23.58918],[-70.3788,-23.58919]]}},{"type":"Feature","properties":{"nombre":"","jerarquia":3},"geometry":{"type":"LineString","coordinates":[[-70.41128,-23.69754],[-70.41149,-23.69754],[-70.41172,-23.69742]]}},{"type":"Feature","properties":{"nombre":"Vitacura","jerarquia":5},"geometry":{"type":"LineString","coordinates":[[-70.38459,-23.60998],[-70.38451,-23.60994]]}},{"type":"Feature","properties":{"nombre":"Vitacura","jerarquia":5},"geometry":{"type":"LineString","coordinates":[[-70.38451,-23.60994],[-70.38445,-23.60984]]}},{"type":"Feature","properties":{"nombre":"Azapa","jerarquia":5},"geometry":{"type":"LineString","coordinates":[[-70.38518,-23.61029],[-70.38521,-23.61054],[-70.38504,-23.61128],[-70.38495,-23.6132]]}},{"type":"Feature","properties":{"nombre":"Azapa","jerarquia":5},"geometry":{"type":"LineString","coordinates":[[-70.38495,-23.6132],[-70.38494,-23.61329]]}},{"type":"Feature","properties":{"nombre":"Azapa","jerarquia":5},"geometry":{"type":"LineString","coordinates":[[-70.38494,-23.61329],[-70.38496,-23.61428]]}},{"type":"Feature","properties":{"nombre":"Azapa","jerarquia":5},"geometry":{"type":"LineString","coordinates":[[-70.38496,-23.61428],[-70.38497,-23.61464],[-70.38528,-23.6147]]}},{"type":"Feature","properties":{"nombre":"Placilla","jerarquia":5},"geometry":{"type":"LineString","coordinates":[[-70.38486,-23.61479],[-70.38428,-23.61479]]}},{"type":"Feature","properties":{"nombre":"Placilla","jerarquia":5},"geometry":{"type":"LineString","coordinates":[[-70.38428,-23.61479],[-70.38375,-23.61476]]}},{"type":"Feature","properties":{"nombre":"Placilla","jerarquia":5},"geometry":{"type":"LineString","coordinates":[[-70.38375,-23.61476],[-70.38279,-23.61471],[-70.38213,-23.61475]]}},{"type":"Feature","properties":{"nombre":"Avenida Angamos","jerarquia":4},"geometry":{"type":"LineString","coordinates":[[-70.41381,-23.69808],[-70.41351,-23.6984],[-70.41316,-23.69856],[-70.4128,-23.69859],[-70.41228,-23.69852]]}},{"type":"Feature","properties":{"nombre":"Avenida Angamos","jerarquia":4},"geometry":{"type":"LineString","coordinates":[[-70.41228,-23.69852],[-70.41218,-23.69851]]}},{"type":"Feature","properties":{"nombre":"General Óscar Bonilla","jerarquia":4},"geometry":{"type":"LineString","coordinates":[[-70.38102,-23.56936],[-70.38088,-23.56974]]}},{"type":"Feature","properties":{"nombre":"General Óscar Bonilla","jerarquia":4},"geometry":{"type":"LineString","coordinates":[[-70.38088,-23.56974],[-70.38075,-23.5701]]}},{"type":"Feature","properties":{"nombre":"General Óscar Bonilla","jerarquia":4},"geometry":{"type":"LineString","coordinates":[[-70.38075,-23.5701],[-70.3806,-23.57048]]}},{"type":"Feature","properties":{"nombre":"General Óscar Bonilla","jerarquia":4},"geometry":{"type":"LineString","coordinates":[[-70.3806,-23.57048],[-70.38036,-23.57113]]}},{"type":"Feature","properties":{"nombre":"General Óscar Bonilla","jerarquia":4},"geometry":{"type":"LineString","coordinates":[[-70.38036,-23.57113],[-70.38011,-23.5718]]}},{"type":"Feature","properties":{"nombre":"General Óscar Bonilla","jerarquia":4},"geometry":{"type":"LineString","coordinates":[[-70.38011,-23.5718],[-70.38006,-23.57207]]}},{"type":"Feature","properties":{"nombre":"General Óscar Bonilla","jerarquia":4},"geometry":{"type":"LineString","coordinates":[[-70.38006,-23.57207],[-70.38003,-23.57239]]}},{"type":"Feature","properties":{"nombre":"General Óscar Bonilla","jerarquia":4},"geometry":{"type":"LineString","coordinates":[[-70.38003,-23.57239],[-70.38,-23.57275]]}},{"type":"Feature","properties":{"nombre":"General Óscar Bonilla","jerarquia":4},"geometry":{"type":"LineString","coordinates":[[-70.38,-23.57275],[-70.37996,-23.57334]]}},{"type":"Feature","properties":{"nombre":"General Óscar Bonilla","jerarquia":4},"geometry":{"type":"LineString","coordinates":[[-70.37996,-23.57334],[-70.37992,-23.57377]]}},{"type":"Feature","properties":{"nombre":"General Óscar Bonilla","jerarquia":4},"geometry":{"type":"LineString","coordinates":[[-70.37992,-23.57377],[-70.37989,-23.57421]]}},{"type":"Feature","properties":{"nombre":"General Óscar Bonilla","jerarquia":4},"geometry":{"type":"LineString","coordinates":[[-70.37989,-23.57421],[-70.37985,-23.57465]]}},{"type":"Feature","properties":{"nombre":"General Óscar Bonilla","jerarquia":4},"geometry":{"type":"LineString","coordinates":[[-70.37985,-23.57465],[-70.37983,-23.57492]]}},{"type":"Feature","properties":{"nombre":"General Óscar Bonilla","jerarquia":4},"geometry":{"type":"LineString","coordinates":[[-70.37983,-23.57492],[-70.37982,-23.57508]]}},{"type":"Feature","properties":{"nombre":"General Óscar Bonilla","jerarquia":4},"geometry":{"type":"LineString","coordinates":[[-70.37982,-23.57508],[-70.37977,-23.57558]]}},{"type":"Feature","properties":{"nombre":"Vladimir Saavedra","jerarquia":5},"geometry":{"type":"LineString","coordinates":[[-70.38,-23.57275],[-70.37947,-23.57271]]}},{"type":"Feature","properties":{"nombre":"Vladimir Saavedra","jerarquia":5},"geometry":{"type":"LineString","coordinates":[[-70.37947,-23.57271],[-70.37878,-23.57266]]}},{"type":"Feature","properties":{"nombre":"Vladimir Saavedra","jerarquia":5},"geometry":{"type":"LineString","coordinates":[[-70.37878,-23.57266],[-70.37869,-23.57265]]}},{"type":"Feature","properties":{"nombre":"Vladimir Saavedra","jerarquia":5},"geometry":{"type":"LineString","coordinates":[[-70.37869,-23.57265],[-70.37861,-23.57264]]}},{"type":"Feature","properties":{"nombre":"Vladimir Saavedra","jerarquia":5},"geometry":{"type":"LineString","coordinates":[[-70.37861,-23.57264],[-70.37818,-23.57258]]}},{"type":"Feature","properties":{"nombre":"Vladimir Saavedra","jerarquia":5},"geometry":{"type":"LineString","coordinates":[[-70.37818,-23.57258],[-70.37805,-23.57256]]}},{"type":"Feature","properties":{"nombre":"Vladimir Saavedra","jerarquia":5},"geometry":{"type":"LineString","coordinates":[[-70.37805,-23.57256],[-70.37771,-23.57252]]}},{"type":"Feature","properties":{"nombre":"Vladimir Saavedra","jerarquia":5},"geometry":{"type":"LineString","coordinates":[[-70.37771,-23.57252],[-70.37742,-23.57249]]}},{"type":"Feature","properties":{"nombre":"Vladimir Saavedra","jerarquia":5},"geometry":{"type":"LineString","coordinates":[[-70.38003,-23.57239],[-70.38047,-23.57242]]}},{"type":"Feature","properties":{"nombre":"Vladimir Saavedra","jerarquia":5},"geometry":{"type":"LineString","coordinates":[[-70.38047,-23.57242],[-70.38105,-23.57247]]}},{"type":"Feature","properties":{"nombre":"Vladimir Saavedra","jerarquia":5},"geometry":{"type":"LineString","coordinates":[[-70.38105,-23.57247],[-70.38163,-23.5725]]}},{"type":"Feature","properties":{"nombre":"Vladimir Saavedra","jerarquia":5},"geometry":{"type":"LineString","coordinates":[[-70.38163,-23.5725],[-70.38221,-23.57253]]}},{"type":"Feature","properties":{"nombre":"","jerarquia":1},"geometry":{"type":"LineString","coordinates":[[-70.43388,-23.42479],[-70.43406,-23.42465]]}},{"type":"Feature","properties":{"nombre":"","jerarquia":1},"geometry":{"type":"LineString","coordinates":[[-70.43395,-23.42501],[-70.43388,-23.42479]]}},{"type":"Feature","properties":{"nombre":"Avenida Travesía de Coloso","jerarquia":4},"geometry":{"type":"LineString","coordinates":[[-70.43001,-23.70901],[-70.42852,-23.70852]]}},{"type":"Feature","properties":{"nombre":"Avenida Travesía de Coloso","jerarquia":4},"geometry":{"type":"LineString","coordinates":[[-70.42852,-23.70852],[-70.42528,-23.70725]]}},{"type":"Feature","properties":{"nombre":"Avenida Travesía de Coloso","jerarquia":4},"geometry":{"type":"LineString","coordinates":[[-70.42528,-23.70725],[-70.42484,-23.70702],[-70.42455,-23.70672],[-70.42437,-23.70636],[-70.42428,-23.70584]]}},{"type":"Feature","properties":{"nombre":"Avenida Travesía de Coloso","jerarquia":4},"geometry":{"type":"LineString","coordinates":[[-70.42428,-23.70584],[-70.42415,-23.70503]]}},{"type":"Feature","properties":{"nombre":"Avenida Travesía de Coloso","jerarquia":4},"geometry":{"type":"LineString","coordinates":[[-70.42425,-23.70493],[-70.42438,-23.70576]]}},{"type":"Feature","properties":{"nombre":"Avenida Travesía de Coloso","jerarquia":4},"geometry":{"type":"LineString","coordinates":[[-70.42438,-23.70576],[-70.42451,-23.70639],[-70.42463,-23.70665],[-70.42489,-23.70694],[-70.42532,-23.70716]]}},{"type":"Feature","properties":{"nombre":"Avenida Travesía de Coloso","jerarquia":4},"geometry":{"type":"LineString","coordinates":[[-70.42532,-23.70716],[-70.4264,-23.70757]]}},{"type":"Feature","properties":{"nombre":"Avenida Travesía de Coloso","jerarquia":4},"geometry":{"type":"LineString","coordinates":[[-70.4264,-23.70757],[-70.4275,-23.70801]]}},{"type":"Feature","properties":{"nombre":"Avenida Travesía de Coloso","jerarquia":4},"geometry":{"type":"LineString","coordinates":[[-70.4275,-23.70801],[-70.42856,-23.70844]]}},{"type":"Feature","properties":{"nombre":"Avenida Travesía de Coloso","jerarquia":4},"geometry":{"type":"LineString","coordinates":[[-70.42856,-23.70844],[-70.43005,-23.70894]]}},{"type":"Feature","properties":{"nombre":"Gladys Marín","jerarquia":5},"geometry":{"type":"LineString","coordinates":[[-70.40566,-23.52739],[-70.40552,-23.52788]]}},{"type":"Feature","properties":{"nombre":"Collico","jerarquia":4},"geometry":{"type":"LineString","coordinates":[[-70.40838,-23.6926],[-70.40881,-23.69252]]}},{"type":"Feature","properties":{"nombre":"Collico","jerarquia":4},"geometry":{"type":"LineString","coordinates":[[-70.40881,-23.69252],[-70.40922,-23.69246]]}},{"type":"Feature","properties":{"nombre":"Collico","jerarquia":4},"geometry":{"type":"LineString","coordinates":[[-70.40922,-23.69246],[-70.40946,-23.69242]]}},{"type":"Feature","properties":{"nombre":"Collico","jerarquia":4},"geometry":{"type":"LineString","coordinates":[[-70.40946,-23.69242],[-70.40956,-23.69242]]}},{"type":"Feature","properties":{"nombre":"Collico","jerarquia":4},"geometry":{"type":"LineString","coordinates":[[-70.40956,-23.69242],[-70.41005,-23.69244]]}},{"type":"Feature","properties":{"nombre":"","jerarquia":1},"geometry":{"type":"LineString","coordinates":[[-70.393,-23.54009],[-70.39292,-23.54001],[-70.3928,-23.53999]]}},{"type":"Feature","properties":{"nombre":"","jerarquia":5},"geometry":{"type":"LineString","coordinates":[[-70.39171,-23.56939],[-70.39171,-23.56933]]}},{"type":"Feature","properties":{"nombre":"","jerarquia":5},"geometry":{"type":"LineString","coordinates":[[-70.38748,-23.64189],[-70.38738,-23.64195],[-70.38727,-23.64191]]}},{"type":"Feature","properties":{"nombre":"","jerarquia":2},"geometry":{"type":"LineString","coordinates":[[-70.40308,-23.6593],[-70.403,-23.65931],[-70.40294,-23.65937]]}},{"type":"Feature","properties":{"nombre":"Gladys Marín","jerarquia":5},"geometry":{"type":"LineString","coordinates":[[-70.40194,-23.52703],[-70.40306,-23.52702]]}},{"type":"Feature","properties":{"nombre":"Gladys Marín","jerarquia":5},"geometry":{"type":"LineString","coordinates":[[-70.40306,-23.52702],[-70.40385,-23.52705],[-70.40528,-23.52729]]}},{"type":"Feature","properties":{"nombre":"Gladys Marín","jerarquia":5},"geometry":{"type":"LineString","coordinates":[[-70.40528,-23.52729],[-70.40566,-23.52739]]}},{"type":"Feature","properties":{"nombre":"Avenida Los Leones","jerarquia":4},"geometry":{"type":"LineString","coordinates":[[-70.37768,-23.60784],[-70.37765,-23.60807],[-70.37767,-23.60827]]}},{"type":"Feature","properties":{"nombre":"Avenida Los Leones","jerarquia":4},"geometry":{"type":"LineString","coordinates":[[-70.37767,-23.60827],[-70.37819,-23.60997],[-70.37814,-23.61054]]}},{"type":"Feature","properties":{"nombre":"Avenida Los Leones","jerarquia":4},"geometry":{"type":"LineString","coordinates":[[-70.37814,-23.61054],[-70.37814,-23.61057]]}},{"type":"Feature","properties":{"nombre":"Avenida Los Leones","jerarquia":4},"geometry":{"type":"LineString","coordinates":[[-70.37814,-23.61057],[-70.37813,-23.61107]]}},{"type":"Feature","properties":{"nombre":"Avenida Los Leones","jerarquia":4},"geometry":{"type":"LineString","coordinates":[[-70.37813,-23.61107],[-70.37813,-23.6121]]}},{"type":"Feature","properties":{"nombre":"Avenida Los Leones","jerarquia":4},"geometry":{"type":"LineString","coordinates":[[-70.37813,-23.6121],[-70.37813,-23.61225]]}},{"type":"Feature","properties":{"nombre":"Avenida Los Leones","jerarquia":4},"geometry":{"type":"LineString","coordinates":[[-70.37813,-23.61225],[-70.37813,-23.61291],[-70.37793,-23.61328],[-70.37773,-23.6135]]}},{"type":"Feature","properties":{"nombre":"Avenida Los Leones","jerarquia":4},"geometry":{"type":"LineString","coordinates":[[-70.37773,-23.6135],[-70.37765,-23.6137]]}},{"type":"Feature","properties":{"nombre":"Avenida Los Leones","jerarquia":4},"geometry":{"type":"LineString","coordinates":[[-70.37765,-23.6137],[-70.37769,-23.6143]]}},{"type":"Feature","properties":{"nombre":"General Óscar Bonilla","jerarquia":4},"geometry":{"type":"LineString","coordinates":[[-70.37582,-23.62394],[-70.37578,-23.62484]]}},{"type":"Feature","properties":{"nombre":"General Óscar Bonilla","jerarquia":4},"geometry":{"type":"LineString","coordinates":[[-70.37578,-23.62484],[-70.37612,-23.62625]]}},{"type":"Feature","properties":{"nombre":"General Óscar Bonilla","jerarquia":4},"geometry":{"type":"LineString","coordinates":[[-70.37612,-23.62625],[-70.3762,-23.6265]]}},{"type":"Feature","properties":{"nombre":"General Óscar Bonilla","jerarquia":4},"geometry":{"type":"LineString","coordinates":[[-70.3762,-23.6265],[-70.37645,-23.62705]]}},{"type":"Feature","properties":{"nombre":"General Óscar Bonilla","jerarquia":4},"geometry":{"type":"LineString","coordinates":[[-70.37645,-23.62705],[-70.37666,-23.62752]]}},{"type":"Feature","properties":{"nombre":"General Óscar Bonilla","jerarquia":4},"geometry":{"type":"LineString","coordinates":[[-70.37666,-23.62752],[-70.37667,-23.62755]]}},{"type":"Feature","properties":{"nombre":"General Óscar Bonilla","jerarquia":4},"geometry":{"type":"LineString","coordinates":[[-70.37667,-23.62755],[-70.37681,-23.62786]]}},{"type":"Feature","properties":{"nombre":"General Óscar Bonilla","jerarquia":4},"geometry":{"type":"LineString","coordinates":[[-70.37681,-23.62786],[-70.37688,-23.62801]]}},{"type":"Feature","properties":{"nombre":"General Óscar Bonilla","jerarquia":4},"geometry":{"type":"LineString","coordinates":[[-70.37688,-23.62801],[-70.37693,-23.62813]]}},{"type":"Feature","properties":{"nombre":"General Óscar Bonilla","jerarquia":4},"geometry":{"type":"LineString","coordinates":[[-70.37693,-23.62813],[-70.37709,-23.62843]]}},{"type":"Feature","properties":{"nombre":"General Óscar Bonilla","jerarquia":4},"geometry":{"type":"LineString","coordinates":[[-70.37709,-23.62843],[-70.37712,-23.62847]]}},{"type":"Feature","properties":{"nombre":"General Óscar Bonilla","jerarquia":4},"geometry":{"type":"LineString","coordinates":[[-70.37712,-23.62847],[-70.37716,-23.62853]]}},{"type":"Feature","properties":{"nombre":"Ruta 5 Norte","jerarquia":2},"geometry":{"type":"LineString","coordinates":[[-70.3105,-23.7614],[-70.31021,-23.76069]]}},{"type":"Feature","properties":{"nombre":"Ruta 5 Norte","jerarquia":2},"geometry":{"type":"LineString","coordinates":[[-70.3028,-23.74218],[-70.30221,-23.74079],[-70.3016,-23.73913]]}},{"type":"Feature","properties":{"nombre":"Las Palmeras","jerarquia":5},"geometry":{"type":"LineString","coordinates":[[-70.39352,-23.57136],[-70.39353,-23.57147]]}},{"type":"Feature","properties":{"nombre":"Las Palmeras","jerarquia":5},"geometry":{"type":"LineString","coordinates":[[-70.39388,-23.57139],[-70.39387,-23.5715]]}},{"type":"Feature","properties":{"nombre":"Las Palmeras","jerarquia":5},"geometry":{"type":"LineString","coordinates":[[-70.39484,-23.57146],[-70.39485,-23.57157]]}},{"type":"Feature","properties":{"nombre":"Ruta 28","jerarquia":2},"geometry":{"type":"LineString","coordinates":[[-70.35941,-23.73299],[-70.36182,-23.72908],[-70.3621,-23.7287],[-70.36245,-23.72836],[-70.36282,-23.72809],[-70.36447,-23.7273],[-70.36503,-23.72691],[-70.36539,-23.72649],[-70.36755,-23.72338],[-70.36833,-23.72255],[-70.36898,-23.72201],[-70.37164,-23.72033],[-70.37259,-23.7199],[-70.37315,-23.71975],[-70.37395,-23.71963],[-70.3771,-23.71958],[-70.37763,-23.71941],[-70.37809,-23.71909],[-70.37839,-23.7187],[-70.37853,-23.71834],[-70.37858,-23.71787],[-70.37852,-23.71653],[-70.37854,-23.71617],[-70.37863,-23.71584],[-70.37889,-23.71537],[-70.37916,-23.71506],[-70.38278,-23.71188],[-70.38383,-23.71114]]}},{"type":"Feature","properties":{"nombre":"Ruta 28","jerarquia":2},"geometry":{"type":"LineString","coordinates":[[-70.3924,-23.70253],[-70.39258,-23.70219],[-70.39279,-23.70193],[-70.39305,-23.7018],[-70.39343,-23.70174]]}},{"type":"Feature","properties":{"nombre":"Avenida Ejército","jerarquia":2},"geometry":{"type":"LineString","coordinates":[[-70.42156,-23.69616],[-70.4216,-23.69586]]}},{"type":"Feature","properties":{"nombre":"Avenida Angamos","jerarquia":4},"geometry":{"type":"LineString","coordinates":[[-70.40643,-23.67176],[-70.40643,-23.67184]]}},{"type":"Feature","properties":{"nombre":"Avenida Angamos","jerarquia":4},"geometry":{"type":"LineString","coordinates":[[-70.41316,-23.68422],[-70.41358,-23.68501],[-70.41416,-23.68681]]}},{"type":"Feature","properties":{"nombre":"Avenida Angamos","jerarquia":4},"geometry":{"type":"LineString","coordinates":[[-70.41416,-23.68681],[-70.41419,-23.68692]]}},{"type":"Feature","properties":{"nombre":"Avenida Angamos","jerarquia":4},"geometry":{"type":"LineString","coordinates":[[-70.41419,-23.68692],[-70.41496,-23.68943],[-70.41501,-23.69037],[-70.4159,-23.6931],[-70.41605,-23.69415],[-70.41634,-23.6946]]}},{"type":"Feature","properties":{"nombre":"Avenida Angamos","jerarquia":4},"geometry":{"type":"LineString","coordinates":[[-70.41634,-23.6946],[-70.4165,-23.69478]]}},{"type":"Feature","properties":{"nombre":"Avenida Angamos","jerarquia":4},"geometry":{"type":"LineString","coordinates":[[-70.40643,-23.67184],[-70.40637,-23.67178]]}},{"type":"Feature","properties":{"nombre":"Avenida Pedro Aguirre Cerda","jerarquia":3},"geometry":{"type":"LineString","coordinates":[[-70.391,-23.56516],[-70.391,-23.56528]]}},{"type":"Feature","properties":{"nombre":"Santiago Humberstone","jerarquia":4},"geometry":{"type":"LineString","coordinates":[[-70.391,-23.56516],[-70.39123,-23.56515]]}},{"type":"Feature","properties":{"nombre":"Avenida Pedro Aguirre Cerda","jerarquia":3},"geometry":{"type":"LineString","coordinates":[[-70.3909,-23.56517],[-70.39099,-23.56355]]}},{"type":"Feature","properties":{"nombre":"Avenida Pedro Aguirre Cerda","jerarquia":3},"geometry":{"type":"LineString","coordinates":[[-70.39099,-23.56355],[-70.39099,-23.56344]]}},{"type":"Feature","properties":{"nombre":"Avenida Pedro Aguirre Cerda","jerarquia":3},"geometry":{"type":"LineString","coordinates":[[-70.39099,-23.56344],[-70.391,-23.56322]]}},{"type":"Feature","properties":{"nombre":"Santiago Humberstone","jerarquia":4},"geometry":{"type":"LineString","coordinates":[[-70.391,-23.56528],[-70.39091,-23.56528]]}},{"type":"Feature","properties":{"nombre":"Avenida Pedro Aguirre Cerda","jerarquia":3},"geometry":{"type":"LineString","coordinates":[[-70.391,-23.56528],[-70.39099,-23.56568]]}},{"type":"Feature","properties":{"nombre":"Santiago Humberstone","jerarquia":4},"geometry":{"type":"LineString","coordinates":[[-70.39123,-23.56515],[-70.3918,-23.56519]]}},{"type":"Feature","properties":{"nombre":"Santiago Humberstone","jerarquia":4},"geometry":{"type":"LineString","coordinates":[[-70.3918,-23.56519],[-70.3919,-23.5652]]}},{"type":"Feature","properties":{"nombre":"Santiago Humberstone","jerarquia":4},"geometry":{"type":"LineString","coordinates":[[-70.3919,-23.5652],[-70.39239,-23.56528]]}},{"type":"Feature","properties":{"nombre":"Santiago Humberstone","jerarquia":4},"geometry":{"type":"LineString","coordinates":[[-70.39239,-23.56528],[-70.39246,-23.56533]]}},{"type":"Feature","properties":{"nombre":"Santiago Humberstone","jerarquia":4},"geometry":{"type":"LineString","coordinates":[[-70.39246,-23.56533],[-70.39284,-23.5656]]}},{"type":"Feature","properties":{"nombre":"Avenida Pedro Aguirre Cerda","jerarquia":3},"geometry":{"type":"LineString","coordinates":[[-70.39101,-23.56497],[-70.391,-23.56516]]}},{"type":"Feature","properties":{"nombre":"","jerarquia":1},"geometry":{"type":"LineString","coordinates":[[-70.39229,-23.54311],[-70.39219,-23.54432],[-70.39225,-23.54458],[-70.3924,-23.54482]]}},{"type":"Feature","properties":{"nombre":"Los Pumas","jerarquia":5},"geometry":{"type":"LineString","coordinates":[[-70.37568,-23.57529],[-70.37553,-23.5755]]}},{"type":"Feature","properties":{"nombre":"Los Pumas","jerarquia":5},"geometry":{"type":"LineString","coordinates":[[-70.37553,-23.5755],[-70.37529,-23.57584]]}},{"type":"Feature","properties":{"nombre":"Los Pumas","jerarquia":5},"geometry":{"type":"LineString","coordinates":[[-70.37529,-23.57584],[-70.37506,-23.5762]]}},{"type":"Feature","properties":{"nombre":"Los Chungungos","jerarquia":5},"geometry":{"type":"LineString","coordinates":[[-70.37536,-23.57525],[-70.3754,-23.5752]]}},{"type":"Feature","properties":{"nombre":"Los Chungungos","jerarquia":5},"geometry":{"type":"LineString","coordinates":[[-70.3754,-23.5752],[-70.37548,-23.57506]]}},{"type":"Feature","properties":{"nombre":"Los Chungungos","jerarquia":5},"geometry":{"type":"LineString","coordinates":[[-70.37548,-23.57506],[-70.37566,-23.57478]]}},{"type":"Feature","properties":{"nombre":"Los Chungungos","jerarquia":5},"geometry":{"type":"LineString","coordinates":[[-70.37566,-23.57478],[-70.37585,-23.57447]]}},{"type":"Feature","properties":{"nombre":"Los Chungungos","jerarquia":5},"geometry":{"type":"LineString","coordinates":[[-70.37585,-23.57447],[-70.37618,-23.57396]]}},{"type":"Feature","properties":{"nombre":"Los Chungungos","jerarquia":5},"geometry":{"type":"LineString","coordinates":[[-70.37618,-23.57396],[-70.37631,-23.57375]]}},{"type":"Feature","properties":{"nombre":"Los Chungungos","jerarquia":5},"geometry":{"type":"LineString","coordinates":[[-70.37631,-23.57375],[-70.37662,-23.57326]]}},{"type":"Feature","properties":{"nombre":"Los Chungungos","jerarquia":5},"geometry":{"type":"LineString","coordinates":[[-70.37662,-23.57326],[-70.37686,-23.57287]]}},{"type":"Feature","properties":{"nombre":"Los Chungungos","jerarquia":5},"geometry":{"type":"LineString","coordinates":[[-70.37686,-23.57287],[-70.37714,-23.57242]]}},{"type":"Feature","properties":{"nombre":"Santa Elena","jerarquia":5},"geometry":{"type":"LineString","coordinates":[[-70.41007,-23.69324],[-70.4102,-23.69328]]}},{"type":"Feature","properties":{"nombre":"Santa Margarita","jerarquia":5},"geometry":{"type":"LineString","coordinates":[[-70.41018,-23.69499],[-70.40969,-23.69502]]}},{"type":"Feature","properties":{"nombre":"Santa Margarita","jerarquia":5},"geometry":{"type":"LineString","coordinates":[[-70.40969,-23.69502],[-70.40964,-23.69502]]}},{"type":"Feature","properties":{"nombre":"Santa Margarita","jerarquia":5},"geometry":{"type":"LineString","coordinates":[[-70.40964,-23.69502],[-70.40914,-23.69505],[-70.40903,-23.69509]]}},{"type":"Feature","properties":{"nombre":"Avenida Argentina","jerarquia":3},"geometry":{"type":"LineString","coordinates":[[-70.41025,-23.69592],[-70.41019,-23.6951]]}},{"type":"Feature","properties":{"nombre":"Avenida Argentina","jerarquia":3},"geometry":{"type":"LineString","coordinates":[[-70.41019,-23.6951],[-70.41018,-23.69499]]}},{"type":"Feature","properties":{"nombre":"Avenida Argentina","jerarquia":3},"geometry":{"type":"LineString","coordinates":[[-70.41018,-23.69499],[-70.41013,-23.69416]]}},{"type":"Feature","properties":{"nombre":"Avenida Argentina","jerarquia":3},"geometry":{"type":"LineString","coordinates":[[-70.41013,-23.69416],[-70.41008,-23.69329]]}},{"type":"Feature","properties":{"nombre":"Avenida Argentina","jerarquia":3},"geometry":{"type":"LineString","coordinates":[[-70.41008,-23.69329],[-70.41007,-23.69324]]}},{"type":"Feature","properties":{"nombre":"Avenida Argentina","jerarquia":3},"geometry":{"type":"LineString","coordinates":[[-70.41007,-23.69324],[-70.41007,-23.69302]]}},{"type":"Feature","properties":{"nombre":"Avenida Argentina","jerarquia":3},"geometry":{"type":"LineString","coordinates":[[-70.41007,-23.69302],[-70.41005,-23.69244]]}},{"type":"Feature","properties":{"nombre":"Avenida Argentina","jerarquia":3},"geometry":{"type":"LineString","coordinates":[[-70.41037,-23.69592],[-70.41038,-23.69612]]}},{"type":"Feature","properties":{"nombre":"Avenida Argentina","jerarquia":3},"geometry":{"type":"LineString","coordinates":[[-70.41038,-23.69612],[-70.41043,-23.69646],[-70.41053,-23.6967]]}},{"type":"Feature","properties":{"nombre":"Avenida Argentina","jerarquia":3},"geometry":{"type":"LineString","coordinates":[[-70.41053,-23.6967],[-70.41114,-23.6974]]}},{"type":"Feature","properties":{"nombre":"Avenida Argentina","jerarquia":3},"geometry":{"type":"LineString","coordinates":[[-70.41005,-23.69118],[-70.41004,-23.69026]]}},{"type":"Feature","properties":{"nombre":"Avenida Argentina","jerarquia":3},"geometry":{"type":"LineString","coordinates":[[-70.41004,-23.69026],[-70.41004,-23.68943]]}},{"type":"Feature","properties":{"nombre":"Avenida Argentina","jerarquia":3},"geometry":{"type":"LineString","coordinates":[[-70.41004,-23.68943],[-70.41004,-23.68896]]}},{"type":"Feature","properties":{"nombre":"Avenida Argentina","jerarquia":3},"geometry":{"type":"LineString","coordinates":[[-70.41004,-23.68896],[-70.40997,-23.68772]]}},{"type":"Feature","properties":{"nombre":"Avenida Argentina","jerarquia":3},"geometry":{"type":"LineString","coordinates":[[-70.40997,-23.68772],[-70.40992,-23.68672]]}},{"type":"Feature","properties":{"nombre":"Avenida Argentina","jerarquia":3},"geometry":{"type":"LineString","coordinates":[[-70.40992,-23.68672],[-70.40986,-23.6859]]}},{"type":"Feature","properties":{"nombre":"Avenida Argentina","jerarquia":3},"geometry":{"type":"LineString","coordinates":[[-70.40986,-23.6859],[-70.40984,-23.68573]]}},{"type":"Feature","properties":{"nombre":"Avenida Argentina","jerarquia":3},"geometry":{"type":"LineString","coordinates":[[-70.41017,-23.69118],[-70.41017,-23.69124]]}},{"type":"Feature","properties":{"nombre":"Avenida Argentina","jerarquia":3},"geometry":{"type":"LineString","coordinates":[[-70.41017,-23.69124],[-70.41018,-23.69209]]}},{"type":"Feature","properties":{"nombre":"Avenida Argentina","jerarquia":3},"geometry":{"type":"LineString","coordinates":[[-70.41018,-23.69209],[-70.41019,-23.69256]]}},{"type":"Feature","properties":{"nombre":"Avenida Argentina","jerarquia":3},"geometry":{"type":"LineString","coordinates":[[-70.41019,-23.69256],[-70.41019,-23.693]]}},{"type":"Feature","properties":{"nombre":"Avenida Argentina","jerarquia":3},"geometry":{"type":"LineString","coordinates":[[-70.41019,-23.693],[-70.41019,-23.69307]]}},{"type":"Feature","properties":{"nombre":"Avenida Argentina","jerarquia":3},"geometry":{"type":"LineString","coordinates":[[-70.41019,-23.69307],[-70.4102,-23.69328]]}},{"type":"Feature","properties":{"nombre":"Avenida Argentina","jerarquia":3},"geometry":{"type":"LineString","coordinates":[[-70.4102,-23.69328],[-70.41026,-23.6941]]}},{"type":"Feature","properties":{"nombre":"Avenida Argentina","jerarquia":3},"geometry":{"type":"LineString","coordinates":[[-70.41026,-23.6941],[-70.41032,-23.69509]]}},{"type":"Feature","properties":{"nombre":"Avenida Argentina","jerarquia":3},"geometry":{"type":"LineString","coordinates":[[-70.41032,-23.69509],[-70.41037,-23.69592]]}},{"type":"Feature","properties":{"nombre":"Avenida Argentina","jerarquia":3},"geometry":{"type":"LineString","coordinates":[[-70.41005,-23.69244],[-70.41006,-23.69124]]}},{"type":"Feature","properties":{"nombre":"Avenida Argentina","jerarquia":3},"geometry":{"type":"LineString","coordinates":[[-70.41006,-23.69124],[-70.41005,-23.69118]]}},{"type":"Feature","properties":{"nombre":"Iquique","jerarquia":5},"geometry":{"type":"LineString","coordinates":[[-70.39092,-23.62192],[-70.39092,-23.62178]]}},{"type":"Feature","properties":{"nombre":"Avenida Pedro Aguirre Cerda","jerarquia":5},"geometry":{"type":"LineString","coordinates":[[-70.39005,-23.62162],[-70.39001,-23.62148]]}},{"type":"Feature","properties":{"nombre":"Avenida Pedro Aguirre Cerda","jerarquia":5},"geometry":{"type":"LineString","coordinates":[[-70.39001,-23.62148],[-70.38999,-23.62137]]}},{"type":"Feature","properties":{"nombre":"Pisagua","jerarquia":4},"geometry":{"type":"LineString","coordinates":[[-70.39007,-23.62171],[-70.38974,-23.62176]]}},{"type":"Feature","properties":{"nombre":"","jerarquia":4},"geometry":{"type":"LineString","coordinates":[[-70.39042,-23.62171],[-70.39018,-23.6217]]}},{"type":"Feature","properties":{"nombre":"","jerarquia":4},"geometry":{"type":"LineString","coordinates":[[-70.39018,-23.6217],[-70.39015,-23.6217]]}},{"type":"Feature","properties":{"nombre":"Pisagua","jerarquia":4},"geometry":{"type":"LineString","coordinates":[[-70.39005,-23.62162],[-70.39012,-23.62159]]}},{"type":"Feature","properties":{"nombre":"Avenida Pedro Aguirre Cerda","jerarquia":5},"geometry":{"type":"LineString","coordinates":[[-70.39003,-23.62122],[-70.39008,-23.62142]]}},{"type":"Feature","properties":{"nombre":"Avenida Pedro Aguirre Cerda","jerarquia":5},"geometry":{"type":"LineString","coordinates":[[-70.39008,-23.62142],[-70.39011,-23.62155]]}},{"type":"Feature","properties":{"nombre":"","jerarquia":3},"geometry":{"type":"LineString","coordinates":[[-70.39312,-23.62545],[-70.3931,-23.62559]]}},{"type":"Feature","properties":{"nombre":"","jerarquia":3},"geometry":{"type":"LineString","coordinates":[[-70.39355,-23.63858],[-70.39345,-23.63874]]}},{"type":"Feature","properties":{"nombre":"Guillermo Serey","jerarquia":5},"geometry":{"type":"LineString","coordinates":[[-70.37357,-23.62872],[-70.37363,-23.62899]]}},{"type":"Feature","properties":{"nombre":"Guillermo Serey","jerarquia":5},"geometry":{"type":"LineString","coordinates":[[-70.37363,-23.62899],[-70.37365,-23.62906]]}},{"type":"Feature","properties":{"nombre":"Guillermo Serey","jerarquia":5},"geometry":{"type":"LineString","coordinates":[[-70.37365,-23.62906],[-70.37366,-23.62911]]}},{"type":"Feature","properties":{"nombre":"Guillermo Serey","jerarquia":5},"geometry":{"type":"LineString","coordinates":[[-70.37366,-23.62911],[-70.37367,-23.62934]]}},{"type":"Feature","properties":{"nombre":"Guillermo Serey","jerarquia":5},"geometry":{"type":"LineString","coordinates":[[-70.37367,-23.62934],[-70.37367,-23.6294]]}},{"type":"Feature","properties":{"nombre":"General Óscar Bonilla","jerarquia":5},"geometry":{"type":"LineString","coordinates":[[-70.37906,-23.61108],[-70.37897,-23.611]]}},{"type":"Feature","properties":{"nombre":"Santiago Humberstone","jerarquia":4},"geometry":{"type":"LineString","coordinates":[[-70.39748,-23.56619],[-70.39765,-23.56621]]}},{"type":"Feature","properties":{"nombre":"Santiago Humberstone","jerarquia":4},"geometry":{"type":"LineString","coordinates":[[-70.39765,-23.56621],[-70.39775,-23.56623]]}},{"type":"Feature","properties":{"nombre":"","jerarquia":2},"geometry":{"type":"LineString","coordinates":[[-70.37632,-23.62959],[-70.37626,-23.62944]]}},{"type":"Feature","properties":{"nombre":"","jerarquia":2},"geometry":{"type":"LineString","coordinates":[[-70.37626,-23.62944],[-70.37623,-23.6293],[-70.37614,-23.62922]]}},{"type":"Feature","properties":{"nombre":"","jerarquia":2},"geometry":{"type":"LineString","coordinates":[[-70.37614,-23.62922],[-70.37606,-23.62918]]}},{"type":"Feature","properties":{"nombre":"","jerarquia":3},"geometry":{"type":"LineString","coordinates":[[-70.39053,-23.58398],[-70.39042,-23.58403]]}},{"type":"Feature","properties":{"nombre":"","jerarquia":3},"geometry":{"type":"LineString","coordinates":[[-70.39042,-23.58403],[-70.39038,-23.58407]]}},{"type":"Feature","properties":{"nombre":"","jerarquia":3},"geometry":{"type":"LineString","coordinates":[[-70.39041,-23.5837],[-70.39055,-23.58388]]}},{"type":"Feature","properties":{"nombre":"Avenida Pedro Aguirre Cerda","jerarquia":5},"geometry":{"type":"LineString","coordinates":[[-70.39079,-23.57706],[-70.39083,-23.57664]]}},{"type":"Feature","properties":{"nombre":"","jerarquia":3},"geometry":{"type":"LineString","coordinates":[[-70.40883,-23.68225],[-70.40886,-23.68212],[-70.40875,-23.68196]]}},{"type":"Feature","properties":{"nombre":"","jerarquia":2},"geometry":{"type":"LineString","coordinates":[[-70.4071,-23.67079],[-70.40723,-23.67067],[-70.40728,-23.6705]]}},{"type":"Feature","properties":{"nombre":"","jerarquia":4},"geometry":{"type":"LineString","coordinates":[[-70.40711,-23.67098],[-70.40703,-23.6709]]}},{"type":"Feature","properties":{"nombre":"","jerarquia":4},"geometry":{"type":"LineString","coordinates":[[-70.41212,-23.68304],[-70.41221,-23.68288]]}},{"type":"Feature","properties":{"nombre":"","jerarquia":2},"geometry":{"type":"LineString","coordinates":[[-70.40293,-23.65861],[-70.40291,-23.65883]]}},{"type":"Feature","properties":{"nombre":"","jerarquia":2},"geometry":{"type":"LineString","coordinates":[[-70.40291,-23.65883],[-70.40307,-23.65895]]}},{"type":"Feature","properties":{"nombre":"","jerarquia":2},"geometry":{"type":"LineString","coordinates":[[-70.39205,-23.60865],[-70.39201,-23.6084]]}},{"type":"Feature","properties":{"nombre":"Nicolás Tirado","jerarquia":4},"geometry":{"type":"LineString","coordinates":[[-70.39707,-23.59321],[-70.397,-23.59277],[-70.39687,-23.59244]]}},{"type":"Feature","properties":{"nombre":"","jerarquia":2},"geometry":{"type":"LineString","coordinates":[[-70.39328,-23.58601],[-70.39317,-23.5857],[-70.39322,-23.58543]]}},{"type":"Feature","properties":{"nombre":"Avenida Edmundo Pérez Zujovic","jerarquia":5},"geometry":{"type":"LineString","coordinates":[[-70.39257,-23.57839],[-70.39282,-23.57806]]}},{"type":"Feature","properties":{"nombre":"Avenida Edmundo Pérez Zujovic","jerarquia":5},"geometry":{"type":"LineString","coordinates":[[-70.39282,-23.57806],[-70.39325,-23.57742]]}},{"type":"Feature","properties":{"nombre":"","jerarquia":3},"geometry":{"type":"LineString","coordinates":[[-70.4099,-23.68545],[-70.40992,-23.68564],[-70.40984,-23.68573]]}},{"type":"Feature","properties":{"nombre":"Díaz Gana","jerarquia":5},"geometry":{"type":"LineString","coordinates":[[-70.39507,-23.66507],[-70.39491,-23.66529]]}},{"type":"Feature","properties":{"nombre":"Avenida Pedro Aguirre Cerda","jerarquia":3},"geometry":{"type":"LineString","coordinates":[[-70.39087,-23.56627],[-70.39091,-23.56528]]}},{"type":"Feature","properties":{"nombre":"","jerarquia":3},"geometry":{"type":"LineString","coordinates":[[-70.39362,-23.63778],[-70.39354,-23.63762]]}},{"type":"Feature","properties":{"nombre":"Lidia Moreno","jerarquia":5},"geometry":{"type":"LineString","coordinates":[[-70.39075,-23.56925],[-70.39086,-23.56926]]}},{"type":"Feature","properties":{"nombre":"Lidia Moreno","jerarquia":5},"geometry":{"type":"LineString","coordinates":[[-70.39086,-23.56926],[-70.39171,-23.56933]]}},{"type":"Feature","properties":{"nombre":"","jerarquia":4},"geometry":{"type":"LineString","coordinates":[[-70.41564,-23.69688],[-70.41557,-23.69679]]}},{"type":"Feature","properties":{"nombre":"","jerarquia":4},"geometry":{"type":"LineString","coordinates":[[-70.41557,-23.69679],[-70.41558,-23.69677]]}},{"type":"Feature","properties":{"nombre":"","jerarquia":4},"geometry":{"type":"LineString","coordinates":[[-70.41543,-23.69682],[-70.41552,-23.69691]]}},{"type":"Feature","properties":{"nombre":"","jerarquia":4},"geometry":{"type":"LineString","coordinates":[[-70.41552,-23.69691],[-70.41551,-23.69693]]}},{"type":"Feature","properties":{"nombre":"","jerarquia":4},"geometry":{"type":"LineString","coordinates":[[-70.41464,-23.69726],[-70.41448,-23.69722]]}},{"type":"Feature","properties":{"nombre":"","jerarquia":4},"geometry":{"type":"LineString","coordinates":[[-70.41448,-23.69722],[-70.41446,-23.69721]]}},{"type":"Feature","properties":{"nombre":"Cau Cau","jerarquia":5},"geometry":{"type":"LineString","coordinates":[[-70.4094,-23.6975],[-70.40931,-23.69733]]}},{"type":"Feature","properties":{"nombre":"Clodomiro Rozas","jerarquia":5},"geometry":{"type":"LineString","coordinates":[[-70.37614,-23.59093],[-70.37668,-23.59094]]}},{"type":"Feature","properties":{"nombre":"Clodomiro Rozas","jerarquia":5},"geometry":{"type":"LineString","coordinates":[[-70.37668,-23.59094],[-70.37675,-23.59094]]}},{"type":"Feature","properties":{"nombre":"Clodomiro Rozas","jerarquia":5},"geometry":{"type":"LineString","coordinates":[[-70.37675,-23.59094],[-70.37716,-23.59094]]}},{"type":"Feature","properties":{"nombre":"Clodomiro Rozas","jerarquia":5},"geometry":{"type":"LineString","coordinates":[[-70.37716,-23.59094],[-70.37759,-23.59095]]}},{"type":"Feature","properties":{"nombre":"Clodomiro Rozas","jerarquia":5},"geometry":{"type":"LineString","coordinates":[[-70.37759,-23.59095],[-70.37761,-23.59095]]}},{"type":"Feature","properties":{"nombre":"Clodomiro Rozas","jerarquia":5},"geometry":{"type":"LineString","coordinates":[[-70.37761,-23.59095],[-70.37808,-23.59095]]}},{"type":"Feature","properties":{"nombre":"Clodomiro Rozas","jerarquia":5},"geometry":{"type":"LineString","coordinates":[[-70.37808,-23.59095],[-70.37876,-23.59096]]}},{"type":"Feature","properties":{"nombre":"Cerro Pedregal","jerarquia":5},"geometry":{"type":"LineString","coordinates":[[-70.37403,-23.58384],[-70.37457,-23.58446]]}},{"type":"Feature","properties":{"nombre":"Cerro Pedregal","jerarquia":5},"geometry":{"type":"LineString","coordinates":[[-70.37457,-23.58446],[-70.37483,-23.58474]]}},{"type":"Feature","properties":{"nombre":"Cerro Pedregal","jerarquia":5},"geometry":{"type":"LineString","coordinates":[[-70.37483,-23.58474],[-70.37508,-23.58498]]}},{"type":"Feature","properties":{"nombre":"Cerro Pedregal","jerarquia":5},"geometry":{"type":"LineString","coordinates":[[-70.37508,-23.58498],[-70.37539,-23.58535]]}},{"type":"Feature","properties":{"nombre":"Cerro Pedregal","jerarquia":5},"geometry":{"type":"LineString","coordinates":[[-70.37539,-23.58535],[-70.37566,-23.58563]]}},{"type":"Feature","properties":{"nombre":"Cerro Pedregal","jerarquia":5},"geometry":{"type":"LineString","coordinates":[[-70.37566,-23.58563],[-70.37577,-23.5858],[-70.37582,-23.58604]]}},{"type":"Feature","properties":{"nombre":"Nicolás González","jerarquia":5},"geometry":{"type":"LineString","coordinates":[[-70.37971,-23.59659],[-70.3797,-23.59647]]}},{"type":"Feature","properties":{"nombre":"Abracita","jerarquia":5},"geometry":{"type":"LineString","coordinates":[[-70.39114,-23.55923],[-70.3887,-23.55903]]}},{"type":"Feature","properties":{"nombre":"Guillermo Serey","jerarquia":5},"geometry":{"type":"LineString","coordinates":[[-70.3739,-23.62754],[-70.37363,-23.62849]]}},{"type":"Feature","properties":{"nombre":"Guillermo Serey","jerarquia":5},"geometry":{"type":"LineString","coordinates":[[-70.37363,-23.62849],[-70.37357,-23.62872]]}},{"type":"Feature","properties":{"nombre":"Traiguén","jerarquia":5},"geometry":{"type":"LineString","coordinates":[[-70.37732,-23.62164],[-70.37757,-23.62235]]}},{"type":"Feature","properties":{"nombre":"Traiguén","jerarquia":5},"geometry":{"type":"LineString","coordinates":[[-70.37757,-23.62235],[-70.37779,-23.62281]]}},{"type":"Feature","properties":{"nombre":"Centenario","jerarquia":5},"geometry":{"type":"LineString","coordinates":[[-70.37635,-23.62617],[-70.37612,-23.62625]]}},{"type":"Feature","properties":{"nombre":"Centenario","jerarquia":5},"geometry":{"type":"LineString","coordinates":[[-70.37612,-23.62625],[-70.37603,-23.62628]]}},{"type":"Feature","properties":{"nombre":"Centenario","jerarquia":5},"geometry":{"type":"LineString","coordinates":[[-70.37603,-23.62628],[-70.37564,-23.62641]]}},{"type":"Feature","properties":{"nombre":"Centenario","jerarquia":5},"geometry":{"type":"LineString","coordinates":[[-70.37564,-23.62641],[-70.37524,-23.62655]]}},{"type":"Feature","properties":{"nombre":"Centenario","jerarquia":5},"geometry":{"type":"LineString","coordinates":[[-70.37524,-23.62655],[-70.37523,-23.62666]]}},{"type":"Feature","properties":{"nombre":"Sucre","jerarquia":5},"geometry":{"type":"LineString","coordinates":[[-70.38887,-23.65532],[-70.38873,-23.65547]]}},{"type":"Feature","properties":{"nombre":"Sucre","jerarquia":5},"geometry":{"type":"LineString","coordinates":[[-70.38873,-23.65547],[-70.38777,-23.65646]]}},{"type":"Feature","properties":{"nombre":"Sucre","jerarquia":5},"geometry":{"type":"LineString","coordinates":[[-70.38777,-23.65646],[-70.38743,-23.65682]]}},{"type":"Feature","properties":{"nombre":"Avenida Edmundo Pérez Zujovic","jerarquia":5},"geometry":{"type":"LineString","coordinates":[[-70.39949,-23.56276],[-70.39941,-23.56287]]}},{"type":"Feature","properties":{"nombre":"Avenida Edmundo Pérez Zujovic","jerarquia":5},"geometry":{"type":"LineString","coordinates":[[-70.39941,-23.56287],[-70.3985,-23.56455]]}},{"type":"Feature","properties":{"nombre":"Avenida Edmundo Pérez Zujovic","jerarquia":5},"geometry":{"type":"LineString","coordinates":[[-70.3985,-23.56455],[-70.39778,-23.56587],[-70.39765,-23.56621]]}},{"type":"Feature","properties":{"nombre":"Avenida Edmundo Pérez Zujovic","jerarquia":5},"geometry":{"type":"LineString","coordinates":[[-70.39765,-23.56621],[-70.39762,-23.56632]]}},{"type":"Feature","properties":{"nombre":"Catalina Massot","jerarquia":5},"geometry":{"type":"LineString","coordinates":[[-70.41662,-23.70335],[-70.41631,-23.70407]]}},{"type":"Feature","properties":{"nombre":"","jerarquia":2},"geometry":{"type":"LineString","coordinates":[[-70.34521,-23.62516],[-70.34458,-23.62535],[-70.34397,-23.6256],[-70.34378,-23.62559]]}},{"type":"Feature","properties":{"nombre":"Avenida Angamos","jerarquia":4},"geometry":{"type":"LineString","coordinates":[[-70.4137,-23.69801],[-70.41408,-23.69751],[-70.41446,-23.69721]]}},{"type":"Feature","properties":{"nombre":"Avenida Angamos","jerarquia":4},"geometry":{"type":"LineString","coordinates":[[-70.41464,-23.69726],[-70.41418,-23.69758],[-70.41381,-23.69808]]}},{"type":"Feature","properties":{"nombre":"","jerarquia":2},"geometry":{"type":"LineString","coordinates":[[-70.37992,-23.62868],[-70.37993,-23.62879]]}},{"type":"Feature","properties":{"nombre":"Avenida Argentina","jerarquia":3},"geometry":{"type":"LineString","coordinates":[[-70.41217,-23.70095],[-70.41214,-23.70031]]}},{"type":"Feature","properties":{"nombre":"","jerarquia":2},"geometry":{"type":"LineString","coordinates":[[-70.40739,-23.67076],[-70.40765,-23.67073]]}},{"type":"Feature","properties":{"nombre":"General Óscar Bonilla","jerarquia":5},"geometry":{"type":"LineString","coordinates":[[-70.3785,-23.59882],[-70.37853,-23.59936]]}},{"type":"Feature","properties":{"nombre":"General Óscar Bonilla","jerarquia":5},"geometry":{"type":"LineString","coordinates":[[-70.37853,-23.59936],[-70.37857,-23.60039]]}},{"type":"Feature","properties":{"nombre":"General Óscar Bonilla","jerarquia":5},"geometry":{"type":"LineString","coordinates":[[-70.37857,-23.60039],[-70.37864,-23.60139]]}},{"type":"Feature","properties":{"nombre":"General Óscar Bonilla","jerarquia":5},"geometry":{"type":"LineString","coordinates":[[-70.37864,-23.60139],[-70.37866,-23.60177],[-70.37872,-23.60197],[-70.37903,-23.60232]]}},{"type":"Feature","properties":{"nombre":"General Óscar Bonilla","jerarquia":5},"geometry":{"type":"LineString","coordinates":[[-70.37903,-23.60232],[-70.3798,-23.6032],[-70.37988,-23.60353]]}},{"type":"Feature","properties":{"nombre":"General Óscar Bonilla","jerarquia":5},"geometry":{"type":"LineString","coordinates":[[-70.37988,-23.60353],[-70.37987,-23.60359]]}},{"type":"Feature","properties":{"nombre":"General Óscar Bonilla","jerarquia":5},"geometry":{"type":"LineString","coordinates":[[-70.37987,-23.60359],[-70.37987,-23.60367]]}},{"type":"Feature","properties":{"nombre":"General Óscar Bonilla","jerarquia":5},"geometry":{"type":"LineString","coordinates":[[-70.37987,-23.60367],[-70.3798,-23.60455],[-70.37983,-23.60487]]}},{"type":"Feature","properties":{"nombre":"General Óscar Bonilla","jerarquia":5},"geometry":{"type":"LineString","coordinates":[[-70.37983,-23.60487],[-70.37974,-23.60603]]}},{"type":"Feature","properties":{"nombre":"General Óscar Bonilla","jerarquia":5},"geometry":{"type":"LineString","coordinates":[[-70.37974,-23.60603],[-70.37967,-23.60662]]}},{"type":"Feature","properties":{"nombre":"General Óscar Bonilla","jerarquia":5},"geometry":{"type":"LineString","coordinates":[[-70.37967,-23.60662],[-70.3796,-23.60728]]}},{"type":"Feature","properties":{"nombre":"General Óscar Bonilla","jerarquia":5},"geometry":{"type":"LineString","coordinates":[[-70.3796,-23.60728],[-70.3796,-23.60758]]}},{"type":"Feature","properties":{"nombre":"General Óscar Bonilla","jerarquia":5},"geometry":{"type":"LineString","coordinates":[[-70.3796,-23.60758],[-70.37955,-23.60802]]}},{"type":"Feature","properties":{"nombre":"General Óscar Bonilla","jerarquia":5},"geometry":{"type":"LineString","coordinates":[[-70.37955,-23.60802],[-70.3795,-23.60851]]}},{"type":"Feature","properties":{"nombre":"General Óscar Bonilla","jerarquia":5},"geometry":{"type":"LineString","coordinates":[[-70.3795,-23.60851],[-70.37941,-23.60942]]}},{"type":"Feature","properties":{"nombre":"General Óscar Bonilla","jerarquia":5},"geometry":{"type":"LineString","coordinates":[[-70.37941,-23.60942],[-70.37934,-23.61014]]}},{"type":"Feature","properties":{"nombre":"General Óscar Bonilla","jerarquia":5},"geometry":{"type":"LineString","coordinates":[[-70.37934,-23.61014],[-70.37924,-23.611]]}},{"type":"Feature","properties":{"nombre":"Caletera Pedro Aguirre Cerda","jerarquia":5},"geometry":{"type":"LineString","coordinates":[[-70.39737,-23.52137],[-70.39843,-23.51944],[-70.39984,-23.51705],[-70.40099,-23.51456]]}},{"type":"Feature","properties":{"nombre":"Caletera Pedro Aguirre Cerda","jerarquia":5},"geometry":{"type":"LineString","coordinates":[[-70.40099,-23.51456],[-70.40271,-23.51143]]}},{"type":"Feature","properties":{"nombre":"Caletera Pedro Aguirre Cerda","jerarquia":5},"geometry":{"type":"LineString","coordinates":[[-70.40271,-23.51143],[-70.40286,-23.51118]]}},{"type":"Feature","properties":{"nombre":"Caletera Pedro Aguirre Cerda","jerarquia":5},"geometry":{"type":"LineString","coordinates":[[-70.40286,-23.51118],[-70.40405,-23.50899]]}},{"type":"Feature","properties":{"nombre":"Caletera Pedro Aguirre Cerda","jerarquia":5},"geometry":{"type":"LineString","coordinates":[[-70.40405,-23.50899],[-70.40514,-23.50725]]}},{"type":"Feature","properties":{"nombre":"Caletera Pedro Aguirre Cerda","jerarquia":5},"geometry":{"type":"LineString","coordinates":[[-70.40514,-23.50725],[-70.40522,-23.50711]]}},{"type":"Feature","properties":{"nombre":"Caletera Pedro Aguirre Cerda","jerarquia":5},"geometry":{"type":"LineString","coordinates":[[-70.40522,-23.50711],[-70.40608,-23.50535]]}},{"type":"Feature","properties":{"nombre":"Caletera Pedro Aguirre Cerda","jerarquia":5},"geometry":{"type":"LineString","coordinates":[[-70.40608,-23.50535],[-70.4067,-23.50406],[-70.40758,-23.50168]]}},{"type":"Feature","properties":{"nombre":"Caletera Pedro Aguirre Cerda","jerarquia":5},"geometry":{"type":"LineString","coordinates":[[-70.40758,-23.50168],[-70.40767,-23.50143]]}},{"type":"Feature","properties":{"nombre":"","jerarquia":5},"geometry":{"type":"LineString","coordinates":[[-70.39689,-23.52243],[-70.39682,-23.5224]]}},{"type":"Feature","properties":{"nombre":"Manuel Antonio Matta","jerarquia":4},"geometry":{"type":"LineString","coordinates":[[-70.40101,-23.65377],[-70.40118,-23.65391]]}},{"type":"Feature","properties":{"nombre":"Manuel Antonio Matta","jerarquia":4},"geometry":{"type":"LineString","coordinates":[[-70.40118,-23.65391],[-70.40161,-23.65427]]}},{"type":"Feature","properties":{"nombre":"Avenida Bernardo O'Higgins","jerarquia":5},"geometry":{"type":"LineString","coordinates":[[-70.4011,-23.65535],[-70.40109,-23.65399],[-70.40118,-23.65391]]}},{"type":"Feature","properties":{"nombre":"Manuel Antonio Matta","jerarquia":5},"geometry":{"type":"LineString","coordinates":[[-70.40161,-23.65427],[-70.4019,-23.6545]]}},{"type":"Feature","properties":{"nombre":"Manuel Antonio Matta","jerarquia":5},"geometry":{"type":"LineString","coordinates":[[-70.4019,-23.6545],[-70.40234,-23.65487]]}},{"type":"Feature","properties":{"nombre":"Manuel Antonio Matta","jerarquia":5},"geometry":{"type":"LineString","coordinates":[[-70.40234,-23.65487],[-70.40245,-23.65495]]}},{"type":"Feature","properties":{"nombre":"Manuel Antonio Matta","jerarquia":5},"geometry":{"type":"LineString","coordinates":[[-70.40245,-23.65495],[-70.40263,-23.65511]]}},{"type":"Feature","properties":{"nombre":"José Santos Ossa","jerarquia":5},"geometry":{"type":"LineString","coordinates":[[-70.39934,-23.65389],[-70.39846,-23.65317]]}},{"type":"Feature","properties":{"nombre":"José Santos Ossa","jerarquia":5},"geometry":{"type":"LineString","coordinates":[[-70.39846,-23.65317],[-70.39756,-23.65243]]}},{"type":"Feature","properties":{"nombre":"Carlos Condell","jerarquia":5},"geometry":{"type":"LineString","coordinates":[[-70.39239,-23.64542],[-70.39159,-23.64478]]}},{"type":"Feature","properties":{"nombre":"Carlos Condell","jerarquia":5},"geometry":{"type":"LineString","coordinates":[[-70.39159,-23.64478],[-70.39103,-23.64432]]}},{"type":"Feature","properties":{"nombre":"Carlos Condell","jerarquia":5},"geometry":{"type":"LineString","coordinates":[[-70.39103,-23.64432],[-70.39013,-23.64359]]}},{"type":"Feature","properties":{"nombre":"Carlos Condell","jerarquia":5},"geometry":{"type":"LineString","coordinates":[[-70.39013,-23.64359],[-70.38971,-23.64327]]}},{"type":"Feature","properties":{"nombre":"Almirante Latorre","jerarquia":4},"geometry":{"type":"LineString","coordinates":[[-70.3926,-23.64425],[-70.39267,-23.64431]]}},{"type":"Feature","properties":{"nombre":"Almirante Latorre","jerarquia":4},"geometry":{"type":"LineString","coordinates":[[-70.39267,-23.64431],[-70.3929,-23.64449]]}},{"type":"Feature","properties":{"nombre":"Almirante Latorre","jerarquia":4},"geometry":{"type":"LineString","coordinates":[[-70.3929,-23.64449],[-70.39378,-23.64519]]}},{"type":"Feature","properties":{"nombre":"Almirante Latorre","jerarquia":4},"geometry":{"type":"LineString","coordinates":[[-70.39378,-23.64519],[-70.39466,-23.64589]]}},{"type":"Feature","properties":{"nombre":"Almirante Latorre","jerarquia":4},"geometry":{"type":"LineString","coordinates":[[-70.39466,-23.64589],[-70.39542,-23.64649]]}},{"type":"Feature","properties":{"nombre":"Almirante Latorre","jerarquia":4},"geometry":{"type":"LineString","coordinates":[[-70.39542,-23.64649],[-70.39551,-23.64657]]}},{"type":"Feature","properties":{"nombre":"Almirante Latorre","jerarquia":4},"geometry":{"type":"LineString","coordinates":[[-70.39551,-23.64657],[-70.39629,-23.64718]]}},{"type":"Feature","properties":{"nombre":"Almirante Latorre","jerarquia":4},"geometry":{"type":"LineString","coordinates":[[-70.39629,-23.64718],[-70.39639,-23.64726]]}},{"type":"Feature","properties":{"nombre":"Almirante Latorre","jerarquia":4},"geometry":{"type":"LineString","coordinates":[[-70.39639,-23.64726],[-70.39716,-23.64788]]}},{"type":"Feature","properties":{"nombre":"Almirante Latorre","jerarquia":4},"geometry":{"type":"LineString","coordinates":[[-70.39716,-23.64788],[-70.39804,-23.64858]]}},{"type":"Feature","properties":{"nombre":"Almirante Latorre","jerarquia":4},"geometry":{"type":"LineString","coordinates":[[-70.39804,-23.64858],[-70.39814,-23.64866]]}},{"type":"Feature","properties":{"nombre":"Isabel Riquelme","jerarquia":4},"geometry":{"type":"LineString","coordinates":[[-70.38266,-23.61258],[-70.38258,-23.61253]]}},{"type":"Feature","properties":{"nombre":"Isabel Riquelme","jerarquia":4},"geometry":{"type":"LineString","coordinates":[[-70.38258,-23.61253],[-70.38235,-23.61241]]}},{"type":"Feature","properties":{"nombre":"Isabel Riquelme","jerarquia":4},"geometry":{"type":"LineString","coordinates":[[-70.38235,-23.61241],[-70.38208,-23.61224]]}},{"type":"Feature","properties":{"nombre":"Isabel Riquelme","jerarquia":4},"geometry":{"type":"LineString","coordinates":[[-70.38208,-23.61224],[-70.3816,-23.61198]]}},{"type":"Feature","properties":{"nombre":"Isabel Riquelme","jerarquia":4},"geometry":{"type":"LineString","coordinates":[[-70.3816,-23.61198],[-70.38122,-23.61174]]}},{"type":"Feature","properties":{"nombre":"Isabel Riquelme","jerarquia":4},"geometry":{"type":"LineString","coordinates":[[-70.38122,-23.61174],[-70.38114,-23.61169]]}},{"type":"Feature","properties":{"nombre":"Isabel Riquelme","jerarquia":4},"geometry":{"type":"LineString","coordinates":[[-70.38114,-23.61169],[-70.38067,-23.6114]]}},{"type":"Feature","properties":{"nombre":"Isabel Riquelme","jerarquia":4},"geometry":{"type":"LineString","coordinates":[[-70.38067,-23.6114],[-70.3803,-23.61122]]}},{"type":"Feature","properties":{"nombre":"Isabel Riquelme","jerarquia":4},"geometry":{"type":"LineString","coordinates":[[-70.3803,-23.61122],[-70.37988,-23.61111]]}},{"type":"Feature","properties":{"nombre":"Isabel Riquelme","jerarquia":4},"geometry":{"type":"LineString","coordinates":[[-70.37988,-23.61111],[-70.37981,-23.61112]]}},{"type":"Feature","properties":{"nombre":"Isabel Riquelme","jerarquia":4},"geometry":{"type":"LineString","coordinates":[[-70.37981,-23.61112],[-70.37906,-23.61108]]}},{"type":"Feature","properties":{"nombre":"Isabel Riquelme","jerarquia":4},"geometry":{"type":"LineString","coordinates":[[-70.37906,-23.61108],[-70.37876,-23.61107]]}},{"type":"Feature","properties":{"nombre":"Isabel Riquelme","jerarquia":4},"geometry":{"type":"LineString","coordinates":[[-70.37876,-23.61107],[-70.37813,-23.61107]]}},{"type":"Feature","properties":{"nombre":"Ruta 28","jerarquia":2},"geometry":{"type":"LineString","coordinates":[[-70.31844,-23.77497],[-70.31673,-23.77558]]}},{"type":"Feature","properties":{"nombre":"Ruta Minera","jerarquia":2},"geometry":{"type":"LineString","coordinates":[[-70.31594,-23.77572],[-70.3161,-23.77566]]}},{"type":"Feature","properties":{"nombre":"Ruta 5 Norte","jerarquia":2},"geometry":{"type":"LineString","coordinates":[[-70.31526,-23.77322],[-70.31482,-23.77212]]}},{"type":"Feature","properties":{"nombre":"Ruta 5 Norte","jerarquia":2},"geometry":{"type":"LineString","coordinates":[[-70.31511,-23.77247],[-70.31567,-23.77374]]}},{"type":"Feature","properties":{"nombre":"Ruta Minera","jerarquia":5},"geometry":{"type":"LineString","coordinates":[[-70.31472,-23.77623],[-70.31438,-23.77628],[-70.31392,-23.77626],[-70.31347,-23.77611],[-70.31317,-23.77593]]}},{"type":"Feature","properties":{"nombre":"Avenida de la Minería","jerarquia":2},"geometry":{"type":"LineString","coordinates":[[-70.4138,-23.69984],[-70.41487,-23.69971],[-70.41667,-23.69935]]}},{"type":"Feature","properties":{"nombre":"","jerarquia":2},"geometry":{"type":"LineString","coordinates":[[-70.42047,-23.6973],[-70.42092,-23.6968],[-70.42099,-23.69659],[-70.42103,-23.69607],[-70.42113,-23.69594],[-70.42127,-23.69586]]}},{"type":"Feature","properties":{"nombre":"Avenida de la Minería","jerarquia":2},"geometry":{"type":"LineString","coordinates":[[-70.42189,-23.69652],[-70.4218,-23.697],[-70.42156,-23.6974]]}},{"type":"Feature","properties":{"nombre":"Avenida de la Minería","jerarquia":2},"geometry":{"type":"LineString","coordinates":[[-70.42127,-23.69763],[-70.42096,-23.6978]]}},{"type":"Feature","properties":{"nombre":"Avenida Universidad de Antofagasta","jerarquia":4},"geometry":{"type":"LineString","coordinates":[[-70.42291,-23.70028],[-70.4231,-23.70083]]}},{"type":"Feature","properties":{"nombre":"Avenida Universidad de Antofagasta","jerarquia":4},"geometry":{"type":"LineString","coordinates":[[-70.4231,-23.70083],[-70.42315,-23.70096]]}},{"type":"Feature","properties":{"nombre":"Avenida Universidad de Antofagasta","jerarquia":4},"geometry":{"type":"LineString","coordinates":[[-70.42306,-23.70099],[-70.42274,-23.7001]]}},{"type":"Feature","properties":{"nombre":"Avenida Universidad de Antofagasta","jerarquia":4},"geometry":{"type":"LineString","coordinates":[[-70.42189,-23.69652],[-70.42204,-23.69759],[-70.42223,-23.69835]]}},{"type":"Feature","properties":{"nombre":"Avenida Universidad de Antofagasta","jerarquia":4},"geometry":{"type":"LineString","coordinates":[[-70.42223,-23.69835],[-70.42255,-23.69928]]}},{"type":"Feature","properties":{"nombre":"Avenida Universidad de Antofagasta","jerarquia":4},"geometry":{"type":"LineString","coordinates":[[-70.42255,-23.69928],[-70.42291,-23.70028]]}},{"type":"Feature","properties":{"nombre":"","jerarquia":2},"geometry":{"type":"LineString","coordinates":[[-70.42174,-23.69772],[-70.42157,-23.69763],[-70.42135,-23.69762]]}},{"type":"Feature","properties":{"nombre":"","jerarquia":2},"geometry":{"type":"LineString","coordinates":[[-70.42135,-23.69762],[-70.42127,-23.69763]]}},{"type":"Feature","properties":{"nombre":"Avenida de la Minería","jerarquia":2},"geometry":{"type":"LineString","coordinates":[[-70.41442,-23.6999],[-70.41324,-23.69998]]}},{"type":"Feature","properties":{"nombre":"Avenida de la Minería","jerarquia":2},"geometry":{"type":"LineString","coordinates":[[-70.41186,-23.6999],[-70.41121,-23.6998]]}},{"type":"Feature","properties":{"nombre":"Caletera Pedro Aguirre Cerda","jerarquia":5},"geometry":{"type":"LineString","coordinates":[[-70.39651,-23.52295],[-70.39682,-23.5224]]}},{"type":"Feature","properties":{"nombre":"Caletera Pedro Aguirre Cerda","jerarquia":5},"geometry":{"type":"LineString","coordinates":[[-70.39277,-23.53575],[-70.39286,-23.5349]]}},{"type":"Feature","properties":{"nombre":"Caletera Pedro Aguirre Cerda","jerarquia":5},"geometry":{"type":"LineString","coordinates":[[-70.39286,-23.5349],[-70.39307,-23.53291]]}},{"type":"Feature","properties":{"nombre":"Caletera Pedro Aguirre Cerda","jerarquia":5},"geometry":{"type":"LineString","coordinates":[[-70.39307,-23.53291],[-70.39328,-23.53096]]}},{"type":"Feature","properties":{"nombre":"Caletera Pedro Aguirre Cerda","jerarquia":5},"geometry":{"type":"LineString","coordinates":[[-70.39328,-23.53096],[-70.39345,-23.52938],[-70.39354,-23.52887],[-70.39376,-23.52817],[-70.39413,-23.52741]]}},{"type":"Feature","properties":{"nombre":"Caletera Pedro Aguirre Cerda","jerarquia":5},"geometry":{"type":"LineString","coordinates":[[-70.39413,-23.52741],[-70.39517,-23.5254]]}},{"type":"Feature","properties":{"nombre":"Caletera Pedro Aguirre Cerda","jerarquia":5},"geometry":{"type":"LineString","coordinates":[[-70.39517,-23.5254],[-70.39577,-23.52432]]}},{"type":"Feature","properties":{"nombre":"Caletera Pedro Aguirre Cerda","jerarquia":5},"geometry":{"type":"LineString","coordinates":[[-70.39577,-23.52432],[-70.39601,-23.52387]]}},{"type":"Feature","properties":{"nombre":"Caletera Pedro Aguirre Cerda","jerarquia":5},"geometry":{"type":"LineString","coordinates":[[-70.39694,-23.52355],[-70.39435,-23.52805],[-70.39408,-23.52869],[-70.39391,-23.52944]]}},{"type":"Feature","properties":{"nombre":"Caletera Pedro Aguirre Cerda","jerarquia":5},"geometry":{"type":"LineString","coordinates":[[-70.39777,-23.52203],[-70.39743,-23.52266]]}},{"type":"Feature","properties":{"nombre":"Avenida Angamos","jerarquia":4},"geometry":{"type":"LineString","coordinates":[[-70.41018,-23.67944],[-70.40995,-23.6793],[-70.40956,-23.67892],[-70.40951,-23.67881]]}},{"type":"Feature","properties":{"nombre":"Avenida Angamos","jerarquia":4},"geometry":{"type":"LineString","coordinates":[[-70.41178,-23.68139],[-70.41163,-23.68088]]}},{"type":"Feature","properties":{"nombre":"Avenida Angamos","jerarquia":4},"geometry":{"type":"LineString","coordinates":[[-70.41163,-23.68088],[-70.41039,-23.67966]]}},{"type":"Feature","properties":{"nombre":"Avenida Angamos","jerarquia":4},"geometry":{"type":"LineString","coordinates":[[-70.41039,-23.67966],[-70.41018,-23.67944]]}},{"type":"Feature","properties":{"nombre":"Avenida Angamos","jerarquia":4},"geometry":{"type":"LineString","coordinates":[[-70.40951,-23.67881],[-70.41001,-23.67923],[-70.41018,-23.67944]]}},{"type":"Feature","properties":{"nombre":"Avenida Angamos","jerarquia":4},"geometry":{"type":"LineString","coordinates":[[-70.40655,-23.6721],[-70.40643,-23.67184]]}},{"type":"Feature","properties":{"nombre":"Avenida Angamos","jerarquia":4},"geometry":{"type":"LineString","coordinates":[[-70.40951,-23.67881],[-70.40939,-23.67862]]}},{"type":"Feature","properties":{"nombre":"Avenida Angamos","jerarquia":4},"geometry":{"type":"LineString","coordinates":[[-70.40939,-23.67862],[-70.40912,-23.67799]]}},{"type":"Feature","properties":{"nombre":"Avenida Angamos","jerarquia":4},"geometry":{"type":"LineString","coordinates":[[-70.40912,-23.67799],[-70.40843,-23.67641]]}},{"type":"Feature","properties":{"nombre":"Avenida Angamos","jerarquia":4},"geometry":{"type":"LineString","coordinates":[[-70.40843,-23.67641],[-70.40812,-23.6757]]}},{"type":"Feature","properties":{"nombre":"Avenida Angamos","jerarquia":4},"geometry":{"type":"LineString","coordinates":[[-70.40812,-23.6757],[-70.4079,-23.67523]]}},{"type":"Feature","properties":{"nombre":"Avenida Angamos","jerarquia":4},"geometry":{"type":"LineString","coordinates":[[-70.4079,-23.67523],[-70.40748,-23.67425]]}},{"type":"Feature","properties":{"nombre":"Avenida Angamos","jerarquia":4},"geometry":{"type":"LineString","coordinates":[[-70.40748,-23.67425],[-70.40685,-23.67279]]}},{"type":"Feature","properties":{"nombre":"Avenida Angamos","jerarquia":4},"geometry":{"type":"LineString","coordinates":[[-70.40685,-23.67279],[-70.40664,-23.67232]]}},{"type":"Feature","properties":{"nombre":"Avenida Angamos","jerarquia":4},"geometry":{"type":"LineString","coordinates":[[-70.40664,-23.67232],[-70.40656,-23.67213]]}},{"type":"Feature","properties":{"nombre":"Avenida Angamos","jerarquia":4},"geometry":{"type":"LineString","coordinates":[[-70.40656,-23.67213],[-70.40655,-23.6721]]}},{"type":"Feature","properties":{"nombre":"Avenida Angamos","jerarquia":4},"geometry":{"type":"LineString","coordinates":[[-70.4059,-23.67075],[-70.40643,-23.67176]]}},{"type":"Feature","properties":{"nombre":"Avenida Angamos","jerarquia":4},"geometry":{"type":"LineString","coordinates":[[-70.40628,-23.67159],[-70.40626,-23.67155]]}},{"type":"Feature","properties":{"nombre":"Avenida Angamos","jerarquia":4},"geometry":{"type":"LineString","coordinates":[[-70.40626,-23.67155],[-70.4059,-23.67075]]}},{"type":"Feature","properties":{"nombre":"Avenida Angamos","jerarquia":4},"geometry":{"type":"LineString","coordinates":[[-70.40197,-23.66279],[-70.40188,-23.66261]]}},{"type":"Feature","properties":{"nombre":"Avenida Angamos","jerarquia":4},"geometry":{"type":"LineString","coordinates":[[-70.40188,-23.66261],[-70.40144,-23.66168]]}},{"type":"Feature","properties":{"nombre":"Avenida Angamos","jerarquia":4},"geometry":{"type":"LineString","coordinates":[[-70.40144,-23.66168],[-70.40138,-23.66152]]}},{"type":"Feature","properties":{"nombre":"Avenida Angamos","jerarquia":4},"geometry":{"type":"LineString","coordinates":[[-70.40196,-23.66259],[-70.40197,-23.66279]]}},{"type":"Feature","properties":{"nombre":"Ruta 1","jerarquia":1},"geometry":{"type":"LineString","coordinates":[[-70.42554,-23.45508],[-70.42571,-23.45447]]}},{"type":"Feature","properties":{"nombre":"Ruta 1","jerarquia":1},"geometry":{"type":"LineString","coordinates":[[-70.42518,-23.45635],[-70.42529,-23.45594]]}},{"type":"Feature","properties":{"nombre":"Ruta 1","jerarquia":1},"geometry":{"type":"LineString","coordinates":[[-70.42578,-23.45479],[-70.42528,-23.45655]]}},{"type":"Feature","properties":{"nombre":"Ruta 1","jerarquia":1},"geometry":{"type":"LineString","coordinates":[[-70.42771,-23.44787],[-70.42751,-23.4486]]}},{"type":"Feature","properties":{"nombre":"Ruta 1","jerarquia":1},"geometry":{"type":"LineString","coordinates":[[-70.42739,-23.44903],[-70.42722,-23.44961]]}},{"type":"Feature","properties":{"nombre":"Ruta 1","jerarquia":1},"geometry":{"type":"LineString","coordinates":[[-70.42777,-23.4471],[-70.4284,-23.44482]]}},{"type":"Feature","properties":{"nombre":"Ruta 1","jerarquia":1},"geometry":{"type":"LineString","coordinates":[[-70.42739,-23.44846],[-70.42777,-23.4471]]}},{"type":"Feature","properties":{"nombre":"Ruta 1","jerarquia":1},"geometry":{"type":"LineString","coordinates":[[-70.42847,-23.44513],[-70.428,-23.44683]]}},{"type":"Feature","properties":{"nombre":"Aeropuerto Andrés Sabella Gálvez","jerarquia":5},"geometry":{"type":"LineString","coordinates":[[-70.42937,-23.45166],[-70.42892,-23.45171]]}},{"type":"Feature","properties":{"nombre":"Aeropuerto Andrés Sabella Gálvez","jerarquia":5},"geometry":{"type":"LineString","coordinates":[[-70.42892,-23.45171],[-70.42698,-23.45189]]}},{"type":"Feature","properties":{"nombre":"Ruta 1","jerarquia":1},"geometry":{"type":"LineString","coordinates":[[-70.42722,-23.44961],[-70.42675,-23.45132]]}},{"type":"Feature","properties":{"nombre":"Ruta 1","jerarquia":1},"geometry":{"type":"LineString","coordinates":[[-70.42649,-23.45222],[-70.42578,-23.45479]]}},{"type":"Feature","properties":{"nombre":"Ruta 1","jerarquia":1},"geometry":{"type":"LineString","coordinates":[[-70.42653,-23.4521],[-70.42649,-23.45222]]}},{"type":"Feature","properties":{"nombre":"Ruta 1","jerarquia":1},"geometry":{"type":"LineString","coordinates":[[-70.42623,-23.45257],[-70.42636,-23.4521]]}},{"type":"Feature","properties":{"nombre":"Ruta 1","jerarquia":1},"geometry":{"type":"LineString","coordinates":[[-70.42571,-23.45447],[-70.42623,-23.45257]]}},{"type":"Feature","properties":{"nombre":"Ruta 1","jerarquia":1},"geometry":{"type":"LineString","coordinates":[[-70.4284,-23.44482],[-70.42857,-23.44422]]}},{"type":"Feature","properties":{"nombre":"Ruta 1","jerarquia":1},"geometry":{"type":"LineString","coordinates":[[-70.42905,-23.44309],[-70.42847,-23.44513]]}},{"type":"Feature","properties":{"nombre":"Ruta 1","jerarquia":1},"geometry":{"type":"LineString","coordinates":[[-70.43084,-23.43543],[-70.43097,-23.4348]]}},{"type":"Feature","properties":{"nombre":"Ruta 1","jerarquia":1},"geometry":{"type":"LineString","coordinates":[[-70.43097,-23.4348],[-70.43128,-23.43352]]}},{"type":"Feature","properties":{"nombre":"Ruta 1","jerarquia":1},"geometry":{"type":"LineString","coordinates":[[-70.4317,-23.43361],[-70.431,-23.43617]]}},{"type":"Feature","properties":{"nombre":"Ruta 1","jerarquia":1},"geometry":{"type":"LineString","coordinates":[[-70.431,-23.43617],[-70.43042,-23.43819]]}},{"type":"Feature","properties":{"nombre":"Ruta 1","jerarquia":1},"geometry":{"type":"LineString","coordinates":[[-70.43128,-23.43352],[-70.43163,-23.43233],[-70.43256,-23.42986],[-70.43281,-23.42908],[-70.4336,-23.4263]]}},{"type":"Feature","properties":{"nombre":"Ruta 1","jerarquia":1},"geometry":{"type":"LineString","coordinates":[[-70.43042,-23.43819],[-70.43018,-23.43907]]}},{"type":"Feature","properties":{"nombre":"Ruta 1","jerarquia":1},"geometry":{"type":"LineString","coordinates":[[-70.43018,-23.43907],[-70.42991,-23.44003]]}},{"type":"Feature","properties":{"nombre":"Ruta 1","jerarquia":1},"geometry":{"type":"LineString","coordinates":[[-70.42941,-23.44121],[-70.4295,-23.44088]]}},{"type":"Feature","properties":{"nombre":"Ruta 1","jerarquia":1},"geometry":{"type":"LineString","coordinates":[[-70.42985,-23.43964],[-70.43016,-23.43854]]}},{"type":"Feature","properties":{"nombre":"Ruta 1","jerarquia":1},"geometry":{"type":"LineString","coordinates":[[-70.42941,-23.44176],[-70.42905,-23.44309]]}},{"type":"Feature","properties":{"nombre":"Ruta 1","jerarquia":1},"geometry":{"type":"LineString","coordinates":[[-70.42977,-23.44052],[-70.42948,-23.44153]]}},{"type":"Feature","properties":{"nombre":"Ruta 1","jerarquia":1},"geometry":{"type":"LineString","coordinates":[[-70.42933,-23.44149],[-70.42941,-23.44121]]}},{"type":"Feature","properties":{"nombre":"Ruta 1","jerarquia":1},"geometry":{"type":"LineString","coordinates":[[-70.42915,-23.44211],[-70.42926,-23.44173]]}},{"type":"Feature","properties":{"nombre":"Ruta 1","jerarquia":1},"geometry":{"type":"LineString","coordinates":[[-70.42644,-23.45183],[-70.42692,-23.4501]]}},{"type":"Feature","properties":{"nombre":"Ruta 1","jerarquia":1},"geometry":{"type":"LineString","coordinates":[[-70.42857,-23.44422],[-70.42893,-23.44292]]}},{"type":"Feature","properties":{"nombre":"Caletera Pedro Aguirre Cerda","jerarquia":5},"geometry":{"type":"LineString","coordinates":[[-70.39242,-23.53971],[-70.39248,-23.5392]]}},{"type":"Feature","properties":{"nombre":"Caletera Pedro Aguirre Cerda","jerarquia":5},"geometry":{"type":"LineString","coordinates":[[-70.39248,-23.5392],[-70.39261,-23.53804]]}},{"type":"Feature","properties":{"nombre":"Caletera Pedro Aguirre Cerda","jerarquia":5},"geometry":{"type":"LineString","coordinates":[[-70.39197,-23.54346],[-70.392,-23.54293]]}},{"type":"Feature","properties":{"nombre":"Caletera Pedro Aguirre Cerda","jerarquia":5},"geometry":{"type":"LineString","coordinates":[[-70.392,-23.54293],[-70.39221,-23.54136]]}},{"type":"Feature","properties":{"nombre":"Caletera Pedro Aguirre Cerda","jerarquia":5},"geometry":{"type":"LineString","coordinates":[[-70.39221,-23.54136],[-70.39239,-23.53994]]}},{"type":"Feature","properties":{"nombre":"Caletera Pedro Aguirre Cerda","jerarquia":5},"geometry":{"type":"LineString","coordinates":[[-70.39239,-23.53994],[-70.39242,-23.53971]]}},{"type":"Feature","properties":{"nombre":"Ruta 1","jerarquia":1},"geometry":{"type":"LineString","coordinates":[[-70.39246,-23.54115],[-70.39231,-23.54238]]}},{"type":"Feature","properties":{"nombre":"Ruta 1","jerarquia":1},"geometry":{"type":"LineString","coordinates":[[-70.39732,-23.52198],[-70.39841,-23.51998]]}},{"type":"Feature","properties":{"nombre":"Ruta 1","jerarquia":1},"geometry":{"type":"LineString","coordinates":[[-70.39868,-23.51976],[-70.3975,-23.5219]]}},{"type":"Feature","properties":{"nombre":"Ruta 1","jerarquia":1},"geometry":{"type":"LineString","coordinates":[[-70.39548,-23.52533],[-70.39664,-23.52322]]}},{"type":"Feature","properties":{"nombre":"Ruta 1","jerarquia":1},"geometry":{"type":"LineString","coordinates":[[-70.39676,-23.52326],[-70.39584,-23.52493]]}},{"type":"Feature","properties":{"nombre":"Ruta 1","jerarquia":1},"geometry":{"type":"LineString","coordinates":[[-70.40817,-23.50106],[-70.40754,-23.5028]]}},{"type":"Feature","properties":{"nombre":"Caletera Pedro Aguirre Cerda","jerarquia":5},"geometry":{"type":"LineString","coordinates":[[-70.40843,-23.49941],[-70.40915,-23.49747]]}},{"type":"Feature","properties":{"nombre":"Caletera Pedro Aguirre Cerda","jerarquia":5},"geometry":{"type":"LineString","coordinates":[[-70.40955,-23.49806],[-70.40833,-23.50137]]}},{"type":"Feature","properties":{"nombre":"","jerarquia":1},"geometry":{"type":"LineString","coordinates":[[-70.41066,-23.49482],[-70.41012,-23.49636]]}},{"type":"Feature","properties":{"nombre":"","jerarquia":1},"geometry":{"type":"LineString","coordinates":[[-70.41132,-23.49655],[-70.41161,-23.4969],[-70.41206,-23.49712]]}},{"type":"Feature","properties":{"nombre":"","jerarquia":1},"geometry":{"type":"LineString","coordinates":[[-70.41206,-23.49712],[-70.41228,-23.4972]]}},{"type":"Feature","properties":{"nombre":"Camino La Portada","jerarquia":5},"geometry":{"type":"LineString","coordinates":[[-70.41121,-23.49706],[-70.41163,-23.49711]]}},{"type":"Feature","properties":{"nombre":"Camino La Portada","jerarquia":5},"geometry":{"type":"LineString","coordinates":[[-70.41099,-23.49703],[-70.41121,-23.49706]]}},{"type":"Feature","properties":{"nombre":"Camino La Portada","jerarquia":5},"geometry":{"type":"LineString","coordinates":[[-70.41046,-23.49696],[-70.41099,-23.49703]]}},{"type":"Feature","properties":{"nombre":"Caletera Pedro Aguirre Cerda","jerarquia":5},"geometry":{"type":"LineString","coordinates":[[-70.40992,-23.49697],[-70.40963,-23.49785]]}},{"type":"Feature","properties":{"nombre":"Caletera Pedro Aguirre Cerda","jerarquia":5},"geometry":{"type":"LineString","coordinates":[[-70.40915,-23.49747],[-70.40935,-23.49694]]}},{"type":"Feature","properties":{"nombre":"Ruta 1","jerarquia":1},"geometry":{"type":"LineString","coordinates":[[-70.41079,-23.4936],[-70.41123,-23.49242]]}},{"type":"Feature","properties":{"nombre":"Ruta 1","jerarquia":1},"geometry":{"type":"LineString","coordinates":[[-70.41087,-23.49374],[-70.41003,-23.49606]]}},{"type":"Feature","properties":{"nombre":"Ruta 5 Norte","jerarquia":2},"geometry":{"type":"LineString","coordinates":[[-70.31492,-23.77207],[-70.31511,-23.77247]]}},{"type":"Feature","properties":{"nombre":"Ruta 5 Norte","jerarquia":2},"geometry":{"type":"LineString","coordinates":[[-70.31407,-23.77019],[-70.31492,-23.77207]]}},{"type":"Feature","properties":{"nombre":"Ruta 5 Norte","jerarquia":2},"geometry":{"type":"LineString","coordinates":[[-70.31458,-23.77151],[-70.31407,-23.77019]]}},{"type":"Feature","properties":{"nombre":"Ruta 5 Norte","jerarquia":2},"geometry":{"type":"LineString","coordinates":[[-70.31554,-23.7739],[-70.31526,-23.77322]]}},{"type":"Feature","properties":{"nombre":"Ruta 5 Norte","jerarquia":2},"geometry":{"type":"LineString","coordinates":[[-70.31482,-23.77212],[-70.31464,-23.77166]]}},{"type":"Feature","properties":{"nombre":"Ruta 5 Norte","jerarquia":2},"geometry":{"type":"LineString","coordinates":[[-70.31464,-23.77166],[-70.31458,-23.77151]]}},{"type":"Feature","properties":{"nombre":"Ruta 28","jerarquia":2},"geometry":{"type":"LineString","coordinates":[[-70.31904,-23.77476],[-70.31844,-23.77497]]}},{"type":"Feature","properties":{"nombre":"Ruta 28","jerarquia":2},"geometry":{"type":"LineString","coordinates":[[-70.3184,-23.77487],[-70.31903,-23.77463]]}},{"type":"Feature","properties":{"nombre":"Ruta 28","jerarquia":2},"geometry":{"type":"LineString","coordinates":[[-70.32052,-23.77378],[-70.32019,-23.7741]]}},{"type":"Feature","properties":{"nombre":"Ruta 28","jerarquia":2},"geometry":{"type":"LineString","coordinates":[[-70.31681,-23.77541],[-70.3184,-23.77487]]}},{"type":"Feature","properties":{"nombre":"","jerarquia":2},"geometry":{"type":"LineString","coordinates":[[-70.31924,-23.77487],[-70.31917,-23.77482]]}},{"type":"Feature","properties":{"nombre":"","jerarquia":2},"geometry":{"type":"LineString","coordinates":[[-70.31917,-23.77482],[-70.31904,-23.77476]]}},{"type":"Feature","properties":{"nombre":"Ruta 28","jerarquia":2},"geometry":{"type":"LineString","coordinates":[[-70.31673,-23.77558],[-70.31657,-23.77563]]}},{"type":"Feature","properties":{"nombre":"Ruta 28","jerarquia":2},"geometry":{"type":"LineString","coordinates":[[-70.31653,-23.77552],[-70.31681,-23.77541]]}},{"type":"Feature","properties":{"nombre":"Ruta 5 Norte","jerarquia":2},"geometry":{"type":"LineString","coordinates":[[-70.31567,-23.77374],[-70.3163,-23.77527]]}},{"type":"Feature","properties":{"nombre":"Ruta 5 Norte","jerarquia":2},"geometry":{"type":"LineString","coordinates":[[-70.3163,-23.77527],[-70.31658,-23.77597]]}},{"type":"Feature","properties":{"nombre":"Ruta 5 Norte","jerarquia":2},"geometry":{"type":"LineString","coordinates":[[-70.31658,-23.77597],[-70.31717,-23.77762]]}},{"type":"Feature","properties":{"nombre":"Ruta Minera","jerarquia":5},"geometry":{"type":"LineString","coordinates":[[-70.31599,-23.77583],[-70.31472,-23.77623]]}},{"type":"Feature","properties":{"nombre":"Ruta Minera","jerarquia":5},"geometry":{"type":"LineString","coordinates":[[-70.31463,-23.77613],[-70.31594,-23.77572]]}},{"type":"Feature","properties":{"nombre":"Ruta 5 Norte","jerarquia":2},"geometry":{"type":"LineString","coordinates":[[-70.31618,-23.77534],[-70.31554,-23.7739]]}},{"type":"Feature","properties":{"nombre":"Ruta 5 Norte","jerarquia":2},"geometry":{"type":"LineString","coordinates":[[-70.31643,-23.77597],[-70.31618,-23.77534]]}},{"type":"Feature","properties":{"nombre":"Ruta 5 Norte","jerarquia":2},"geometry":{"type":"LineString","coordinates":[[-70.31697,-23.77749],[-70.31643,-23.77597]]}},{"type":"Feature","properties":{"nombre":"Avenida de la Minería","jerarquia":2},"geometry":{"type":"LineString","coordinates":[[-70.41268,-23.69997],[-70.41186,-23.6999]]}},{"type":"Feature","properties":{"nombre":"Avenida de la Minería","jerarquia":2},"geometry":{"type":"LineString","coordinates":[[-70.41324,-23.69998],[-70.41268,-23.69997]]}},{"type":"Feature","properties":{"nombre":"","jerarquia":2},"geometry":{"type":"LineString","coordinates":[[-70.4127,-23.70169],[-70.41308,-23.70087]]}},{"type":"Feature","properties":{"nombre":"","jerarquia":2},"geometry":{"type":"LineString","coordinates":[[-70.41308,-23.70087],[-70.41315,-23.70071]]}},{"type":"Feature","properties":{"nombre":"Avenida Argentina","jerarquia":5},"geometry":{"type":"LineString","coordinates":[[-70.4127,-23.70169],[-70.41417,-23.7027]]}},{"type":"Feature","properties":{"nombre":"","jerarquia":2},"geometry":{"type":"LineString","coordinates":[[-70.41226,-23.70123],[-70.41234,-23.70126]]}},{"type":"Feature","properties":{"nombre":"Avenida de la Minería","jerarquia":2},"geometry":{"type":"LineString","coordinates":[[-70.40964,-23.69949],[-70.40895,-23.69936]]}},{"type":"Feature","properties":{"nombre":"","jerarquia":2},"geometry":{"type":"LineString","coordinates":[[-70.40597,-23.69876],[-70.40611,-23.69868]]}},{"type":"Feature","properties":{"nombre":"Avenida Argentina","jerarquia":5},"geometry":{"type":"LineString","coordinates":[[-70.41417,-23.7027],[-70.4134,-23.70226]]}},{"type":"Feature","properties":{"nombre":"Avenida Argentina","jerarquia":5},"geometry":{"type":"LineString","coordinates":[[-70.41226,-23.70123],[-70.41217,-23.70095]]}},{"type":"Feature","properties":{"nombre":"","jerarquia":2},"geometry":{"type":"LineString","coordinates":[[-70.41322,-23.70039],[-70.41323,-23.70003]]}},{"type":"Feature","properties":{"nombre":"","jerarquia":2},"geometry":{"type":"LineString","coordinates":[[-70.41323,-23.70003],[-70.41324,-23.69998]]}},{"type":"Feature","properties":{"nombre":"","jerarquia":2},"geometry":{"type":"LineString","coordinates":[[-70.41276,-23.70182],[-70.4127,-23.70169]]}},{"type":"Feature","properties":{"nombre":"Avenida Argentina","jerarquia":3},"geometry":{"type":"LineString","coordinates":[[-70.41223,-23.70014],[-70.41223,-23.70043]]}},{"type":"Feature","properties":{"nombre":"Avenida de la Minería","jerarquia":2},"geometry":{"type":"LineString","coordinates":[[-70.41062,-23.69969],[-70.40964,-23.69949]]}},{"type":"Feature","properties":{"nombre":"Avenida de la Minería","jerarquia":2},"geometry":{"type":"LineString","coordinates":[[-70.41088,-23.69974],[-70.41062,-23.69969]]}},{"type":"Feature","properties":{"nombre":"","jerarquia":2},"geometry":{"type":"LineString","coordinates":[[-70.41088,-23.69974],[-70.41099,-23.69991]]}},{"type":"Feature","properties":{"nombre":"","jerarquia":2},"geometry":{"type":"LineString","coordinates":[[-70.41106,-23.7],[-70.41182,-23.70107]]}},{"type":"Feature","properties":{"nombre":"","jerarquia":2},"geometry":{"type":"LineString","coordinates":[[-70.396,-23.59046],[-70.39563,-23.58988]]}},{"type":"Feature","properties":{"nombre":"","jerarquia":2},"geometry":{"type":"LineString","coordinates":[[-70.3971,-23.57059],[-70.39708,-23.57036],[-70.39698,-23.57009]]}},{"type":"Feature","properties":{"nombre":"","jerarquia":4},"geometry":{"type":"LineString","coordinates":[[-70.41402,-23.68687],[-70.41416,-23.68681]]}},{"type":"Feature","properties":{"nombre":"","jerarquia":4},"geometry":{"type":"LineString","coordinates":[[-70.41419,-23.68692],[-70.41406,-23.68699]]}},{"type":"Feature","properties":{"nombre":"Víctor Jara","jerarquia":4},"geometry":{"type":"LineString","coordinates":[[-70.38513,-23.61767],[-70.38507,-23.61769]]}},{"type":"Feature","properties":{"nombre":"Víctor Jara","jerarquia":4},"geometry":{"type":"LineString","coordinates":[[-70.38507,-23.61769],[-70.38502,-23.61772]]}},{"type":"Feature","properties":{"nombre":"Víctor Jara","jerarquia":4},"geometry":{"type":"LineString","coordinates":[[-70.38502,-23.61772],[-70.38467,-23.6179]]}},{"type":"Feature","properties":{"nombre":"Víctor Jara","jerarquia":4},"geometry":{"type":"LineString","coordinates":[[-70.38467,-23.6179],[-70.38416,-23.61817]]}},{"type":"Feature","properties":{"nombre":"Víctor Jara","jerarquia":4},"geometry":{"type":"LineString","coordinates":[[-70.38416,-23.61817],[-70.38411,-23.6182]]}},{"type":"Feature","properties":{"nombre":"Víctor Jara","jerarquia":4},"geometry":{"type":"LineString","coordinates":[[-70.38411,-23.6182],[-70.38405,-23.61823]]}},{"type":"Feature","properties":{"nombre":"Puerto Natales","jerarquia":5},"geometry":{"type":"LineString","coordinates":[[-70.38189,-23.62573],[-70.38158,-23.62529]]}},{"type":"Feature","properties":{"nombre":"Puerto Natales","jerarquia":5},"geometry":{"type":"LineString","coordinates":[[-70.38158,-23.62529],[-70.38131,-23.62483],[-70.38133,-23.62468]]}},{"type":"Feature","properties":{"nombre":"Puerto Natales","jerarquia":5},"geometry":{"type":"LineString","coordinates":[[-70.38133,-23.62468],[-70.38167,-23.62524]]}},{"type":"Feature","properties":{"nombre":"Puerto Natales","jerarquia":5},"geometry":{"type":"LineString","coordinates":[[-70.38167,-23.62524],[-70.38187,-23.62557]]}},{"type":"Feature","properties":{"nombre":"Puerto Natales","jerarquia":5},"geometry":{"type":"LineString","coordinates":[[-70.38187,-23.62557],[-70.38192,-23.62566]]}},{"type":"Feature","properties":{"nombre":"Ignacio Carrera Pinto","jerarquia":5},"geometry":{"type":"LineString","coordinates":[[-70.37906,-23.58411],[-70.37955,-23.58414]]}},{"type":"Feature","properties":{"nombre":"Ignacio Carrera Pinto","jerarquia":5},"geometry":{"type":"LineString","coordinates":[[-70.37955,-23.58414],[-70.37996,-23.58417]]}},{"type":"Feature","properties":{"nombre":"Ignacio Carrera Pinto","jerarquia":5},"geometry":{"type":"LineString","coordinates":[[-70.37996,-23.58417],[-70.38043,-23.58421]]}},{"type":"Feature","properties":{"nombre":"Ignacio Carrera Pinto","jerarquia":5},"geometry":{"type":"LineString","coordinates":[[-70.38043,-23.58421],[-70.38083,-23.58424]]}},{"type":"Feature","properties":{"nombre":"Ignacio Carrera Pinto","jerarquia":5},"geometry":{"type":"LineString","coordinates":[[-70.38083,-23.58424],[-70.38117,-23.58426]]}},{"type":"Feature","properties":{"nombre":"Ignacio Carrera Pinto","jerarquia":5},"geometry":{"type":"LineString","coordinates":[[-70.38117,-23.58426],[-70.38126,-23.58427]]}},{"type":"Feature","properties":{"nombre":"Ignacio Carrera Pinto","jerarquia":5},"geometry":{"type":"LineString","coordinates":[[-70.38368,-23.58381],[-70.38328,-23.58399]]}},{"type":"Feature","properties":{"nombre":"Ignacio Carrera Pinto","jerarquia":5},"geometry":{"type":"LineString","coordinates":[[-70.38328,-23.58399],[-70.38295,-23.58413]]}},{"type":"Feature","properties":{"nombre":"Ignacio Carrera Pinto","jerarquia":5},"geometry":{"type":"LineString","coordinates":[[-70.38295,-23.58413],[-70.38289,-23.58415]]}},{"type":"Feature","properties":{"nombre":"Ignacio Carrera Pinto","jerarquia":5},"geometry":{"type":"LineString","coordinates":[[-70.38289,-23.58415],[-70.38258,-23.58428]]}},{"type":"Feature","properties":{"nombre":"Ignacio Carrera Pinto","jerarquia":5},"geometry":{"type":"LineString","coordinates":[[-70.38258,-23.58428],[-70.38226,-23.58429]]}},{"type":"Feature","properties":{"nombre":"Ignacio Carrera Pinto","jerarquia":5},"geometry":{"type":"LineString","coordinates":[[-70.38226,-23.58429],[-70.38199,-23.58428]]}},{"type":"Feature","properties":{"nombre":"Ignacio Carrera Pinto","jerarquia":5},"geometry":{"type":"LineString","coordinates":[[-70.38199,-23.58428],[-70.38194,-23.58428]]}},{"type":"Feature","properties":{"nombre":"Ignacio Carrera Pinto","jerarquia":5},"geometry":{"type":"LineString","coordinates":[[-70.38194,-23.58428],[-70.38162,-23.58428]]}},{"type":"Feature","properties":{"nombre":"Ignacio Carrera Pinto","jerarquia":5},"geometry":{"type":"LineString","coordinates":[[-70.38162,-23.58428],[-70.38126,-23.58427]]}},{"type":"Feature","properties":{"nombre":"Héroes de la Concepción","jerarquia":5},"geometry":{"type":"LineString","coordinates":[[-70.38524,-23.58697],[-70.38502,-23.58649]]}},{"type":"Feature","properties":{"nombre":"Héroes de la Concepción","jerarquia":5},"geometry":{"type":"LineString","coordinates":[[-70.38502,-23.58649],[-70.38453,-23.58553]]}},{"type":"Feature","properties":{"nombre":"Héroes de la Concepción","jerarquia":5},"geometry":{"type":"LineString","coordinates":[[-70.38453,-23.58553],[-70.38434,-23.58515]]}},{"type":"Feature","properties":{"nombre":"Héroes de la Concepción","jerarquia":5},"geometry":{"type":"LineString","coordinates":[[-70.38434,-23.58515],[-70.38416,-23.58478]]}},{"type":"Feature","properties":{"nombre":"Héroes de la Concepción","jerarquia":5},"geometry":{"type":"LineString","coordinates":[[-70.38416,-23.58478],[-70.38368,-23.58381]]}},{"type":"Feature","properties":{"nombre":"Huamachuco","jerarquia":5},"geometry":{"type":"LineString","coordinates":[[-70.38103,-23.59652],[-70.381,-23.59601]]}},{"type":"Feature","properties":{"nombre":"Huamachuco","jerarquia":5},"geometry":{"type":"LineString","coordinates":[[-70.381,-23.59601],[-70.38097,-23.59557]]}},{"type":"Feature","properties":{"nombre":"Huamachuco","jerarquia":5},"geometry":{"type":"LineString","coordinates":[[-70.38097,-23.59557],[-70.38091,-23.59461]]}},{"type":"Feature","properties":{"nombre":"Huamachuco","jerarquia":5},"geometry":{"type":"LineString","coordinates":[[-70.38091,-23.59461],[-70.38088,-23.59414]]}},{"type":"Feature","properties":{"nombre":"Huamachuco","jerarquia":5},"geometry":{"type":"LineString","coordinates":[[-70.38088,-23.59414],[-70.38085,-23.59369]]}},{"type":"Feature","properties":{"nombre":"Huamachuco","jerarquia":5},"geometry":{"type":"LineString","coordinates":[[-70.38085,-23.59369],[-70.38084,-23.59361]]}},{"type":"Feature","properties":{"nombre":"Huamachuco","jerarquia":5},"geometry":{"type":"LineString","coordinates":[[-70.38084,-23.59361],[-70.38081,-23.59316]]}},{"type":"Feature","properties":{"nombre":"Huamachuco","jerarquia":5},"geometry":{"type":"LineString","coordinates":[[-70.38081,-23.59316],[-70.38078,-23.59266]]}},{"type":"Feature","properties":{"nombre":"Huamachuco","jerarquia":5},"geometry":{"type":"LineString","coordinates":[[-70.38078,-23.59266],[-70.38077,-23.59255]]}},{"type":"Feature","properties":{"nombre":"Huamachuco","jerarquia":5},"geometry":{"type":"LineString","coordinates":[[-70.38173,-23.57859],[-70.3818,-23.57778]]}},{"type":"Feature","properties":{"nombre":"Huamachuco","jerarquia":5},"geometry":{"type":"LineString","coordinates":[[-70.3818,-23.57778],[-70.38183,-23.57738]]}},{"type":"Feature","properties":{"nombre":"Huamachuco","jerarquia":5},"geometry":{"type":"LineString","coordinates":[[-70.38183,-23.57738],[-70.38187,-23.57687]]}},{"type":"Feature","properties":{"nombre":"Huamachuco","jerarquia":5},"geometry":{"type":"LineString","coordinates":[[-70.38187,-23.57687],[-70.38189,-23.5766]]}},{"type":"Feature","properties":{"nombre":"Huamachuco","jerarquia":5},"geometry":{"type":"LineString","coordinates":[[-70.38189,-23.5766],[-70.38192,-23.57622]]}},{"type":"Feature","properties":{"nombre":"Huamachuco","jerarquia":5},"geometry":{"type":"LineString","coordinates":[[-70.38192,-23.57622],[-70.38194,-23.5759]]}},{"type":"Feature","properties":{"nombre":"Huamachuco","jerarquia":5},"geometry":{"type":"LineString","coordinates":[[-70.38194,-23.5759],[-70.38195,-23.57582]]}},{"type":"Feature","properties":{"nombre":"Ruta 26","jerarquia":2},"geometry":{"type":"LineString","coordinates":[[-70.35736,-23.62803],[-70.35625,-23.62778],[-70.35548,-23.62749],[-70.35463,-23.62699],[-70.35374,-23.62622],[-70.3534,-23.62599],[-70.35287,-23.62577],[-70.35222,-23.62565]]}},{"type":"Feature","properties":{"nombre":"Avenida Andrés Sabella Gálvez","jerarquia":4},"geometry":{"type":"LineString","coordinates":[[-70.38894,-23.64513],[-70.38876,-23.64471]]}},{"type":"Feature","properties":{"nombre":"Avenida Andrés Sabella Gálvez","jerarquia":4},"geometry":{"type":"LineString","coordinates":[[-70.38876,-23.64471],[-70.38849,-23.6441]]}},{"type":"Feature","properties":{"nombre":"Avenida Andrés Sabella Gálvez","jerarquia":4},"geometry":{"type":"LineString","coordinates":[[-70.38849,-23.6441],[-70.38849,-23.64368]]}},{"type":"Feature","properties":{"nombre":"Avenida Andrés Sabella Gálvez","jerarquia":4},"geometry":{"type":"LineString","coordinates":[[-70.38857,-23.64376],[-70.38857,-23.64409],[-70.38892,-23.64488],[-70.38894,-23.64513]]}},{"type":"Feature","properties":{"nombre":"Avenida Circunvalación Padre Alberto Hurtado","jerarquia":4},"geometry":{"type":"LineString","coordinates":[[-70.3905,-23.66399],[-70.39078,-23.66463]]}},{"type":"Feature","properties":{"nombre":"Avenida Circunvalación Padre Alberto Hurtado","jerarquia":4},"geometry":{"type":"LineString","coordinates":[[-70.39078,-23.66463],[-70.39093,-23.66498]]}},{"type":"Feature","properties":{"nombre":"Avenida Circunvalación Padre Alberto Hurtado","jerarquia":4},"geometry":{"type":"LineString","coordinates":[[-70.39093,-23.66498],[-70.39071,-23.66466]]}},{"type":"Feature","properties":{"nombre":"Avenida Circunvalación Padre Alberto Hurtado","jerarquia":4},"geometry":{"type":"LineString","coordinates":[[-70.39294,-23.66663],[-70.39286,-23.66691],[-70.39275,-23.667],[-70.39258,-23.66704]]}},{"type":"Feature","properties":{"nombre":"Avenida Circunvalación Padre Alberto Hurtado","jerarquia":4},"geometry":{"type":"LineString","coordinates":[[-70.39258,-23.66704],[-70.3924,-23.66701],[-70.39225,-23.66689],[-70.39191,-23.66621],[-70.3913,-23.66542]]}},{"type":"Feature","properties":{"nombre":"Avenida Circunvalación Padre Alberto Hurtado","jerarquia":4},"geometry":{"type":"LineString","coordinates":[[-70.3913,-23.66542],[-70.39093,-23.66498]]}},{"type":"Feature","properties":{"nombre":"Maipú","jerarquia":5},"geometry":{"type":"LineString","coordinates":[[-70.39131,-23.65762],[-70.39208,-23.6576]]}},{"type":"Feature","properties":{"nombre":"Avenida Circunvalación Padre Alberto Hurtado","jerarquia":4},"geometry":{"type":"LineString","coordinates":[[-70.37744,-23.63009],[-70.37744,-23.62993]]}},{"type":"Feature","properties":{"nombre":"Avenida Circunvalación Padre Alberto Hurtado","jerarquia":4},"geometry":{"type":"LineString","coordinates":[[-70.37744,-23.62993],[-70.37745,-23.62984]]}},{"type":"Feature","properties":{"nombre":"Avenida Circunvalación Padre Alberto Hurtado","jerarquia":4},"geometry":{"type":"LineString","coordinates":[[-70.37745,-23.62984],[-70.37745,-23.62976]]}},{"type":"Feature","properties":{"nombre":"Avenida Circunvalación Padre Alberto Hurtado","jerarquia":4},"geometry":{"type":"LineString","coordinates":[[-70.37745,-23.62976],[-70.37745,-23.62903]]}},{"type":"Feature","properties":{"nombre":"Avenida Circunvalación Padre Alberto Hurtado","jerarquia":4},"geometry":{"type":"LineString","coordinates":[[-70.37745,-23.62903],[-70.37746,-23.62892]]}},{"type":"Feature","properties":{"nombre":"Avenida Circunvalación Padre Alberto Hurtado","jerarquia":4},"geometry":{"type":"LineString","coordinates":[[-70.37771,-23.63232],[-70.37748,-23.63205],[-70.37738,-23.63165]]}},{"type":"Feature","properties":{"nombre":"Avenida Circunvalación Padre Alberto Hurtado","jerarquia":4},"geometry":{"type":"LineString","coordinates":[[-70.37738,-23.63165],[-70.37741,-23.63071]]}},{"type":"Feature","properties":{"nombre":"Avenida Circunvalación Padre Alberto Hurtado","jerarquia":4},"geometry":{"type":"LineString","coordinates":[[-70.37741,-23.63071],[-70.37744,-23.63009]]}},{"type":"Feature","properties":{"nombre":"Avenida Circunvalación Padre Alberto Hurtado","jerarquia":4},"geometry":{"type":"LineString","coordinates":[[-70.38118,-23.6357],[-70.38137,-23.6361],[-70.38177,-23.63737]]}},{"type":"Feature","properties":{"nombre":"Avenida Circunvalación Padre Alberto Hurtado","jerarquia":4},"geometry":{"type":"LineString","coordinates":[[-70.38177,-23.63737],[-70.38205,-23.63823]]}},{"type":"Feature","properties":{"nombre":"Avenida Circunvalación Padre Alberto Hurtado","jerarquia":4},"geometry":{"type":"LineString","coordinates":[[-70.38148,-23.63664],[-70.38118,-23.6357]]}},{"type":"Feature","properties":{"nombre":"Avenida Circunvalación Padre Alberto Hurtado","jerarquia":4},"geometry":{"type":"LineString","coordinates":[[-70.38118,-23.6357],[-70.38083,-23.63505],[-70.38041,-23.63446],[-70.37971,-23.63373],[-70.37917,-23.63332]]}},{"type":"Feature","properties":{"nombre":"Avenida Circunvalación Padre Alberto Hurtado","jerarquia":4},"geometry":{"type":"LineString","coordinates":[[-70.37917,-23.63332],[-70.37855,-23.6329]]}},{"type":"Feature","properties":{"nombre":"Avenida Circunvalación Padre Alberto Hurtado","jerarquia":4},"geometry":{"type":"LineString","coordinates":[[-70.37855,-23.6329],[-70.37814,-23.63263]]}},{"type":"Feature","properties":{"nombre":"Avenida Circunvalación Padre Alberto Hurtado","jerarquia":4},"geometry":{"type":"LineString","coordinates":[[-70.37814,-23.63263],[-70.37779,-23.63238]]}},{"type":"Feature","properties":{"nombre":"Avenida Circunvalación Padre Alberto Hurtado","jerarquia":4},"geometry":{"type":"LineString","coordinates":[[-70.37779,-23.63238],[-70.37775,-23.63235]]}},{"type":"Feature","properties":{"nombre":"Avenida Circunvalación Padre Alberto Hurtado","jerarquia":4},"geometry":{"type":"LineString","coordinates":[[-70.37775,-23.63235],[-70.37771,-23.63232]]}},{"type":"Feature","properties":{"nombre":"General Óscar Bonilla","jerarquia":4},"geometry":{"type":"LineString","coordinates":[[-70.37716,-23.62853],[-70.37734,-23.62875]]}},{"type":"Feature","properties":{"nombre":"General Óscar Bonilla","jerarquia":4},"geometry":{"type":"LineString","coordinates":[[-70.37734,-23.62875],[-70.37739,-23.62882]]}},{"type":"Feature","properties":{"nombre":"Avenida Argentina","jerarquia":3},"geometry":{"type":"LineString","coordinates":[[-70.40618,-23.67886],[-70.40626,-23.679]]}},{"type":"Feature","properties":{"nombre":"Avenida Argentina","jerarquia":3},"geometry":{"type":"LineString","coordinates":[[-70.40626,-23.679],[-70.4064,-23.67932]]}},{"type":"Feature","properties":{"nombre":"Avenida Argentina","jerarquia":3},"geometry":{"type":"LineString","coordinates":[[-70.40602,-23.67859],[-70.40618,-23.67886]]}},{"type":"Feature","properties":{"nombre":"Avenida Argentina","jerarquia":3},"geometry":{"type":"LineString","coordinates":[[-70.40198,-23.67377],[-70.40263,-23.67452]]}},{"type":"Feature","properties":{"nombre":"Avenida Argentina","jerarquia":3},"geometry":{"type":"LineString","coordinates":[[-70.40263,-23.67452],[-70.4043,-23.67635],[-70.40488,-23.67724],[-70.40534,-23.67776]]}},{"type":"Feature","properties":{"nombre":"Avenida Edmundo Pérez Zujovic","jerarquia":5},"geometry":{"type":"LineString","coordinates":[[-70.39325,-23.57742],[-70.39347,-23.5771]]}},{"type":"Feature","properties":{"nombre":"Avenida Edmundo Pérez Zujovic","jerarquia":5},"geometry":{"type":"LineString","coordinates":[[-70.39347,-23.5771],[-70.39362,-23.57688]]}},{"type":"Feature","properties":{"nombre":"Avenida Radomiro Tomic","jerarquia":5},"geometry":{"type":"LineString","coordinates":[[-70.38522,-23.5963],[-70.38519,-23.59581]]}},{"type":"Feature","properties":{"nombre":"Avenida Radomiro Tomic","jerarquia":5},"geometry":{"type":"LineString","coordinates":[[-70.38519,-23.59581],[-70.38515,-23.59535]]}},{"type":"Feature","properties":{"nombre":"Avenida Radomiro Tomic","jerarquia":5},"geometry":{"type":"LineString","coordinates":[[-70.38515,-23.59535],[-70.38509,-23.59438]]}},{"type":"Feature","properties":{"nombre":"Avenida de la Minería","jerarquia":2},"geometry":{"type":"LineString","coordinates":[[-70.42124,-23.69677],[-70.42156,-23.69616]]}},{"type":"Feature","properties":{"nombre":"","jerarquia":2},"geometry":{"type":"LineString","coordinates":[[-70.42018,-23.6976],[-70.42038,-23.69756],[-70.42056,-23.69763],[-70.42063,-23.69779],[-70.42058,-23.69793]]}},{"type":"Feature","properties":{"nombre":"","jerarquia":2},"geometry":{"type":"LineString","coordinates":[[-70.42058,-23.69793],[-70.42051,-23.69802]]}},{"type":"Feature","properties":{"nombre":"","jerarquia":2},"geometry":{"type":"LineString","coordinates":[[-70.4195,-23.69851],[-70.41929,-23.69852],[-70.41918,-23.69847],[-70.41914,-23.69837],[-70.41917,-23.69826]]}},{"type":"Feature","properties":{"nombre":"","jerarquia":2},"geometry":{"type":"LineString","coordinates":[[-70.41917,-23.69826],[-70.41925,-23.69816]]}},{"type":"Feature","properties":{"nombre":"Covadonga","jerarquia":5},"geometry":{"type":"LineString","coordinates":[[-70.38808,-23.64966],[-70.38826,-23.64947]]}},{"type":"Feature","properties":{"nombre":"Covadonga","jerarquia":5},"geometry":{"type":"LineString","coordinates":[[-70.38826,-23.64947],[-70.38864,-23.64906]]}},{"type":"Feature","properties":{"nombre":"Covadonga","jerarquia":5},"geometry":{"type":"LineString","coordinates":[[-70.38864,-23.64906],[-70.38884,-23.64884]]}},{"type":"Feature","properties":{"nombre":"Covadonga","jerarquia":5},"geometry":{"type":"LineString","coordinates":[[-70.38884,-23.64884],[-70.38892,-23.64877]]}},{"type":"Feature","properties":{"nombre":"Montevideo","jerarquia":5},"geometry":{"type":"LineString","coordinates":[[-70.389,-23.63663],[-70.3889,-23.63662]]}},{"type":"Feature","properties":{"nombre":"Padre Juan Orione Feltri","jerarquia":5},"geometry":{"type":"LineString","coordinates":[[-70.38173,-23.57859],[-70.38213,-23.57862]]}},{"type":"Feature","properties":{"nombre":"Padre Juan Orione Feltri","jerarquia":5},"geometry":{"type":"LineString","coordinates":[[-70.38213,-23.57862],[-70.38255,-23.57864]]}},{"type":"Feature","properties":{"nombre":"Padre Juan Orione Feltri","jerarquia":5},"geometry":{"type":"LineString","coordinates":[[-70.38255,-23.57864],[-70.38302,-23.57868]]}},{"type":"Feature","properties":{"nombre":"Padre Juan Orione Feltri","jerarquia":5},"geometry":{"type":"LineString","coordinates":[[-70.38302,-23.57868],[-70.38348,-23.57874]]}},{"type":"Feature","properties":{"nombre":"Cavancha","jerarquia":4},"geometry":{"type":"LineString","coordinates":[[-70.39061,-23.60382],[-70.38983,-23.60387]]}},{"type":"Feature","properties":{"nombre":"Cavancha","jerarquia":4},"geometry":{"type":"LineString","coordinates":[[-70.38983,-23.60387],[-70.38926,-23.60386]]}},{"type":"Feature","properties":{"nombre":"Irarrázabal","jerarquia":4},"geometry":{"type":"LineString","coordinates":[[-70.38507,-23.60392],[-70.38716,-23.60348]]}},{"type":"Feature","properties":{"nombre":"Irarrázabal","jerarquia":4},"geometry":{"type":"LineString","coordinates":[[-70.38716,-23.60348],[-70.38743,-23.60356],[-70.38826,-23.60398]]}},{"type":"Feature","properties":{"nombre":"Irarrázabal","jerarquia":4},"geometry":{"type":"LineString","coordinates":[[-70.38826,-23.60398],[-70.38838,-23.60403]]}},{"type":"Feature","properties":{"nombre":"Manuel Rodríguez","jerarquia":5},"geometry":{"type":"LineString","coordinates":[[-70.39223,-23.6578],[-70.39215,-23.65769]]}},{"type":"Feature","properties":{"nombre":"Diagonal Sur","jerarquia":4},"geometry":{"type":"LineString","coordinates":[[-70.39285,-23.66311],[-70.39279,-23.66413]]}},{"type":"Feature","properties":{"nombre":"Diagonal Sur","jerarquia":4},"geometry":{"type":"LineString","coordinates":[[-70.39279,-23.66413],[-70.39278,-23.66431]]}},{"type":"Feature","properties":{"nombre":"Diagonal Sur","jerarquia":4},"geometry":{"type":"LineString","coordinates":[[-70.39278,-23.66431],[-70.39273,-23.66535]]}},{"type":"Feature","properties":{"nombre":"Diagonal Sur","jerarquia":4},"geometry":{"type":"LineString","coordinates":[[-70.39273,-23.66535],[-70.39272,-23.66551]]}},{"type":"Feature","properties":{"nombre":"Diagonal Sur","jerarquia":4},"geometry":{"type":"LineString","coordinates":[[-70.39272,-23.66551],[-70.39272,-23.66558]]}},{"type":"Feature","properties":{"nombre":"Diagonal Sur","jerarquia":4},"geometry":{"type":"LineString","coordinates":[[-70.39272,-23.66558],[-70.39277,-23.66597]]}},{"type":"Feature","properties":{"nombre":"Diagonal Sur","jerarquia":4},"geometry":{"type":"LineString","coordinates":[[-70.39277,-23.66597],[-70.39294,-23.66663]]}},{"type":"Feature","properties":{"nombre":"Manuel Rodríguez","jerarquia":5},"geometry":{"type":"LineString","coordinates":[[-70.39382,-23.65996],[-70.3938,-23.65984],[-70.39355,-23.65953]]}},{"type":"Feature","properties":{"nombre":"Manuel Rodríguez","jerarquia":5},"geometry":{"type":"LineString","coordinates":[[-70.39355,-23.65953],[-70.39328,-23.65921]]}},{"type":"Feature","properties":{"nombre":"Manuel Rodríguez","jerarquia":5},"geometry":{"type":"LineString","coordinates":[[-70.39328,-23.65921],[-70.393,-23.65885]]}},{"type":"Feature","properties":{"nombre":"Manuel Rodríguez","jerarquia":5},"geometry":{"type":"LineString","coordinates":[[-70.393,-23.65885],[-70.39272,-23.65846]]}},{"type":"Feature","properties":{"nombre":"Manuel Rodríguez","jerarquia":5},"geometry":{"type":"LineString","coordinates":[[-70.39272,-23.65846],[-70.39223,-23.6578]]}},{"type":"Feature","properties":{"nombre":"Avenida Rica Aventura","jerarquia":5},"geometry":{"type":"LineString","coordinates":[[-70.39562,-23.54969],[-70.39559,-23.54944]]}},{"type":"Feature","properties":{"nombre":"Avenida Edmundo Pérez Zujovic","jerarquia":2},"geometry":{"type":"LineString","coordinates":[[-70.39622,-23.62976],[-70.39626,-23.62895]]}},{"type":"Feature","properties":{"nombre":"Avenida Edmundo Pérez Zujovic","jerarquia":2},"geometry":{"type":"LineString","coordinates":[[-70.39626,-23.62895],[-70.39627,-23.62878]]}},{"type":"Feature","properties":{"nombre":"Avenida Edmundo Pérez Zujovic","jerarquia":2},"geometry":{"type":"LineString","coordinates":[[-70.39627,-23.62878],[-70.39627,-23.62867]]}},{"type":"Feature","properties":{"nombre":"Avenida Edmundo Pérez Zujovic","jerarquia":2},"geometry":{"type":"LineString","coordinates":[[-70.39638,-23.62651],[-70.39638,-23.62633]]}},{"type":"Feature","properties":{"nombre":"Avenida Edmundo Pérez Zujovic","jerarquia":2},"geometry":{"type":"LineString","coordinates":[[-70.39633,-23.62758],[-70.39638,-23.62651]]}},{"type":"Feature","properties":{"nombre":"Avenida Edmundo Pérez Zujovic","jerarquia":2},"geometry":{"type":"LineString","coordinates":[[-70.39629,-23.62829],[-70.39633,-23.62758]]}},{"type":"Feature","properties":{"nombre":"Avenida Edmundo Pérez Zujovic","jerarquia":2},"geometry":{"type":"LineString","coordinates":[[-70.39627,-23.62867],[-70.39627,-23.62855]]}},{"type":"Feature","properties":{"nombre":"Tegualda","jerarquia":4},"geometry":{"type":"LineString","coordinates":[[-70.39285,-23.66311],[-70.39312,-23.66301]]}},{"type":"Feature","properties":{"nombre":"Tegualda","jerarquia":4},"geometry":{"type":"LineString","coordinates":[[-70.39312,-23.66301],[-70.39369,-23.66279]]}},{"type":"Feature","properties":{"nombre":"La Concepción","jerarquia":5},"geometry":{"type":"LineString","coordinates":[[-70.39499,-23.66539],[-70.39454,-23.66579]]}},{"type":"Feature","properties":{"nombre":"","jerarquia":2},"geometry":{"type":"LineString","coordinates":[[-70.40595,-23.69891],[-70.40584,-23.69881]]}},{"type":"Feature","properties":{"nombre":"","jerarquia":2},"geometry":{"type":"LineString","coordinates":[[-70.40584,-23.69881],[-70.40561,-23.69869]]}},{"type":"Feature","properties":{"nombre":"Serrano","jerarquia":5},"geometry":{"type":"LineString","coordinates":[[-70.39013,-23.65067],[-70.39044,-23.65036]]}},{"type":"Feature","properties":{"nombre":"","jerarquia":4},"geometry":{"type":"LineString","coordinates":[[-70.3821,-23.60377],[-70.38227,-23.60358]]}},{"type":"Feature","properties":{"nombre":"Irarrázabal","jerarquia":4},"geometry":{"type":"LineString","coordinates":[[-70.3883,-23.6041],[-70.38808,-23.60399]]}},{"type":"Feature","properties":{"nombre":"Irarrázabal","jerarquia":4},"geometry":{"type":"LineString","coordinates":[[-70.38808,-23.60399],[-70.38716,-23.60356]]}},{"type":"Feature","properties":{"nombre":"Irarrázabal","jerarquia":4},"geometry":{"type":"LineString","coordinates":[[-70.38716,-23.60356],[-70.38522,-23.60397]]}},{"type":"Feature","properties":{"nombre":"Irarrázabal","jerarquia":4},"geometry":{"type":"LineString","coordinates":[[-70.38522,-23.60397],[-70.38506,-23.60399]]}},{"type":"Feature","properties":{"nombre":"Claudio Gay","jerarquia":5},"geometry":{"type":"LineString","coordinates":[[-70.37789,-23.62377],[-70.37673,-23.62562]]}},{"type":"Feature","properties":{"nombre":"Claudio Gay","jerarquia":5},"geometry":{"type":"LineString","coordinates":[[-70.37673,-23.62562],[-70.37659,-23.62582]]}},{"type":"Feature","properties":{"nombre":"Claudio Gay","jerarquia":5},"geometry":{"type":"LineString","coordinates":[[-70.37659,-23.62582],[-70.37635,-23.62617]]}},{"type":"Feature","properties":{"nombre":"","jerarquia":4},"geometry":{"type":"LineString","coordinates":[[-70.43647,-23.72576],[-70.43637,-23.72541],[-70.43622,-23.72535]]}},{"type":"Feature","properties":{"nombre":"Avenida Argentina","jerarquia":3},"geometry":{"type":"LineString","coordinates":[[-70.39666,-23.66168],[-70.39714,-23.66275]]}},{"type":"Feature","properties":{"nombre":"Avenida Argentina","jerarquia":3},"geometry":{"type":"LineString","coordinates":[[-70.39714,-23.66275],[-70.39768,-23.66381]]}},{"type":"Feature","properties":{"nombre":"Avenida Argentina","jerarquia":3},"geometry":{"type":"LineString","coordinates":[[-70.39768,-23.66381],[-70.39795,-23.66425]]}},{"type":"Feature","properties":{"nombre":"Avenida Argentina","jerarquia":3},"geometry":{"type":"LineString","coordinates":[[-70.39795,-23.66425],[-70.39834,-23.66483]]}},{"type":"Feature","properties":{"nombre":"Avenida Argentina","jerarquia":3},"geometry":{"type":"LineString","coordinates":[[-70.39834,-23.66483],[-70.39838,-23.66489]]}},{"type":"Feature","properties":{"nombre":"Avenida Argentina","jerarquia":3},"geometry":{"type":"LineString","coordinates":[[-70.39838,-23.66489],[-70.39884,-23.66553],[-70.399,-23.66585],[-70.39907,-23.66622],[-70.39903,-23.6668]]}},{"type":"Feature","properties":{"nombre":"Avenida Argentina","jerarquia":3},"geometry":{"type":"LineString","coordinates":[[-70.39903,-23.6668],[-70.39896,-23.66759],[-70.39901,-23.66826]]}},{"type":"Feature","properties":{"nombre":"Avenida Argentina","jerarquia":3},"geometry":{"type":"LineString","coordinates":[[-70.39901,-23.66826],[-70.39915,-23.66886],[-70.39963,-23.67013]]}},{"type":"Feature","properties":{"nombre":"Avenida Argentina","jerarquia":3},"geometry":{"type":"LineString","coordinates":[[-70.39963,-23.67013],[-70.39972,-23.67033]]}},{"type":"Feature","properties":{"nombre":"Avenida Argentina","jerarquia":3},"geometry":{"type":"LineString","coordinates":[[-70.39972,-23.67033],[-70.39975,-23.67039]]}},{"type":"Feature","properties":{"nombre":"Avenida Argentina","jerarquia":3},"geometry":{"type":"LineString","coordinates":[[-70.39975,-23.67039],[-70.40001,-23.6709]]}},{"type":"Feature","properties":{"nombre":"Avenida Argentina","jerarquia":3},"geometry":{"type":"LineString","coordinates":[[-70.40001,-23.6709],[-70.40076,-23.67232],[-70.40102,-23.6727],[-70.40141,-23.67313]]}},{"type":"Feature","properties":{"nombre":"Avenida Argentina","jerarquia":3},"geometry":{"type":"LineString","coordinates":[[-70.40141,-23.67313],[-70.40193,-23.67371]]}},{"type":"Feature","properties":{"nombre":"Avenida Argentina","jerarquia":3},"geometry":{"type":"LineString","coordinates":[[-70.40193,-23.67371],[-70.40198,-23.67377]]}},{"type":"Feature","properties":{"nombre":"Oficina Bonasort","jerarquia":5},"geometry":{"type":"LineString","coordinates":[[-70.39559,-23.54944],[-70.39525,-23.54892],[-70.39518,-23.54872]]}},{"type":"Feature","properties":{"nombre":"Rancagua","jerarquia":5},"geometry":{"type":"LineString","coordinates":[[-70.38208,-23.6135],[-70.38185,-23.6135]]}},{"type":"Feature","properties":{"nombre":"Ruta B-510","jerarquia":5},"geometry":{"type":"LineString","coordinates":[[-70.37956,-23.8189],[-70.3797,-23.81875],[-70.37998,-23.81823],[-70.38035,-23.81807],[-70.38058,-23.8181],[-70.38118,-23.81849],[-70.38143,-23.81848],[-70.38162,-23.81841],[-70.38175,-23.81825],[-70.38195,-23.81779],[-70.38253,-23.81734],[-70.38273,-23.81711],[-70.38301,-23.81655],[-70.38452,-23.81537],[-70.38509,-23.8152],[-70.38665,-23.81521],[-70.38704,-23.81496],[-70.38713,-23.8145],[-70.38724,-23.81437],[-70.38828,-23.81408],[-70.38909,-23.81367],[-70.3906,-23.81348],[-70.39103,-23.81331],[-70.39183,-23.81296],[-70.39222,-23.81272],[-70.39294,-23.81218],[-70.3932,-23.81184],[-70.39363,-23.81066],[-70.3937,-23.81032],[-70.39388,-23.80857],[-70.39401,-23.80819],[-70.39434,-23.8076],[-70.39458,-23.80697]]}},{"type":"Feature","properties":{"nombre":"","jerarquia":2},"geometry":{"type":"LineString","coordinates":[[-70.30406,-23.74605],[-70.30422,-23.74591]]}},{"type":"Feature","properties":{"nombre":"","jerarquia":2},"geometry":{"type":"LineString","coordinates":[[-70.30422,-23.74591],[-70.30423,-23.74582]]}},{"type":"Feature","properties":{"nombre":"","jerarquia":2},"geometry":{"type":"LineString","coordinates":[[-70.30436,-23.74613],[-70.30419,-23.74605]]}},{"type":"Feature","properties":{"nombre":"","jerarquia":2},"geometry":{"type":"LineString","coordinates":[[-70.30419,-23.74605],[-70.30406,-23.74605]]}},{"type":"Feature","properties":{"nombre":"Avenida Angamos","jerarquia":4},"geometry":{"type":"LineString","coordinates":[[-70.40356,-23.666],[-70.40342,-23.66575]]}},{"type":"Feature","properties":{"nombre":"Avenida Angamos","jerarquia":4},"geometry":{"type":"LineString","coordinates":[[-70.40298,-23.66484],[-70.40356,-23.666]]}},{"type":"Feature","properties":{"nombre":"Avenida Angamos","jerarquia":4},"geometry":{"type":"LineString","coordinates":[[-70.40298,-23.66484],[-70.40293,-23.66475]]}},{"type":"Feature","properties":{"nombre":"Avenida Angamos","jerarquia":4},"geometry":{"type":"LineString","coordinates":[[-70.40293,-23.66475],[-70.40239,-23.66368]]}},{"type":"Feature","properties":{"nombre":"Avenida Angamos","jerarquia":4},"geometry":{"type":"LineString","coordinates":[[-70.40239,-23.66368],[-70.40197,-23.66279]]}},{"type":"Feature","properties":{"nombre":"Avenida Angamos","jerarquia":4},"geometry":{"type":"LineString","coordinates":[[-70.40342,-23.66575],[-70.40298,-23.66484]]}},{"type":"Feature","properties":{"nombre":"Cardenal Carlos Oviedo Cavada","jerarquia":5},"geometry":{"type":"LineString","coordinates":[[-70.38705,-23.62847],[-70.38704,-23.62835]]}},{"type":"Feature","properties":{"nombre":"Avenida Antonio Rendic","jerarquia":4},"geometry":{"type":"LineString","coordinates":[[-70.38939,-23.62834],[-70.38943,-23.62822]]}},{"type":"Feature","properties":{"nombre":"Avenida Antonio Rendic","jerarquia":4},"geometry":{"type":"LineString","coordinates":[[-70.3889,-23.63662],[-70.38896,-23.63557]]}},{"type":"Feature","properties":{"nombre":"Avenida Antonio Rendic","jerarquia":4},"geometry":{"type":"LineString","coordinates":[[-70.38896,-23.63557],[-70.389,-23.635]]}},{"type":"Feature","properties":{"nombre":"Avenida Antonio Rendic","jerarquia":4},"geometry":{"type":"LineString","coordinates":[[-70.389,-23.635],[-70.38901,-23.63447]]}},{"type":"Feature","properties":{"nombre":"Avenida Antonio Rendic","jerarquia":4},"geometry":{"type":"LineString","coordinates":[[-70.38901,-23.63447],[-70.38909,-23.6334]]}},{"type":"Feature","properties":{"nombre":"Avenida Antonio Rendic","jerarquia":4},"geometry":{"type":"LineString","coordinates":[[-70.38909,-23.6334],[-70.38915,-23.63234]]}},{"type":"Feature","properties":{"nombre":"Avenida Antonio Rendic","jerarquia":4},"geometry":{"type":"LineString","coordinates":[[-70.38915,-23.63234],[-70.38919,-23.63178]]}},{"type":"Feature","properties":{"nombre":"Avenida Antonio Rendic","jerarquia":4},"geometry":{"type":"LineString","coordinates":[[-70.38919,-23.63178],[-70.38921,-23.63131]]}},{"type":"Feature","properties":{"nombre":"Avenida Antonio Rendic","jerarquia":4},"geometry":{"type":"LineString","coordinates":[[-70.38921,-23.63131],[-70.38922,-23.63124]]}},{"type":"Feature","properties":{"nombre":"Avenida Antonio Rendic","jerarquia":4},"geometry":{"type":"LineString","coordinates":[[-70.38922,-23.63124],[-70.38924,-23.63073]]}},{"type":"Feature","properties":{"nombre":"Avenida Antonio Rendic","jerarquia":4},"geometry":{"type":"LineString","coordinates":[[-70.38924,-23.63073],[-70.38927,-23.63017]]}},{"type":"Feature","properties":{"nombre":"Avenida Antonio Rendic","jerarquia":4},"geometry":{"type":"LineString","coordinates":[[-70.38927,-23.63017],[-70.38934,-23.62912]]}},{"type":"Feature","properties":{"nombre":"Avenida Antonio Rendic","jerarquia":4},"geometry":{"type":"LineString","coordinates":[[-70.38934,-23.62912],[-70.38938,-23.62847]]}},{"type":"Feature","properties":{"nombre":"Avenida Antonio Rendic","jerarquia":4},"geometry":{"type":"LineString","coordinates":[[-70.38938,-23.62847],[-70.38939,-23.62834]]}},{"type":"Feature","properties":{"nombre":"Avenida Salvador Allende","jerarquia":2},"geometry":{"type":"LineString","coordinates":[[-70.38771,-23.62843],[-70.38717,-23.62846]]}},{"type":"Feature","properties":{"nombre":"Avenida Salvador Allende","jerarquia":2},"geometry":{"type":"LineString","coordinates":[[-70.38717,-23.62846],[-70.38705,-23.62847]]}},{"type":"Feature","properties":{"nombre":"Avenida Salvador Allende","jerarquia":2},"geometry":{"type":"LineString","coordinates":[[-70.38952,-23.62834],[-70.38939,-23.62834]]}},{"type":"Feature","properties":{"nombre":"Avenida Salvador Allende","jerarquia":2},"geometry":{"type":"LineString","coordinates":[[-70.38943,-23.62822],[-70.38953,-23.62821]]}},{"type":"Feature","properties":{"nombre":"Avenida Salvador Allende","jerarquia":2},"geometry":{"type":"LineString","coordinates":[[-70.38704,-23.62835],[-70.38749,-23.62833]]}},{"type":"Feature","properties":{"nombre":"Avenida Salvador Allende","jerarquia":2},"geometry":{"type":"LineString","coordinates":[[-70.38749,-23.62833],[-70.3879,-23.6283]]}},{"type":"Feature","properties":{"nombre":"Avenida Salvador Allende","jerarquia":2},"geometry":{"type":"LineString","coordinates":[[-70.3879,-23.6283],[-70.38838,-23.62828]]}},{"type":"Feature","properties":{"nombre":"Avenida Salvador Allende","jerarquia":2},"geometry":{"type":"LineString","coordinates":[[-70.38838,-23.62828],[-70.3886,-23.62826]]}},{"type":"Feature","properties":{"nombre":"Avenida Antonio Rendic","jerarquia":4},"geometry":{"type":"LineString","coordinates":[[-70.38933,-23.63119],[-70.38914,-23.6344]]}},{"type":"Feature","properties":{"nombre":"Avenida Antonio Rendic","jerarquia":4},"geometry":{"type":"LineString","coordinates":[[-70.38914,-23.6344],[-70.38901,-23.63651]]}},{"type":"Feature","properties":{"nombre":"Avenida Antonio Rendic","jerarquia":4},"geometry":{"type":"LineString","coordinates":[[-70.38901,-23.63651],[-70.389,-23.63663]]}},{"type":"Feature","properties":{"nombre":"Avenida Antonio Rendic","jerarquia":4},"geometry":{"type":"LineString","coordinates":[[-70.38953,-23.62821],[-70.38952,-23.62834]]}},{"type":"Feature","properties":{"nombre":"Iquique","jerarquia":3},"geometry":{"type":"LineString","coordinates":[[-70.39404,-23.62847],[-70.3941,-23.6275]]}},{"type":"Feature","properties":{"nombre":"Iquique","jerarquia":3},"geometry":{"type":"LineString","coordinates":[[-70.3941,-23.6275],[-70.39415,-23.62681],[-70.39398,-23.62639]]}},{"type":"Feature","properties":{"nombre":"Iquique","jerarquia":3},"geometry":{"type":"LineString","coordinates":[[-70.39398,-23.62639],[-70.3931,-23.62559]]}},{"type":"Feature","properties":{"nombre":"Iquique","jerarquia":3},"geometry":{"type":"LineString","coordinates":[[-70.3931,-23.62559],[-70.39291,-23.62525]]}},{"type":"Feature","properties":{"nombre":"Iquique","jerarquia":3},"geometry":{"type":"LineString","coordinates":[[-70.39404,-23.6286],[-70.39404,-23.62847]]}},{"type":"Feature","properties":{"nombre":"Avenida Salvador Allende","jerarquia":2},"geometry":{"type":"LineString","coordinates":[[-70.39414,-23.62848],[-70.39522,-23.62852]]}},{"type":"Feature","properties":{"nombre":"Avenida Salvador Allende","jerarquia":2},"geometry":{"type":"LineString","coordinates":[[-70.39522,-23.62852],[-70.39591,-23.62854]]}},{"type":"Feature","properties":{"nombre":"Avenida Salvador Allende","jerarquia":2},"geometry":{"type":"LineString","coordinates":[[-70.39404,-23.62847],[-70.39414,-23.62848]]}},{"type":"Feature","properties":{"nombre":"Iquique","jerarquia":3},"geometry":{"type":"LineString","coordinates":[[-70.39414,-23.62848],[-70.39413,-23.6286]]}},{"type":"Feature","properties":{"nombre":"Iquique","jerarquia":3},"geometry":{"type":"LineString","coordinates":[[-70.3926,-23.62319],[-70.39262,-23.62443],[-70.39269,-23.62466],[-70.39298,-23.62521]]}},{"type":"Feature","properties":{"nombre":"Iquique","jerarquia":3},"geometry":{"type":"LineString","coordinates":[[-70.39298,-23.62521],[-70.39312,-23.62545]]}},{"type":"Feature","properties":{"nombre":"Iquique","jerarquia":3},"geometry":{"type":"LineString","coordinates":[[-70.39312,-23.62545],[-70.39332,-23.62568],[-70.39398,-23.62625],[-70.39414,-23.62646],[-70.39426,-23.62685],[-70.3942,-23.6275]]}},{"type":"Feature","properties":{"nombre":"Iquique","jerarquia":3},"geometry":{"type":"LineString","coordinates":[[-70.3942,-23.6275],[-70.39415,-23.62816]]}},{"type":"Feature","properties":{"nombre":"Avenida Salvador Allende","jerarquia":2},"geometry":{"type":"LineString","coordinates":[[-70.39413,-23.6286],[-70.39404,-23.6286]]}},{"type":"Feature","properties":{"nombre":"Avenida Salvador Allende","jerarquia":2},"geometry":{"type":"LineString","coordinates":[[-70.39601,-23.62867],[-70.39523,-23.62863]]}},{"type":"Feature","properties":{"nombre":"Avenida Salvador Allende","jerarquia":2},"geometry":{"type":"LineString","coordinates":[[-70.39523,-23.62863],[-70.39432,-23.6286]]}},{"type":"Feature","properties":{"nombre":"Avenida Salvador Allende","jerarquia":2},"geometry":{"type":"LineString","coordinates":[[-70.39432,-23.6286],[-70.39413,-23.6286]]}},{"type":"Feature","properties":{"nombre":"Avenida Edmundo Pérez Zujovic","jerarquia":2},"geometry":{"type":"LineString","coordinates":[[-70.39627,-23.62855],[-70.39629,-23.62829]]}},{"type":"Feature","properties":{"nombre":"","jerarquia":2},"geometry":{"type":"LineString","coordinates":[[-70.39642,-23.62861],[-70.39627,-23.62867]]}},{"type":"Feature","properties":{"nombre":"Benito Ocampo","jerarquia":5},"geometry":{"type":"LineString","coordinates":[[-70.39848,-23.56279],[-70.3985,-23.56266]]}},{"type":"Feature","properties":{"nombre":"Benito Ocampo","jerarquia":5},"geometry":{"type":"LineString","coordinates":[[-70.3985,-23.56266],[-70.39861,-23.56152]]}},{"type":"Feature","properties":{"nombre":"Benito Ocampo","jerarquia":5},"geometry":{"type":"LineString","coordinates":[[-70.39861,-23.56152],[-70.39869,-23.56082]]}},{"type":"Feature","properties":{"nombre":"Benito Ocampo","jerarquia":5},"geometry":{"type":"LineString","coordinates":[[-70.39869,-23.56082],[-70.39903,-23.56021]]}},{"type":"Feature","properties":{"nombre":"Benito Ocampo","jerarquia":5},"geometry":{"type":"LineString","coordinates":[[-70.39903,-23.56021],[-70.39964,-23.55912]]}},{"type":"Feature","properties":{"nombre":"Oficina Ausonia","jerarquia":5},"geometry":{"type":"LineString","coordinates":[[-70.39964,-23.55912],[-70.39976,-23.55919]]}},{"type":"Feature","properties":{"nombre":"Benito Ocampo","jerarquia":5},"geometry":{"type":"LineString","coordinates":[[-70.39976,-23.55919],[-70.39881,-23.56083]]}},{"type":"Feature","properties":{"nombre":"Benito Ocampo","jerarquia":5},"geometry":{"type":"LineString","coordinates":[[-70.39881,-23.56083],[-70.3986,-23.56268]]}},{"type":"Feature","properties":{"nombre":"Benito Ocampo","jerarquia":5},"geometry":{"type":"LineString","coordinates":[[-70.3986,-23.56268],[-70.39859,-23.56279]]}},{"type":"Feature","properties":{"nombre":"Avenida Edmundo Pérez Zujovic","jerarquia":2},"geometry":{"type":"LineString","coordinates":[[-70.401,-23.5609],[-70.39845,-23.56533],[-70.39823,-23.56574],[-70.39801,-23.56628]]}},{"type":"Feature","properties":{"nombre":"Avenida Edmundo Pérez Zujovic","jerarquia":2},"geometry":{"type":"LineString","coordinates":[[-70.39804,-23.56592],[-70.39864,-23.56479]]}},{"type":"Feature","properties":{"nombre":"Avenida Edmundo Pérez Zujovic","jerarquia":2},"geometry":{"type":"LineString","coordinates":[[-70.39864,-23.56479],[-70.4003,-23.56188]]}},{"type":"Feature","properties":{"nombre":"Manuel Antonio Matta","jerarquia":5},"geometry":{"type":"LineString","coordinates":[[-70.38806,-23.64332],[-70.3883,-23.64351]]}},{"type":"Feature","properties":{"nombre":"Manuel Antonio Matta","jerarquia":5},"geometry":{"type":"LineString","coordinates":[[-70.3883,-23.64351],[-70.38849,-23.64368]]}},{"type":"Feature","properties":{"nombre":"","jerarquia":5},"geometry":{"type":"LineString","coordinates":[[-70.31904,-23.77536],[-70.31926,-23.77509]]}},{"type":"Feature","properties":{"nombre":"","jerarquia":5},"geometry":{"type":"LineString","coordinates":[[-70.31926,-23.77509],[-70.31943,-23.77492]]}},{"type":"Feature","properties":{"nombre":"","jerarquia":2},"geometry":{"type":"LineString","coordinates":[[-70.31951,-23.77491],[-70.31943,-23.77492]]}},{"type":"Feature","properties":{"nombre":"Víctor Farías","jerarquia":5},"geometry":{"type":"LineString","coordinates":[[-70.38565,-23.57621],[-70.38562,-23.57662]]}},{"type":"Feature","properties":{"nombre":"Víctor Farías","jerarquia":5},"geometry":{"type":"LineString","coordinates":[[-70.38562,-23.57662],[-70.38556,-23.57736]]}},{"type":"Feature","properties":{"nombre":"Víctor Farías","jerarquia":5},"geometry":{"type":"LineString","coordinates":[[-70.38556,-23.57736],[-70.38552,-23.57778]]}},{"type":"Feature","properties":{"nombre":"Víctor Farías","jerarquia":5},"geometry":{"type":"LineString","coordinates":[[-70.38513,-23.58193],[-70.3851,-23.58232]]}},{"type":"Feature","properties":{"nombre":"Víctor Farías","jerarquia":5},"geometry":{"type":"LineString","coordinates":[[-70.3851,-23.58232],[-70.38504,-23.58307]]}},{"type":"Feature","properties":{"nombre":"Víctor Farías","jerarquia":5},"geometry":{"type":"LineString","coordinates":[[-70.38504,-23.58307],[-70.38497,-23.58406]]}},{"type":"Feature","properties":{"nombre":"Víctor Farías","jerarquia":5},"geometry":{"type":"LineString","coordinates":[[-70.38497,-23.58406],[-70.38491,-23.58483]]}},{"type":"Feature","properties":{"nombre":"Víctor Farías","jerarquia":5},"geometry":{"type":"LineString","coordinates":[[-70.38491,-23.58483],[-70.3849,-23.58491]]}},{"type":"Feature","properties":{"nombre":"Víctor Farías","jerarquia":5},"geometry":{"type":"LineString","coordinates":[[-70.3849,-23.58491],[-70.38487,-23.58531]]}},{"type":"Feature","properties":{"nombre":"General Óscar Bonilla","jerarquia":4},"geometry":{"type":"LineString","coordinates":[[-70.3788,-23.58919],[-70.37878,-23.59002]]}},{"type":"Feature","properties":{"nombre":"General Óscar Bonilla","jerarquia":4},"geometry":{"type":"LineString","coordinates":[[-70.37878,-23.59002],[-70.37877,-23.59029]]}},{"type":"Feature","properties":{"nombre":"General Óscar Bonilla","jerarquia":4},"geometry":{"type":"LineString","coordinates":[[-70.37877,-23.59029],[-70.37877,-23.59056]]}},{"type":"Feature","properties":{"nombre":"General Óscar Bonilla","jerarquia":4},"geometry":{"type":"LineString","coordinates":[[-70.37877,-23.59056],[-70.37877,-23.59064]]}},{"type":"Feature","properties":{"nombre":"General Óscar Bonilla","jerarquia":4},"geometry":{"type":"LineString","coordinates":[[-70.37877,-23.59064],[-70.37876,-23.59096]]}},{"type":"Feature","properties":{"nombre":"Huamachuco","jerarquia":5},"geometry":{"type":"LineString","coordinates":[[-70.38147,-23.58168],[-70.38151,-23.58124]]}},{"type":"Feature","properties":{"nombre":"Huamachuco","jerarquia":5},"geometry":{"type":"LineString","coordinates":[[-70.38151,-23.58124],[-70.38154,-23.58085]]}},{"type":"Feature","properties":{"nombre":"Huamachuco","jerarquia":5},"geometry":{"type":"LineString","coordinates":[[-70.38154,-23.58085],[-70.38158,-23.58045]]}},{"type":"Feature","properties":{"nombre":"Huamachuco","jerarquia":5},"geometry":{"type":"LineString","coordinates":[[-70.38158,-23.58045],[-70.38161,-23.58003]]}},{"type":"Feature","properties":{"nombre":"Huamachuco","jerarquia":5},"geometry":{"type":"LineString","coordinates":[[-70.38161,-23.58003],[-70.38164,-23.57966]]}},{"type":"Feature","properties":{"nombre":"Huamachuco","jerarquia":5},"geometry":{"type":"LineString","coordinates":[[-70.38164,-23.57966],[-70.3817,-23.579]]}},{"type":"Feature","properties":{"nombre":"Huamachuco","jerarquia":5},"geometry":{"type":"LineString","coordinates":[[-70.3817,-23.579],[-70.38173,-23.57859]]}},{"type":"Feature","properties":{"nombre":"Huamachuco","jerarquia":5},"geometry":{"type":"LineString","coordinates":[[-70.38126,-23.58427],[-70.38135,-23.58323]]}},{"type":"Feature","properties":{"nombre":"Huamachuco","jerarquia":5},"geometry":{"type":"LineString","coordinates":[[-70.38135,-23.58323],[-70.38142,-23.58228]]}},{"type":"Feature","properties":{"nombre":"Huamachuco","jerarquia":5},"geometry":{"type":"LineString","coordinates":[[-70.38142,-23.58228],[-70.38147,-23.58176]]}},{"type":"Feature","properties":{"nombre":"Huamachuco","jerarquia":5},"geometry":{"type":"LineString","coordinates":[[-70.38147,-23.58176],[-70.38147,-23.58168]]}},{"type":"Feature","properties":{"nombre":"General Óscar Bonilla","jerarquia":4},"geometry":{"type":"LineString","coordinates":[[-70.37906,-23.58411],[-70.379,-23.58479]]}},{"type":"Feature","properties":{"nombre":"General Óscar Bonilla","jerarquia":4},"geometry":{"type":"LineString","coordinates":[[-70.379,-23.58479],[-70.379,-23.58484]]}},{"type":"Feature","properties":{"nombre":"General Óscar Bonilla","jerarquia":4},"geometry":{"type":"LineString","coordinates":[[-70.379,-23.58484],[-70.37897,-23.58509]]}},{"type":"Feature","properties":{"nombre":"General Óscar Bonilla","jerarquia":4},"geometry":{"type":"LineString","coordinates":[[-70.37897,-23.58509],[-70.37894,-23.58538]]}},{"type":"Feature","properties":{"nombre":"General Óscar Bonilla","jerarquia":4},"geometry":{"type":"LineString","coordinates":[[-70.37894,-23.58538],[-70.37891,-23.58574]]}},{"type":"Feature","properties":{"nombre":"General Óscar Bonilla","jerarquia":4},"geometry":{"type":"LineString","coordinates":[[-70.37891,-23.58574],[-70.37884,-23.58654]]}},{"type":"Feature","properties":{"nombre":"Huamachuco","jerarquia":5},"geometry":{"type":"LineString","coordinates":[[-70.38107,-23.58669],[-70.38113,-23.58596]]}},{"type":"Feature","properties":{"nombre":"Huamachuco","jerarquia":5},"geometry":{"type":"LineString","coordinates":[[-70.38113,-23.58596],[-70.38114,-23.58578]]}},{"type":"Feature","properties":{"nombre":"Huamachuco","jerarquia":5},"geometry":{"type":"LineString","coordinates":[[-70.38114,-23.58578],[-70.38118,-23.58524]]}},{"type":"Feature","properties":{"nombre":"Huamachuco","jerarquia":5},"geometry":{"type":"LineString","coordinates":[[-70.38118,-23.58524],[-70.38119,-23.58514]]}},{"type":"Feature","properties":{"nombre":"Huamachuco","jerarquia":5},"geometry":{"type":"LineString","coordinates":[[-70.38119,-23.58514],[-70.3812,-23.58499]]}},{"type":"Feature","properties":{"nombre":"Huamachuco","jerarquia":5},"geometry":{"type":"LineString","coordinates":[[-70.3812,-23.58499],[-70.38123,-23.58473]]}},{"type":"Feature","properties":{"nombre":"Huamachuco","jerarquia":5},"geometry":{"type":"LineString","coordinates":[[-70.38123,-23.58473],[-70.38126,-23.58427]]}},{"type":"Feature","properties":{"nombre":"Cabo Juan Bolívar","jerarquia":5},"geometry":{"type":"LineString","coordinates":[[-70.37593,-23.58646],[-70.37613,-23.58647]]}},{"type":"Feature","properties":{"nombre":"Cabo Juan Bolívar","jerarquia":5},"geometry":{"type":"LineString","coordinates":[[-70.37613,-23.58647],[-70.37659,-23.58649]]}},{"type":"Feature","properties":{"nombre":"Cabo Juan Bolívar","jerarquia":5},"geometry":{"type":"LineString","coordinates":[[-70.38304,-23.58683],[-70.38395,-23.58689]]}},{"type":"Feature","properties":{"nombre":"Cabo Juan Bolívar","jerarquia":5},"geometry":{"type":"LineString","coordinates":[[-70.38395,-23.58689],[-70.38465,-23.58693]]}},{"type":"Feature","properties":{"nombre":"Cabo Juan Bolívar","jerarquia":5},"geometry":{"type":"LineString","coordinates":[[-70.38465,-23.58693],[-70.3851,-23.58696]]}},{"type":"Feature","properties":{"nombre":"Cabo Juan Bolívar","jerarquia":5},"geometry":{"type":"LineString","coordinates":[[-70.3851,-23.58696],[-70.38524,-23.58697]]}},{"type":"Feature","properties":{"nombre":"Cabo Juan Bolívar","jerarquia":5},"geometry":{"type":"LineString","coordinates":[[-70.38524,-23.58697],[-70.38555,-23.58699]]}},{"type":"Feature","properties":{"nombre":"Cabo Juan Bolívar","jerarquia":5},"geometry":{"type":"LineString","coordinates":[[-70.37884,-23.58654],[-70.37924,-23.58657]]}},{"type":"Feature","properties":{"nombre":"Cabo Juan Bolívar","jerarquia":5},"geometry":{"type":"LineString","coordinates":[[-70.37924,-23.58657],[-70.37986,-23.58661]]}},{"type":"Feature","properties":{"nombre":"Cabo Juan Bolívar","jerarquia":5},"geometry":{"type":"LineString","coordinates":[[-70.37986,-23.58661],[-70.38048,-23.58665]]}},{"type":"Feature","properties":{"nombre":"Cabo Juan Bolívar","jerarquia":5},"geometry":{"type":"LineString","coordinates":[[-70.38048,-23.58665],[-70.38107,-23.58669]]}},{"type":"Feature","properties":{"nombre":"Cabo Juan Bolívar","jerarquia":5},"geometry":{"type":"LineString","coordinates":[[-70.38107,-23.58669],[-70.38153,-23.58672]]}},{"type":"Feature","properties":{"nombre":"Cabo Juan Bolívar","jerarquia":5},"geometry":{"type":"LineString","coordinates":[[-70.38153,-23.58672],[-70.38253,-23.58679]]}},{"type":"Feature","properties":{"nombre":"Cabo Juan Bolívar","jerarquia":5},"geometry":{"type":"LineString","coordinates":[[-70.38253,-23.58679],[-70.38304,-23.58683]]}},{"type":"Feature","properties":{"nombre":"Cabo Juan Bolívar","jerarquia":5},"geometry":{"type":"LineString","coordinates":[[-70.37659,-23.58649],[-70.37697,-23.5865]]}},{"type":"Feature","properties":{"nombre":"Cabo Juan Bolívar","jerarquia":5},"geometry":{"type":"LineString","coordinates":[[-70.37697,-23.5865],[-70.37708,-23.5865]]}},{"type":"Feature","properties":{"nombre":"Cabo Juan Bolívar","jerarquia":5},"geometry":{"type":"LineString","coordinates":[[-70.37708,-23.5865],[-70.37757,-23.58651]]}},{"type":"Feature","properties":{"nombre":"Cabo Juan Bolívar","jerarquia":5},"geometry":{"type":"LineString","coordinates":[[-70.37757,-23.58651],[-70.37761,-23.58651]]}},{"type":"Feature","properties":{"nombre":"Cabo Juan Bolívar","jerarquia":5},"geometry":{"type":"LineString","coordinates":[[-70.37761,-23.58651],[-70.37798,-23.58652]]}},{"type":"Feature","properties":{"nombre":"Cabo Juan Bolívar","jerarquia":5},"geometry":{"type":"LineString","coordinates":[[-70.37798,-23.58652],[-70.37803,-23.58652]]}},{"type":"Feature","properties":{"nombre":"Cabo Juan Bolívar","jerarquia":5},"geometry":{"type":"LineString","coordinates":[[-70.37803,-23.58652],[-70.37839,-23.58653]]}},{"type":"Feature","properties":{"nombre":"Cabo Juan Bolívar","jerarquia":5},"geometry":{"type":"LineString","coordinates":[[-70.37839,-23.58653],[-70.37884,-23.58654]]}},{"type":"Feature","properties":{"nombre":"Huamachuco","jerarquia":5},"geometry":{"type":"LineString","coordinates":[[-70.38077,-23.59255],[-70.38078,-23.59212]]}},{"type":"Feature","properties":{"nombre":"Huamachuco","jerarquia":5},"geometry":{"type":"LineString","coordinates":[[-70.38078,-23.59212],[-70.38079,-23.5917]]}},{"type":"Feature","properties":{"nombre":"Huamachuco","jerarquia":5},"geometry":{"type":"LineString","coordinates":[[-70.38079,-23.5917],[-70.3808,-23.59106]]}},{"type":"Feature","properties":{"nombre":"Huamachuco","jerarquia":5},"geometry":{"type":"LineString","coordinates":[[-70.3808,-23.59106],[-70.3808,-23.59099]]}},{"type":"Feature","properties":{"nombre":"Huamachuco","jerarquia":5},"geometry":{"type":"LineString","coordinates":[[-70.3808,-23.59099],[-70.38081,-23.59065]]}},{"type":"Feature","properties":{"nombre":"Huamachuco","jerarquia":5},"geometry":{"type":"LineString","coordinates":[[-70.38081,-23.59065],[-70.38082,-23.59006]]}},{"type":"Feature","properties":{"nombre":"Huamachuco","jerarquia":5},"geometry":{"type":"LineString","coordinates":[[-70.38082,-23.59006],[-70.38082,-23.58972]]}},{"type":"Feature","properties":{"nombre":"Huamachuco","jerarquia":5},"geometry":{"type":"LineString","coordinates":[[-70.38082,-23.58972],[-70.38083,-23.58933]]}},{"type":"Feature","properties":{"nombre":"General Óscar Bonilla","jerarquia":4},"geometry":{"type":"LineString","coordinates":[[-70.37876,-23.59096],[-70.37865,-23.59194]]}},{"type":"Feature","properties":{"nombre":"General Óscar Bonilla","jerarquia":4},"geometry":{"type":"LineString","coordinates":[[-70.37865,-23.59194],[-70.37862,-23.59226]]}},{"type":"Feature","properties":{"nombre":"General Óscar Bonilla","jerarquia":4},"geometry":{"type":"LineString","coordinates":[[-70.37862,-23.59226],[-70.37858,-23.59253]]}},{"type":"Feature","properties":{"nombre":"General Óscar Bonilla","jerarquia":4},"geometry":{"type":"LineString","coordinates":[[-70.37884,-23.58654],[-70.37883,-23.58721]]}},{"type":"Feature","properties":{"nombre":"General Óscar Bonilla","jerarquia":4},"geometry":{"type":"LineString","coordinates":[[-70.37883,-23.58721],[-70.37882,-23.58769]]}},{"type":"Feature","properties":{"nombre":"General Óscar Bonilla","jerarquia":4},"geometry":{"type":"LineString","coordinates":[[-70.37882,-23.58769],[-70.37882,-23.58803]]}},{"type":"Feature","properties":{"nombre":"General Óscar Bonilla","jerarquia":4},"geometry":{"type":"LineString","coordinates":[[-70.37882,-23.58803],[-70.37881,-23.58852]]}},{"type":"Feature","properties":{"nombre":"General Óscar Bonilla","jerarquia":4},"geometry":{"type":"LineString","coordinates":[[-70.37881,-23.58852],[-70.3788,-23.58919]]}},{"type":"Feature","properties":{"nombre":"Víctor Jara","jerarquia":4},"geometry":{"type":"LineString","coordinates":[[-70.37895,-23.62094],[-70.37852,-23.62116]]}},{"type":"Feature","properties":{"nombre":"Víctor Jara","jerarquia":4},"geometry":{"type":"LineString","coordinates":[[-70.37852,-23.62116],[-70.37786,-23.62147]]}},{"type":"Feature","properties":{"nombre":"Víctor Jara","jerarquia":4},"geometry":{"type":"LineString","coordinates":[[-70.37786,-23.62147],[-70.37732,-23.62164]]}},{"type":"Feature","properties":{"nombre":"Víctor Jara","jerarquia":4},"geometry":{"type":"LineString","coordinates":[[-70.37732,-23.62164],[-70.37703,-23.62173]]}},{"type":"Feature","properties":{"nombre":"Víctor Jara","jerarquia":4},"geometry":{"type":"LineString","coordinates":[[-70.37703,-23.62173],[-70.3768,-23.6218]]}},{"type":"Feature","properties":{"nombre":"Víctor Jara","jerarquia":4},"geometry":{"type":"LineString","coordinates":[[-70.3768,-23.6218],[-70.37673,-23.62182]]}},{"type":"Feature","properties":{"nombre":"Víctor Jara","jerarquia":4},"geometry":{"type":"LineString","coordinates":[[-70.37673,-23.62182],[-70.37637,-23.62193]]}},{"type":"Feature","properties":{"nombre":"Víctor Jara","jerarquia":4},"geometry":{"type":"LineString","coordinates":[[-70.37637,-23.62193],[-70.37626,-23.62197]]}},{"type":"Feature","properties":{"nombre":"Víctor Jara","jerarquia":4},"geometry":{"type":"LineString","coordinates":[[-70.37626,-23.62197],[-70.37602,-23.62204]]}},{"type":"Feature","properties":{"nombre":"Víctor Jara","jerarquia":4},"geometry":{"type":"LineString","coordinates":[[-70.37602,-23.62204],[-70.37566,-23.62216]]}},{"type":"Feature","properties":{"nombre":"Sargento Manuel Silva","jerarquia":5},"geometry":{"type":"LineString","coordinates":[[-70.3788,-23.58919],[-70.37918,-23.58921]]}},{"type":"Feature","properties":{"nombre":"Sargento Manuel Silva","jerarquia":5},"geometry":{"type":"LineString","coordinates":[[-70.37918,-23.58921],[-70.37981,-23.58926]]}},{"type":"Feature","properties":{"nombre":"Sargento Manuel Silva","jerarquia":5},"geometry":{"type":"LineString","coordinates":[[-70.37981,-23.58926],[-70.38014,-23.58928]]}},{"type":"Feature","properties":{"nombre":"Sargento Manuel Silva","jerarquia":5},"geometry":{"type":"LineString","coordinates":[[-70.38014,-23.58928],[-70.38045,-23.5893]]}},{"type":"Feature","properties":{"nombre":"Sargento Manuel Silva","jerarquia":5},"geometry":{"type":"LineString","coordinates":[[-70.38045,-23.5893],[-70.38083,-23.58933]]}},{"type":"Feature","properties":{"nombre":"Sargento Manuel Silva","jerarquia":5},"geometry":{"type":"LineString","coordinates":[[-70.38083,-23.58933],[-70.38124,-23.58935]]}},{"type":"Feature","properties":{"nombre":"Sargento Manuel Silva","jerarquia":5},"geometry":{"type":"LineString","coordinates":[[-70.38124,-23.58935],[-70.38184,-23.5894]]}},{"type":"Feature","properties":{"nombre":"Sargento Manuel Silva","jerarquia":5},"geometry":{"type":"LineString","coordinates":[[-70.38184,-23.5894],[-70.38191,-23.5894]]}},{"type":"Feature","properties":{"nombre":"Sargento Manuel Silva","jerarquia":5},"geometry":{"type":"LineString","coordinates":[[-70.38191,-23.5894],[-70.38239,-23.58943]]}},{"type":"Feature","properties":{"nombre":"Sargento Manuel Silva","jerarquia":5},"geometry":{"type":"LineString","coordinates":[[-70.38239,-23.58943],[-70.38283,-23.58946]]}},{"type":"Feature","properties":{"nombre":"Sargento Manuel Silva","jerarquia":5},"geometry":{"type":"LineString","coordinates":[[-70.38283,-23.58946],[-70.3832,-23.58949]]}},{"type":"Feature","properties":{"nombre":"Sargento Manuel Silva","jerarquia":5},"geometry":{"type":"LineString","coordinates":[[-70.3832,-23.58949],[-70.38359,-23.58952]]}},{"type":"Feature","properties":{"nombre":"Sargento Manuel Silva","jerarquia":5},"geometry":{"type":"LineString","coordinates":[[-70.38359,-23.58952],[-70.38396,-23.58954]]}},{"type":"Feature","properties":{"nombre":"Sargento Manuel Silva","jerarquia":5},"geometry":{"type":"LineString","coordinates":[[-70.38396,-23.58954],[-70.38446,-23.58957]]}},{"type":"Feature","properties":{"nombre":"Mateo de Toro y Zambrano","jerarquia":5},"geometry":{"type":"LineString","coordinates":[[-70.37852,-23.59724],[-70.37811,-23.59727]]}},{"type":"Feature","properties":{"nombre":"Mateo de Toro y Zambrano","jerarquia":5},"geometry":{"type":"LineString","coordinates":[[-70.37811,-23.59727],[-70.378,-23.59728]]}},{"type":"Feature","properties":{"nombre":"Mateo de Toro y Zambrano","jerarquia":5},"geometry":{"type":"LineString","coordinates":[[-70.378,-23.59728],[-70.37776,-23.59728]]}},{"type":"Feature","properties":{"nombre":"Mateo de Toro y Zambrano","jerarquia":5},"geometry":{"type":"LineString","coordinates":[[-70.37776,-23.59728],[-70.37767,-23.59727]]}},{"type":"Feature","properties":{"nombre":"Mateo de Toro y Zambrano","jerarquia":5},"geometry":{"type":"LineString","coordinates":[[-70.37767,-23.59727],[-70.37729,-23.59716]]}},{"type":"Feature","properties":{"nombre":"Mateo de Toro y Zambrano","jerarquia":5},"geometry":{"type":"LineString","coordinates":[[-70.37729,-23.59716],[-70.3771,-23.59708]]}},{"type":"Feature","properties":{"nombre":"Juvenal Morla","jerarquia":5},"geometry":{"type":"LineString","coordinates":[[-70.37581,-23.59948],[-70.37539,-23.59941]]}},{"type":"Feature","properties":{"nombre":"Juvenal Morla","jerarquia":5},"geometry":{"type":"LineString","coordinates":[[-70.37539,-23.59941],[-70.37489,-23.59932]]}},{"type":"Feature","properties":{"nombre":"Luis Cruz Martínez","jerarquia":5},"geometry":{"type":"LineString","coordinates":[[-70.37506,-23.60355],[-70.37507,-23.60347]]}},{"type":"Feature","properties":{"nombre":"Luis Cruz Martínez","jerarquia":5},"geometry":{"type":"LineString","coordinates":[[-70.37507,-23.60347],[-70.37505,-23.60272]]}},{"type":"Feature","properties":{"nombre":"Luis Cruz Martínez","jerarquia":5},"geometry":{"type":"LineString","coordinates":[[-70.37505,-23.60272],[-70.37504,-23.60211]]}},{"type":"Feature","properties":{"nombre":"Luis Cruz Martínez","jerarquia":5},"geometry":{"type":"LineString","coordinates":[[-70.37504,-23.60211],[-70.37503,-23.60159]]}},{"type":"Feature","properties":{"nombre":"General Óscar Bonilla","jerarquia":4},"geometry":{"type":"LineString","coordinates":[[-70.38296,-23.56727],[-70.38199,-23.56802]]}},{"type":"Feature","properties":{"nombre":"General Óscar Bonilla","jerarquia":4},"geometry":{"type":"LineString","coordinates":[[-70.38199,-23.56802],[-70.38175,-23.5682]]}},{"type":"Feature","properties":{"nombre":"General Óscar Bonilla","jerarquia":4},"geometry":{"type":"LineString","coordinates":[[-70.38175,-23.5682],[-70.38158,-23.56833]]}},{"type":"Feature","properties":{"nombre":"General Óscar Bonilla","jerarquia":4},"geometry":{"type":"LineString","coordinates":[[-70.38158,-23.56833],[-70.38133,-23.56854],[-70.38123,-23.56879]]}},{"type":"Feature","properties":{"nombre":"General Óscar Bonilla","jerarquia":4},"geometry":{"type":"LineString","coordinates":[[-70.38123,-23.56879],[-70.38115,-23.56902]]}},{"type":"Feature","properties":{"nombre":"General Óscar Bonilla","jerarquia":4},"geometry":{"type":"LineString","coordinates":[[-70.38115,-23.56902],[-70.38102,-23.56936]]}},{"type":"Feature","properties":{"nombre":"Vladimir Saavedra","jerarquia":5},"geometry":{"type":"LineString","coordinates":[[-70.37742,-23.57249],[-70.37714,-23.57242]]}},{"type":"Feature","properties":{"nombre":"Los Chungungos","jerarquia":5},"geometry":{"type":"LineString","coordinates":[[-70.37481,-23.57612],[-70.37503,-23.57575]]}},{"type":"Feature","properties":{"nombre":"Los Chungungos","jerarquia":5},"geometry":{"type":"LineString","coordinates":[[-70.37503,-23.57575],[-70.37536,-23.57525]]}},{"type":"Feature","properties":{"nombre":"Los Pumas","jerarquia":5},"geometry":{"type":"LineString","coordinates":[[-70.37506,-23.5762],[-70.37485,-23.57655]]}},{"type":"Feature","properties":{"nombre":"Los Pumas","jerarquia":5},"geometry":{"type":"LineString","coordinates":[[-70.37485,-23.57655],[-70.37463,-23.57705]]}},{"type":"Feature","properties":{"nombre":"Los Pumas","jerarquia":5},"geometry":{"type":"LineString","coordinates":[[-70.37463,-23.57705],[-70.37446,-23.5775]]}},{"type":"Feature","properties":{"nombre":"Mar del Plata","jerarquia":5},"geometry":{"type":"LineString","coordinates":[[-70.41196,-23.69604],[-70.4119,-23.69501]]}},{"type":"Feature","properties":{"nombre":"Mar del Plata","jerarquia":5},"geometry":{"type":"LineString","coordinates":[[-70.4119,-23.69501],[-70.41187,-23.69457]]}},{"type":"Feature","properties":{"nombre":"Mar del Plata","jerarquia":5},"geometry":{"type":"LineString","coordinates":[[-70.41187,-23.69457],[-70.41184,-23.69403]]}},{"type":"Feature","properties":{"nombre":"Lidia Moreno","jerarquia":5},"geometry":{"type":"LineString","coordinates":[[-70.39649,-23.56974],[-70.3958,-23.5697]]}},{"type":"Feature","properties":{"nombre":"","jerarquia":5},"geometry":{"type":"LineString","coordinates":[[-70.39698,-23.57009],[-70.39675,-23.56986],[-70.39649,-23.56974]]}},{"type":"Feature","properties":{"nombre":"","jerarquia":2},"geometry":{"type":"LineString","coordinates":[[-70.39864,-23.56479],[-70.39864,-23.56463],[-70.3985,-23.56455]]}},{"type":"Feature","properties":{"nombre":"","jerarquia":5},"geometry":{"type":"LineString","coordinates":[[-70.39419,-23.56248],[-70.39421,-23.56238]]}},{"type":"Feature","properties":{"nombre":"","jerarquia":5},"geometry":{"type":"LineString","coordinates":[[-70.39205,-23.56225],[-70.39206,-23.56234]]}},{"type":"Feature","properties":{"nombre":"","jerarquia":5},"geometry":{"type":"LineString","coordinates":[[-70.39145,-23.56233],[-70.39146,-23.56224]]}},{"type":"Feature","properties":{"nombre":"Homero Ávila","jerarquia":4},"geometry":{"type":"LineString","coordinates":[[-70.40289,-23.67334],[-70.40198,-23.67377]]}},{"type":"Feature","properties":{"nombre":"Homero Ávila","jerarquia":4},"geometry":{"type":"LineString","coordinates":[[-70.40198,-23.67377],[-70.40188,-23.67382]]}},{"type":"Feature","properties":{"nombre":"Ruta 1","jerarquia":1},"geometry":{"type":"LineString","coordinates":[[-70.43803,-23.41092],[-70.43801,-23.41103]]}},{"type":"Feature","properties":{"nombre":"Ruta 1","jerarquia":1},"geometry":{"type":"LineString","coordinates":[[-70.4382,-23.41033],[-70.43803,-23.41092]]}},{"type":"Feature","properties":{"nombre":"Ruta 1","jerarquia":1},"geometry":{"type":"LineString","coordinates":[[-70.43792,-23.41088],[-70.43804,-23.41046]]}},{"type":"Feature","properties":{"nombre":"Ruta 1","jerarquia":1},"geometry":{"type":"LineString","coordinates":[[-70.43789,-23.41101],[-70.43792,-23.41088]]}},{"type":"Feature","properties":{"nombre":"","jerarquia":4},"geometry":{"type":"LineString","coordinates":[[-70.4183,-23.69487],[-70.4183,-23.69497]]}},{"type":"Feature","properties":{"nombre":"","jerarquia":4},"geometry":{"type":"LineString","coordinates":[[-70.41841,-23.69498],[-70.41842,-23.69488]]}},{"type":"Feature","properties":{"nombre":"","jerarquia":4},"geometry":{"type":"LineString","coordinates":[[-70.41903,-23.69492],[-70.41902,-23.69501]]}},{"type":"Feature","properties":{"nombre":"","jerarquia":4},"geometry":{"type":"LineString","coordinates":[[-70.41912,-23.69502],[-70.41913,-23.69493]]}},{"type":"Feature","properties":{"nombre":"","jerarquia":4},"geometry":{"type":"LineString","coordinates":[[-70.41977,-23.69496],[-70.41976,-23.69506]]}},{"type":"Feature","properties":{"nombre":"Avenida Edmundo Pérez Zujovic","jerarquia":2},"geometry":{"type":"LineString","coordinates":[[-70.39642,-23.62845],[-70.39642,-23.62861]]}},{"type":"Feature","properties":{"nombre":"Avenida Edmundo Pérez Zujovic","jerarquia":2},"geometry":{"type":"LineString","coordinates":[[-70.39642,-23.62861],[-70.39627,-23.63096],[-70.39616,-23.63141],[-70.39585,-23.63222],[-70.3958,-23.63251],[-70.39584,-23.63589]]}},{"type":"Feature","properties":{"nombre":"Avenida Edmundo Pérez Zujovic","jerarquia":2},"geometry":{"type":"LineString","coordinates":[[-70.39584,-23.63589],[-70.39584,-23.63669]]}},{"type":"Feature","properties":{"nombre":"Ruta 1","jerarquia":1},"geometry":{"type":"LineString","coordinates":[[-70.40371,-23.51031],[-70.40446,-23.50894]]}},{"type":"Feature","properties":{"nombre":"Ruta 1","jerarquia":1},"geometry":{"type":"LineString","coordinates":[[-70.40263,-23.51227],[-70.40315,-23.51133]]}},{"type":"Feature","properties":{"nombre":"Ruta 1","jerarquia":1},"geometry":{"type":"LineString","coordinates":[[-70.39925,-23.51845],[-70.40263,-23.51227]]}},{"type":"Feature","properties":{"nombre":"Ruta 1","jerarquia":1},"geometry":{"type":"LineString","coordinates":[[-70.40384,-23.51034],[-70.40322,-23.51146]]}},{"type":"Feature","properties":{"nombre":"Ruta 1","jerarquia":1},"geometry":{"type":"LineString","coordinates":[[-70.40279,-23.51225],[-70.40195,-23.51379]]}},{"type":"Feature","properties":{"nombre":"Ruta 1","jerarquia":1},"geometry":{"type":"LineString","coordinates":[[-70.40195,-23.51379],[-70.39899,-23.5192]]}},{"type":"Feature","properties":{"nombre":"Ruta 1","jerarquia":1},"geometry":{"type":"LineString","coordinates":[[-70.39899,-23.5192],[-70.39868,-23.51976]]}},{"type":"Feature","properties":{"nombre":"Ruta 1","jerarquia":1},"geometry":{"type":"LineString","coordinates":[[-70.39841,-23.51998],[-70.39925,-23.51845]]}},{"type":"Feature","properties":{"nombre":"Caletera Pedro Aguirre Cerda","jerarquia":5},"geometry":{"type":"LineString","coordinates":[[-70.39711,-23.52186],[-70.39737,-23.52137]]}},{"type":"Feature","properties":{"nombre":"Caletera Pedro Aguirre Cerda","jerarquia":5},"geometry":{"type":"LineString","coordinates":[[-70.39716,-23.52315],[-70.39694,-23.52355]]}},{"type":"Feature","properties":{"nombre":"Caletera Pedro Aguirre Cerda","jerarquia":5},"geometry":{"type":"LineString","coordinates":[[-70.39815,-23.52129],[-70.39777,-23.52203]]}},{"type":"Feature","properties":{"nombre":"Caletera Pedro Aguirre Cerda","jerarquia":5},"geometry":{"type":"LineString","coordinates":[[-70.39743,-23.52266],[-70.39716,-23.52315]]}},{"type":"Feature","properties":{"nombre":"Caletera Pedro Aguirre Cerda","jerarquia":5},"geometry":{"type":"LineString","coordinates":[[-70.39601,-23.52387],[-70.39651,-23.52295]]}},{"type":"Feature","properties":{"nombre":"Caletera Pedro Aguirre Cerda","jerarquia":5},"geometry":{"type":"LineString","coordinates":[[-70.39682,-23.5224],[-70.39711,-23.52186]]}},{"type":"Feature","properties":{"nombre":"Ruta 1","jerarquia":1},"geometry":{"type":"LineString","coordinates":[[-70.39584,-23.52493],[-70.39506,-23.52635]]}},{"type":"Feature","properties":{"nombre":"Ruta 1","jerarquia":1},"geometry":{"type":"LineString","coordinates":[[-70.39513,-23.52597],[-70.39548,-23.52533]]}},{"type":"Feature","properties":{"nombre":"Ruta 1","jerarquia":1},"geometry":{"type":"LineString","coordinates":[[-70.39306,-23.53479],[-70.39319,-23.53353]]}},{"type":"Feature","properties":{"nombre":"Ruta 1","jerarquia":1},"geometry":{"type":"LineString","coordinates":[[-70.3928,-23.53723],[-70.39293,-23.536]]}},{"type":"Feature","properties":{"nombre":"Ruta 1","jerarquia":1},"geometry":{"type":"LineString","coordinates":[[-70.39248,-23.54034],[-70.3928,-23.53723]]}},{"type":"Feature","properties":{"nombre":"Ruta 1","jerarquia":1},"geometry":{"type":"LineString","coordinates":[[-70.39307,-23.53589],[-70.39298,-23.53678]]}},{"type":"Feature","properties":{"nombre":"Ruta 1","jerarquia":1},"geometry":{"type":"LineString","coordinates":[[-70.39287,-23.5378],[-70.39272,-23.53925]]}},{"type":"Feature","properties":{"nombre":"Ruta 1","jerarquia":1},"geometry":{"type":"LineString","coordinates":[[-70.39272,-23.53925],[-70.39258,-23.54031]]}},{"type":"Feature","properties":{"nombre":"Ruta 1","jerarquia":1},"geometry":{"type":"LineString","coordinates":[[-70.39258,-23.54031],[-70.39246,-23.54115]]}},{"type":"Feature","properties":{"nombre":"Ruta 1","jerarquia":1},"geometry":{"type":"LineString","coordinates":[[-70.39238,-23.54111],[-70.39248,-23.54034]]}},{"type":"Feature","properties":{"nombre":"Ruta 1","jerarquia":1},"geometry":{"type":"LineString","coordinates":[[-70.39218,-23.54254],[-70.39236,-23.54125]]}},{"type":"Feature","properties":{"nombre":"","jerarquia":2},"geometry":{"type":"LineString","coordinates":[[-70.39404,-23.54711],[-70.39376,-23.54693]]}},{"type":"Feature","properties":{"nombre":"Puerto Natales","jerarquia":5},"geometry":{"type":"LineString","coordinates":[[-70.37659,-23.61719],[-70.37591,-23.61612]]}},{"type":"Feature","properties":{"nombre":"Puerto Natales","jerarquia":5},"geometry":{"type":"LineString","coordinates":[[-70.37591,-23.61612],[-70.37568,-23.61571]]}},{"type":"Feature","properties":{"nombre":"Puerto Natales","jerarquia":5},"geometry":{"type":"LineString","coordinates":[[-70.37568,-23.61571],[-70.37552,-23.61527]]}},{"type":"Feature","properties":{"nombre":"Puerto Natales","jerarquia":5},"geometry":{"type":"LineString","coordinates":[[-70.37552,-23.61527],[-70.37536,-23.61484]]}},{"type":"Feature","properties":{"nombre":"Puerto Natales","jerarquia":5},"geometry":{"type":"LineString","coordinates":[[-70.37536,-23.61484],[-70.37533,-23.61474]]}},{"type":"Feature","properties":{"nombre":"Puerto Natales","jerarquia":5},"geometry":{"type":"LineString","coordinates":[[-70.37533,-23.61474],[-70.37526,-23.61452]]}},{"type":"Feature","properties":{"nombre":"Puerto Natales","jerarquia":5},"geometry":{"type":"LineString","coordinates":[[-70.38133,-23.62468],[-70.38099,-23.62414]]}},{"type":"Feature","properties":{"nombre":"Puerto Natales","jerarquia":5},"geometry":{"type":"LineString","coordinates":[[-70.38099,-23.62414],[-70.38075,-23.62374]]}},{"type":"Feature","properties":{"nombre":"Puerto Natales","jerarquia":5},"geometry":{"type":"LineString","coordinates":[[-70.38075,-23.62374],[-70.38067,-23.62362]]}},{"type":"Feature","properties":{"nombre":"Puerto Natales","jerarquia":5},"geometry":{"type":"LineString","coordinates":[[-70.38067,-23.62362],[-70.38035,-23.62313]]}},{"type":"Feature","properties":{"nombre":"Puerto Natales","jerarquia":5},"geometry":{"type":"LineString","coordinates":[[-70.38035,-23.62313],[-70.38013,-23.62278]]}},{"type":"Feature","properties":{"nombre":"Puerto Natales","jerarquia":5},"geometry":{"type":"LineString","coordinates":[[-70.38013,-23.62278],[-70.3798,-23.62228]]}},{"type":"Feature","properties":{"nombre":"Puerto Natales","jerarquia":5},"geometry":{"type":"LineString","coordinates":[[-70.3798,-23.62228],[-70.37955,-23.62187]]}},{"type":"Feature","properties":{"nombre":"Puerto Natales","jerarquia":5},"geometry":{"type":"LineString","coordinates":[[-70.37955,-23.62187],[-70.37932,-23.62151]]}},{"type":"Feature","properties":{"nombre":"Puerto Natales","jerarquia":5},"geometry":{"type":"LineString","coordinates":[[-70.37932,-23.62151],[-70.37899,-23.621]]}},{"type":"Feature","properties":{"nombre":"Puerto Natales","jerarquia":5},"geometry":{"type":"LineString","coordinates":[[-70.37899,-23.621],[-70.37895,-23.62094]]}},{"type":"Feature","properties":{"nombre":"Avenida Antonio Rendic","jerarquia":4},"geometry":{"type":"LineString","coordinates":[[-70.3883,-23.6041],[-70.38838,-23.60403]]}},{"type":"Feature","properties":{"nombre":"Avenida Antonio Rendic","jerarquia":4},"geometry":{"type":"LineString","coordinates":[[-70.38816,-23.60433],[-70.38824,-23.60418]]}},{"type":"Feature","properties":{"nombre":"Avenida Antonio Rendic","jerarquia":4},"geometry":{"type":"LineString","coordinates":[[-70.38824,-23.60418],[-70.3883,-23.6041]]}},{"type":"Feature","properties":{"nombre":"","jerarquia":4},"geometry":{"type":"LineString","coordinates":[[-70.38816,-23.60433],[-70.38808,-23.60399]]}},{"type":"Feature","properties":{"nombre":"Avenida Antonio Rendic","jerarquia":4},"geometry":{"type":"LineString","coordinates":[[-70.38288,-23.61219],[-70.38278,-23.61238]]}},{"type":"Feature","properties":{"nombre":"Avenida Antonio Rendic","jerarquia":4},"geometry":{"type":"LineString","coordinates":[[-70.38278,-23.61238],[-70.38271,-23.6125]]}},{"type":"Feature","properties":{"nombre":"Avenida Antonio Rendic","jerarquia":4},"geometry":{"type":"LineString","coordinates":[[-70.38262,-23.61246],[-70.38288,-23.61219]]}},{"type":"Feature","properties":{"nombre":"Avenida Antonio Rendic","jerarquia":4},"geometry":{"type":"LineString","coordinates":[[-70.38211,-23.61339],[-70.38246,-23.6127]]}},{"type":"Feature","properties":{"nombre":"Avenida Antonio Rendic","jerarquia":4},"geometry":{"type":"LineString","coordinates":[[-70.38246,-23.6127],[-70.38254,-23.61259]]}},{"type":"Feature","properties":{"nombre":"Avenida Antonio Rendic","jerarquia":4},"geometry":{"type":"LineString","coordinates":[[-70.38254,-23.61259],[-70.38258,-23.61253]]}},{"type":"Feature","properties":{"nombre":"Avenida Antonio Rendic","jerarquia":4},"geometry":{"type":"LineString","coordinates":[[-70.38258,-23.61253],[-70.38262,-23.61246]]}},{"type":"Feature","properties":{"nombre":"Avenida Antonio Rendic","jerarquia":4},"geometry":{"type":"LineString","coordinates":[[-70.38288,-23.61219],[-70.38297,-23.61207]]}},{"type":"Feature","properties":{"nombre":"Avenida Antonio Rendic","jerarquia":4},"geometry":{"type":"LineString","coordinates":[[-70.38297,-23.61207],[-70.383,-23.61203]]}},{"type":"Feature","properties":{"nombre":"Avenida Antonio Rendic","jerarquia":4},"geometry":{"type":"LineString","coordinates":[[-70.383,-23.61203],[-70.38357,-23.61118]]}},{"type":"Feature","properties":{"nombre":"Avenida Antonio Rendic","jerarquia":4},"geometry":{"type":"LineString","coordinates":[[-70.38357,-23.61118],[-70.38367,-23.61102]]}},{"type":"Feature","properties":{"nombre":"Avenida Antonio Rendic","jerarquia":4},"geometry":{"type":"LineString","coordinates":[[-70.38367,-23.61102],[-70.38385,-23.61076]]}},{"type":"Feature","properties":{"nombre":"Avenida Antonio Rendic","jerarquia":4},"geometry":{"type":"LineString","coordinates":[[-70.38385,-23.61076],[-70.38393,-23.61064]]}},{"type":"Feature","properties":{"nombre":"Avenida Antonio Rendic","jerarquia":4},"geometry":{"type":"LineString","coordinates":[[-70.38393,-23.61064],[-70.38409,-23.61037]]}},{"type":"Feature","properties":{"nombre":"Avenida Antonio Rendic","jerarquia":4},"geometry":{"type":"LineString","coordinates":[[-70.38409,-23.61037],[-70.38439,-23.60996]]}},{"type":"Feature","properties":{"nombre":"Avenida Antonio Rendic","jerarquia":4},"geometry":{"type":"LineString","coordinates":[[-70.38439,-23.60996],[-70.38441,-23.60993]]}},{"type":"Feature","properties":{"nombre":"Avenida Antonio Rendic","jerarquia":4},"geometry":{"type":"LineString","coordinates":[[-70.38441,-23.60993],[-70.38445,-23.60984]]}},{"type":"Feature","properties":{"nombre":"General Óscar Bonilla","jerarquia":5},"geometry":{"type":"LineString","coordinates":[[-70.37978,-23.60358],[-70.37976,-23.60334]]}},{"type":"Feature","properties":{"nombre":"General Óscar Bonilla","jerarquia":5},"geometry":{"type":"LineString","coordinates":[[-70.37897,-23.611],[-70.37901,-23.61056]]}},{"type":"Feature","properties":{"nombre":"General Óscar Bonilla","jerarquia":5},"geometry":{"type":"LineString","coordinates":[[-70.37901,-23.61056],[-70.37906,-23.61009]]}},{"type":"Feature","properties":{"nombre":"General Óscar Bonilla","jerarquia":5},"geometry":{"type":"LineString","coordinates":[[-70.37906,-23.61009],[-70.37915,-23.60948]]}},{"type":"Feature","properties":{"nombre":"General Óscar Bonilla","jerarquia":5},"geometry":{"type":"LineString","coordinates":[[-70.37915,-23.60948],[-70.37925,-23.60838]]}},{"type":"Feature","properties":{"nombre":"General Óscar Bonilla","jerarquia":5},"geometry":{"type":"LineString","coordinates":[[-70.37925,-23.60838],[-70.37929,-23.60796]]}},{"type":"Feature","properties":{"nombre":"General Óscar Bonilla","jerarquia":5},"geometry":{"type":"LineString","coordinates":[[-70.37929,-23.60796],[-70.37933,-23.60756]]}},{"type":"Feature","properties":{"nombre":"General Óscar Bonilla","jerarquia":5},"geometry":{"type":"LineString","coordinates":[[-70.37933,-23.60756],[-70.37937,-23.60693]]}},{"type":"Feature","properties":{"nombre":"General Óscar Bonilla","jerarquia":5},"geometry":{"type":"LineString","coordinates":[[-70.37937,-23.60693],[-70.37942,-23.60647]]}},{"type":"Feature","properties":{"nombre":"General Óscar Bonilla","jerarquia":5},"geometry":{"type":"LineString","coordinates":[[-70.37942,-23.60647],[-70.37947,-23.60601]]}},{"type":"Feature","properties":{"nombre":"General Óscar Bonilla","jerarquia":5},"geometry":{"type":"LineString","coordinates":[[-70.37947,-23.60601],[-70.37955,-23.60533]]}},{"type":"Feature","properties":{"nombre":"General Óscar Bonilla","jerarquia":5},"geometry":{"type":"LineString","coordinates":[[-70.37955,-23.60533],[-70.37966,-23.6047]]}},{"type":"Feature","properties":{"nombre":"General Óscar Bonilla","jerarquia":5},"geometry":{"type":"LineString","coordinates":[[-70.37966,-23.6047],[-70.37973,-23.60418]]}},{"type":"Feature","properties":{"nombre":"General Óscar Bonilla","jerarquia":5},"geometry":{"type":"LineString","coordinates":[[-70.37973,-23.60418],[-70.37977,-23.60376]]}},{"type":"Feature","properties":{"nombre":"General Óscar Bonilla","jerarquia":5},"geometry":{"type":"LineString","coordinates":[[-70.37977,-23.60376],[-70.37977,-23.60366]]}},{"type":"Feature","properties":{"nombre":"General Óscar Bonilla","jerarquia":5},"geometry":{"type":"LineString","coordinates":[[-70.37977,-23.60366],[-70.37978,-23.60358]]}},{"type":"Feature","properties":{"nombre":"Irarrázabal","jerarquia":4},"geometry":{"type":"LineString","coordinates":[[-70.37956,-23.60356],[-70.37968,-23.60357]]}},{"type":"Feature","properties":{"nombre":"Irarrázabal","jerarquia":4},"geometry":{"type":"LineString","coordinates":[[-70.37968,-23.60357],[-70.37978,-23.60358]]}},{"type":"Feature","properties":{"nombre":"Irarrázabal","jerarquia":4},"geometry":{"type":"LineString","coordinates":[[-70.37766,-23.60347],[-70.37814,-23.60348]]}},{"type":"Feature","properties":{"nombre":"Irarrázabal","jerarquia":4},"geometry":{"type":"LineString","coordinates":[[-70.37814,-23.60348],[-70.37854,-23.60349]]}},{"type":"Feature","properties":{"nombre":"Irarrázabal","jerarquia":4},"geometry":{"type":"LineString","coordinates":[[-70.37854,-23.60349],[-70.37938,-23.60353]]}},{"type":"Feature","properties":{"nombre":"Irarrázabal","jerarquia":4},"geometry":{"type":"LineString","coordinates":[[-70.37938,-23.60353],[-70.37956,-23.60356]]}},{"type":"Feature","properties":{"nombre":"Irarrázabal","jerarquia":5},"geometry":{"type":"LineString","coordinates":[[-70.37742,-23.60347],[-70.37757,-23.60347]]}},{"type":"Feature","properties":{"nombre":"Irarrázabal","jerarquia":5},"geometry":{"type":"LineString","coordinates":[[-70.37757,-23.60347],[-70.37766,-23.60347]]}},{"type":"Feature","properties":{"nombre":"Irarrázabal","jerarquia":4},"geometry":{"type":"LineString","coordinates":[[-70.37789,-23.60354],[-70.37776,-23.60354]]}},{"type":"Feature","properties":{"nombre":"Irarrázabal","jerarquia":4},"geometry":{"type":"LineString","coordinates":[[-70.37776,-23.60354],[-70.37768,-23.60354]]}},{"type":"Feature","properties":{"nombre":"Avenida Los Leones","jerarquia":4},"geometry":{"type":"LineString","coordinates":[[-70.37766,-23.60347],[-70.37768,-23.60354]]}},{"type":"Feature","properties":{"nombre":"Avenida Los Leones","jerarquia":4},"geometry":{"type":"LineString","coordinates":[[-70.37761,-23.60328],[-70.37766,-23.60347]]}},{"type":"Feature","properties":{"nombre":"Avenida Los Leones","jerarquia":4},"geometry":{"type":"LineString","coordinates":[[-70.37768,-23.60354],[-70.3777,-23.60364]]}},{"type":"Feature","properties":{"nombre":"Avenida Los Leones","jerarquia":4},"geometry":{"type":"LineString","coordinates":[[-70.3777,-23.60364],[-70.37771,-23.6037]]}},{"type":"Feature","properties":{"nombre":"Avenida Los Leones","jerarquia":4},"geometry":{"type":"LineString","coordinates":[[-70.37771,-23.6037],[-70.37774,-23.604]]}},{"type":"Feature","properties":{"nombre":"Avenida Los Leones","jerarquia":4},"geometry":{"type":"LineString","coordinates":[[-70.37774,-23.604],[-70.37775,-23.60472]]}},{"type":"Feature","properties":{"nombre":"Avenida Los Leones","jerarquia":4},"geometry":{"type":"LineString","coordinates":[[-70.37775,-23.60472],[-70.37775,-23.60514]]}},{"type":"Feature","properties":{"nombre":"Avenida Los Leones","jerarquia":4},"geometry":{"type":"LineString","coordinates":[[-70.37775,-23.60514],[-70.37776,-23.60519]]}},{"type":"Feature","properties":{"nombre":"Avenida Los Leones","jerarquia":4},"geometry":{"type":"LineString","coordinates":[[-70.37776,-23.60519],[-70.37776,-23.60567]]}},{"type":"Feature","properties":{"nombre":"Avenida Los Leones","jerarquia":4},"geometry":{"type":"LineString","coordinates":[[-70.37776,-23.60567],[-70.37776,-23.60588]]}},{"type":"Feature","properties":{"nombre":"Avenida Los Leones","jerarquia":4},"geometry":{"type":"LineString","coordinates":[[-70.37776,-23.60588],[-70.37777,-23.60629]]}},{"type":"Feature","properties":{"nombre":"Avenida Los Leones","jerarquia":4},"geometry":{"type":"LineString","coordinates":[[-70.37777,-23.60629],[-70.37777,-23.60633]]}},{"type":"Feature","properties":{"nombre":"Avenida Los Leones","jerarquia":4},"geometry":{"type":"LineString","coordinates":[[-70.37777,-23.60633],[-70.37778,-23.60698]]}},{"type":"Feature","properties":{"nombre":"Avenida Los Leones","jerarquia":4},"geometry":{"type":"LineString","coordinates":[[-70.37778,-23.60698],[-70.37776,-23.6074],[-70.37768,-23.60784]]}},{"type":"Feature","properties":{"nombre":"Sierra Nevada","jerarquia":5},"geometry":{"type":"LineString","coordinates":[[-70.3887,-23.55903],[-70.3887,-23.55894]]}},{"type":"Feature","properties":{"nombre":"Ruta 1","jerarquia":1},"geometry":{"type":"LineString","coordinates":[[-70.39203,-23.54374],[-70.39218,-23.54254]]}},{"type":"Feature","properties":{"nombre":"Ruta 1","jerarquia":1},"geometry":{"type":"LineString","coordinates":[[-70.39231,-23.54238],[-70.39213,-23.54373]]}},{"type":"Feature","properties":{"nombre":"Avenida Pedro Aguirre Cerda","jerarquia":3},"geometry":{"type":"LineString","coordinates":[[-70.39032,-23.58329],[-70.39051,-23.58125]]}},{"type":"Feature","properties":{"nombre":"Avenida Pedro Aguirre Cerda","jerarquia":3},"geometry":{"type":"LineString","coordinates":[[-70.39051,-23.58125],[-70.39052,-23.58114]]}},{"type":"Feature","properties":{"nombre":"Avenida Pedro Aguirre Cerda","jerarquia":3},"geometry":{"type":"LineString","coordinates":[[-70.39052,-23.58114],[-70.39056,-23.58063]]}},{"type":"Feature","properties":{"nombre":"Avenida Pedro Aguirre Cerda","jerarquia":5},"geometry":{"type":"LineString","coordinates":[[-70.39069,-23.57827],[-70.3907,-23.57819]]}},{"type":"Feature","properties":{"nombre":"Avenida Pedro Aguirre Cerda","jerarquia":5},"geometry":{"type":"LineString","coordinates":[[-70.3907,-23.57819],[-70.3907,-23.57813]]}},{"type":"Feature","properties":{"nombre":"Santiago Humberstone","jerarquia":4},"geometry":{"type":"LineString","coordinates":[[-70.39592,-23.56605],[-70.39628,-23.56608]]}},{"type":"Feature","properties":{"nombre":"Santiago Humberstone","jerarquia":4},"geometry":{"type":"LineString","coordinates":[[-70.39628,-23.56608],[-70.39702,-23.56615]]}},{"type":"Feature","properties":{"nombre":"Santiago Humberstone","jerarquia":4},"geometry":{"type":"LineString","coordinates":[[-70.39702,-23.56615],[-70.39748,-23.56619]]}},{"type":"Feature","properties":{"nombre":"Santiago Humberstone","jerarquia":4},"geometry":{"type":"LineString","coordinates":[[-70.39539,-23.56597],[-70.39537,-23.56614]]}},{"type":"Feature","properties":{"nombre":"Santiago Humberstone","jerarquia":4},"geometry":{"type":"LineString","coordinates":[[-70.39798,-23.56639],[-70.39789,-23.56636]]}},{"type":"Feature","properties":{"nombre":"Santiago Humberstone","jerarquia":4},"geometry":{"type":"LineString","coordinates":[[-70.39789,-23.56636],[-70.39762,-23.56632]]}},{"type":"Feature","properties":{"nombre":"Santiago Humberstone","jerarquia":4},"geometry":{"type":"LineString","coordinates":[[-70.39762,-23.56632],[-70.39566,-23.56613],[-70.39537,-23.56614]]}},{"type":"Feature","properties":{"nombre":"","jerarquia":5},"geometry":{"type":"LineString","coordinates":[[-70.39816,-23.56263],[-70.39823,-23.56276]]}},{"type":"Feature","properties":{"nombre":"Avenida de la Minería","jerarquia":2},"geometry":{"type":"LineString","coordinates":[[-70.42051,-23.69802],[-70.4195,-23.69851]]}},{"type":"Feature","properties":{"nombre":"Avenida de la Minería","jerarquia":2},"geometry":{"type":"LineString","coordinates":[[-70.41925,-23.69816],[-70.42018,-23.6976]]}},{"type":"Feature","properties":{"nombre":"Avenida de la Minería","jerarquia":2},"geometry":{"type":"LineString","coordinates":[[-70.42069,-23.69728],[-70.42103,-23.69701],[-70.42124,-23.69677]]}},{"type":"Feature","properties":{"nombre":"Avenida Universidad de Antofagasta","jerarquia":4},"geometry":{"type":"LineString","coordinates":[[-70.42174,-23.69772],[-70.42156,-23.6974]]}},{"type":"Feature","properties":{"nombre":"Avenida Ejército","jerarquia":2},"geometry":{"type":"LineString","coordinates":[[-70.4216,-23.69586],[-70.42159,-23.69537]]}},{"type":"Feature","properties":{"nombre":"Avenida Ejército","jerarquia":2},"geometry":{"type":"LineString","coordinates":[[-70.42159,-23.69537],[-70.42156,-23.69519]]}},{"type":"Feature","properties":{"nombre":"Avenida de la Minería","jerarquia":2},"geometry":{"type":"LineString","coordinates":[[-70.41121,-23.6998],[-70.41088,-23.69974]]}},{"type":"Feature","properties":{"nombre":"Avenida Argentina","jerarquia":3},"geometry":{"type":"LineString","coordinates":[[-70.41214,-23.70031],[-70.41214,-23.70019]]}},{"type":"Feature","properties":{"nombre":"Avenida Argentina","jerarquia":3},"geometry":{"type":"LineString","coordinates":[[-70.41214,-23.70019],[-70.41214,-23.70013]]}},{"type":"Feature","properties":{"nombre":"Arturo Pérez Canto","jerarquia":4},"geometry":{"type":"LineString","coordinates":[[-70.38195,-23.57582],[-70.38107,-23.57575]]}},{"type":"Feature","properties":{"nombre":"Arturo Pérez Canto","jerarquia":4},"geometry":{"type":"LineString","coordinates":[[-70.38107,-23.57575],[-70.3808,-23.57572]]}},{"type":"Feature","properties":{"nombre":"Arturo Pérez Canto","jerarquia":4},"geometry":{"type":"LineString","coordinates":[[-70.3808,-23.57572],[-70.38064,-23.57571]]}},{"type":"Feature","properties":{"nombre":"Arturo Pérez Canto","jerarquia":4},"geometry":{"type":"LineString","coordinates":[[-70.38064,-23.57571],[-70.37985,-23.57563],[-70.37977,-23.57558]]}},{"type":"Feature","properties":{"nombre":"Arturo Pérez Canto","jerarquia":4},"geometry":{"type":"LineString","coordinates":[[-70.39105,-23.57656],[-70.39116,-23.57659],[-70.3912,-23.57668]]}},{"type":"Feature","properties":{"nombre":"Acceso a Aeropuerto Andrés Sabella","jerarquia":5},"geometry":{"type":"LineString","coordinates":[[-70.43896,-23.45065],[-70.4386,-23.45071]]}},{"type":"Feature","properties":{"nombre":"","jerarquia":3},"geometry":{"type":"LineString","coordinates":[[-70.39083,-23.57774],[-70.39075,-23.57755]]}},{"type":"Feature","properties":{"nombre":"Ruta 26","jerarquia":2},"geometry":{"type":"LineString","coordinates":[[-70.30992,-23.62379],[-70.30882,-23.62319],[-70.30787,-23.62284],[-70.30687,-23.62262],[-70.30487,-23.62235],[-70.3037,-23.62231],[-70.30286,-23.62238],[-70.30177,-23.62259],[-70.30064,-23.62293]]}},{"type":"Feature","properties":{"nombre":"","jerarquia":2},"geometry":{"type":"LineString","coordinates":[[-70.30036,-23.62271],[-70.30052,-23.62272],[-70.30062,-23.62288]]}},{"type":"Feature","properties":{"nombre":"","jerarquia":2},"geometry":{"type":"LineString","coordinates":[[-70.30062,-23.62288],[-70.30064,-23.62293]]}},{"type":"Feature","properties":{"nombre":"Ruta Minera","jerarquia":5},"geometry":{"type":"LineString","coordinates":[[-70.30515,-23.77195],[-70.30418,-23.77178]]}},{"type":"Feature","properties":{"nombre":"Ruta Minera","jerarquia":5},"geometry":{"type":"LineString","coordinates":[[-70.31182,-23.77468],[-70.31009,-23.77328]]}},{"type":"Feature","properties":{"nombre":"Ruta Minera","jerarquia":5},"geometry":{"type":"LineString","coordinates":[[-70.31009,-23.77328],[-70.30952,-23.77284],[-70.30886,-23.77257],[-70.30515,-23.77195]]}},{"type":"Feature","properties":{"nombre":"Ruta B-510","jerarquia":5},"geometry":{"type":"LineString","coordinates":[[-70.31372,-23.83396],[-70.3138,-23.83396]]}},{"type":"Feature","properties":{"nombre":"Ruta B-510","jerarquia":5},"geometry":{"type":"LineString","coordinates":[[-70.3138,-23.83396],[-70.31424,-23.83396]]}},{"type":"Feature","properties":{"nombre":"Ruta 5 Norte","jerarquia":2},"geometry":{"type":"LineString","coordinates":[[-70.31372,-23.83396],[-70.31374,-23.83346]]}},{"type":"Feature","properties":{"nombre":"Ruta 5 Norte","jerarquia":2},"geometry":{"type":"LineString","coordinates":[[-70.3151,-23.8134],[-70.31589,-23.80163]]}},{"type":"Feature","properties":{"nombre":"Ruta 5 Norte","jerarquia":2},"geometry":{"type":"LineString","coordinates":[[-70.31589,-23.80163],[-70.31613,-23.79817]]}},{"type":"Feature","properties":{"nombre":"Ruta 5 Norte","jerarquia":2},"geometry":{"type":"LineString","coordinates":[[-70.31613,-23.79817],[-70.31621,-23.79695]]}},{"type":"Feature","properties":{"nombre":"Ruta 5 Norte","jerarquia":2},"geometry":{"type":"LineString","coordinates":[[-70.31621,-23.79695],[-70.31624,-23.79658]]}},{"type":"Feature","properties":{"nombre":"Ruta 5 Norte","jerarquia":2},"geometry":{"type":"LineString","coordinates":[[-70.31624,-23.79658],[-70.31626,-23.79627]]}},{"type":"Feature","properties":{"nombre":"","jerarquia":5},"geometry":{"type":"LineString","coordinates":[[-70.41348,-23.78913],[-70.41376,-23.78922],[-70.41392,-23.78922]]}},{"type":"Feature","properties":{"nombre":"Ruta B-510","jerarquia":5},"geometry":{"type":"LineString","coordinates":[[-70.41343,-23.7893],[-70.41252,-23.78945]]}},{"type":"Feature","properties":{"nombre":"Ruta B-510","jerarquia":5},"geometry":{"type":"LineString","coordinates":[[-70.41392,-23.78922],[-70.41343,-23.7893]]}},{"type":"Feature","properties":{"nombre":"","jerarquia":5},"geometry":{"type":"LineString","coordinates":[[-70.41348,-23.78913],[-70.41343,-23.7893]]}},{"type":"Feature","properties":{"nombre":"Ruta B-510","jerarquia":5},"geometry":{"type":"LineString","coordinates":[[-70.41252,-23.78945],[-70.41314,-23.78922],[-70.41337,-23.78909]]}},{"type":"Feature","properties":{"nombre":"Ruta B-510","jerarquia":5},"geometry":{"type":"LineString","coordinates":[[-70.39507,-23.80657],[-70.3953,-23.80641],[-70.39616,-23.80554],[-70.39721,-23.80509],[-70.39741,-23.80492],[-70.39752,-23.80475],[-70.3976,-23.80431],[-70.3974,-23.8039],[-70.39738,-23.8037],[-70.39744,-23.80344],[-70.39791,-23.80284],[-70.39851,-23.8024],[-70.39899,-23.80217],[-70.39994,-23.8016],[-70.40217,-23.80083],[-70.40257,-23.80063],[-70.40285,-23.80038],[-70.40335,-23.79973],[-70.40387,-23.79914]]}},{"type":"Feature","properties":{"nombre":"Ruta B-510","jerarquia":5},"geometry":{"type":"LineString","coordinates":[[-70.40387,-23.79914],[-70.40504,-23.79789],[-70.40566,-23.79712],[-70.40692,-23.79571]]}},{"type":"Feature","properties":{"nombre":"Ruta B-510","jerarquia":5},"geometry":{"type":"LineString","coordinates":[[-70.39458,-23.80697],[-70.39476,-23.80668],[-70.39507,-23.80657]]}},{"type":"Feature","properties":{"nombre":"Ruta B-510","jerarquia":5},"geometry":{"type":"LineString","coordinates":[[-70.39507,-23.80657],[-70.39458,-23.80697]]}},{"type":"Feature","properties":{"nombre":"Avenida Argentina","jerarquia":3},"geometry":{"type":"LineString","coordinates":[[-70.41215,-23.69844],[-70.41218,-23.69851]]}},{"type":"Feature","properties":{"nombre":"Avenida Argentina","jerarquia":3},"geometry":{"type":"LineString","coordinates":[[-70.41218,-23.69851],[-70.41222,-23.69879]]}},{"type":"Feature","properties":{"nombre":"Avenida Angamos","jerarquia":4},"geometry":{"type":"LineString","coordinates":[[-70.41208,-23.69849],[-70.41215,-23.69844]]}},{"type":"Feature","properties":{"nombre":"Avenida Angamos","jerarquia":4},"geometry":{"type":"LineString","coordinates":[[-70.41218,-23.69851],[-70.41208,-23.69849]]}},{"type":"Feature","properties":{"nombre":"Mar del Plata","jerarquia":5},"geometry":{"type":"LineString","coordinates":[[-70.41167,-23.69772],[-70.41172,-23.69742]]}},{"type":"Feature","properties":{"nombre":"Mar del Plata","jerarquia":5},"geometry":{"type":"LineString","coordinates":[[-70.41164,-23.69788],[-70.41167,-23.69772]]}},{"type":"Feature","properties":{"nombre":"Avenida Sargento Aldea","jerarquia":3},"geometry":{"type":"LineString","coordinates":[[-70.39133,-23.62198],[-70.39235,-23.62247]]}},{"type":"Feature","properties":{"nombre":"Avenida Sargento Aldea","jerarquia":3},"geometry":{"type":"LineString","coordinates":[[-70.39235,-23.62247],[-70.39303,-23.62278]]}},{"type":"Feature","properties":{"nombre":"Avenida Sargento Aldea","jerarquia":3},"geometry":{"type":"LineString","coordinates":[[-70.39092,-23.62178],[-70.39133,-23.62198]]}},{"type":"Feature","properties":{"nombre":"Pisagua","jerarquia":4},"geometry":{"type":"LineString","coordinates":[[-70.39015,-23.6217],[-70.39007,-23.62171]]}},{"type":"Feature","properties":{"nombre":"Avenida Sargento Aldea","jerarquia":3},"geometry":{"type":"LineString","coordinates":[[-70.39042,-23.62171],[-70.39016,-23.62158]]}},{"type":"Feature","properties":{"nombre":"Avenida Sargento Aldea","jerarquia":3},"geometry":{"type":"LineString","coordinates":[[-70.39016,-23.62158],[-70.39011,-23.62155]]}},{"type":"Feature","properties":{"nombre":"Pisagua","jerarquia":4},"geometry":{"type":"LineString","coordinates":[[-70.39012,-23.62159],[-70.39016,-23.62158]]}},{"type":"Feature","properties":{"nombre":"Avenida Pedro Aguirre Cerda","jerarquia":5},"geometry":{"type":"LineString","coordinates":[[-70.39012,-23.62159],[-70.39015,-23.6217]]}},{"type":"Feature","properties":{"nombre":"Pisagua","jerarquia":4},"geometry":{"type":"LineString","coordinates":[[-70.38974,-23.62176],[-70.39005,-23.62162]]}},{"type":"Feature","properties":{"nombre":"Avenida Pedro Aguirre Cerda","jerarquia":5},"geometry":{"type":"LineString","coordinates":[[-70.39015,-23.6217],[-70.39025,-23.62219]]}},{"type":"Feature","properties":{"nombre":"Avenida Pedro Aguirre Cerda","jerarquia":5},"geometry":{"type":"LineString","coordinates":[[-70.39007,-23.62171],[-70.39005,-23.62162]]}},{"type":"Feature","properties":{"nombre":"Avenida Pedro Aguirre Cerda","jerarquia":5},"geometry":{"type":"LineString","coordinates":[[-70.39025,-23.62219],[-70.3903,-23.62249]]}},{"type":"Feature","properties":{"nombre":"Illapel","jerarquia":5},"geometry":{"type":"LineString","coordinates":[[-70.39095,-23.62485],[-70.39085,-23.62433]]}},{"type":"Feature","properties":{"nombre":"Avenida Mejillones","jerarquia":5},"geometry":{"type":"LineString","coordinates":[[-70.39085,-23.62433],[-70.39114,-23.62482]]}},{"type":"Feature","properties":{"nombre":"Avenida Mejillones","jerarquia":5},"geometry":{"type":"LineString","coordinates":[[-70.3903,-23.62268],[-70.39058,-23.62378]]}},{"type":"Feature","properties":{"nombre":"Avenida Mejillones","jerarquia":5},"geometry":{"type":"LineString","coordinates":[[-70.39058,-23.62378],[-70.39085,-23.62433]]}},{"type":"Feature","properties":{"nombre":"Pasaje Elqui","jerarquia":3},"geometry":{"type":"LineString","coordinates":[[-70.39332,-23.62297],[-70.39324,-23.62288]]}},{"type":"Feature","properties":{"nombre":"Pasaje Elqui","jerarquia":3},"geometry":{"type":"LineString","coordinates":[[-70.39324,-23.62288],[-70.39322,-23.6227]]}},{"type":"Feature","properties":{"nombre":"Avenida Edmundo Pérez Zujovic","jerarquia":2},"geometry":{"type":"LineString","coordinates":[[-70.39396,-23.6222],[-70.39383,-23.622]]}},{"type":"Feature","properties":{"nombre":"Avenida Edmundo Pérez Zujovic","jerarquia":2},"geometry":{"type":"LineString","coordinates":[[-70.39416,-23.62251],[-70.39403,-23.6223]]}},{"type":"Feature","properties":{"nombre":"Avenida Edmundo Pérez Zujovic","jerarquia":2},"geometry":{"type":"LineString","coordinates":[[-70.39403,-23.6223],[-70.39396,-23.6222]]}},{"type":"Feature","properties":{"nombre":"","jerarquia":3},"geometry":{"type":"LineString","coordinates":[[-70.39292,-23.6228],[-70.39297,-23.62279]]}},{"type":"Feature","properties":{"nombre":"","jerarquia":3},"geometry":{"type":"LineString","coordinates":[[-70.39297,-23.62279],[-70.39303,-23.62278]]}},{"type":"Feature","properties":{"nombre":"Iquique","jerarquia":3},"geometry":{"type":"LineString","coordinates":[[-70.39262,-23.62291],[-70.3926,-23.62319]]}},{"type":"Feature","properties":{"nombre":"Iquique","jerarquia":3},"geometry":{"type":"LineString","coordinates":[[-70.39255,-23.6227],[-70.39262,-23.62291]]}},{"type":"Feature","properties":{"nombre":"Avenida Sargento Aldea","jerarquia":3},"geometry":{"type":"LineString","coordinates":[[-70.39255,-23.6227],[-70.39233,-23.62266],[-70.39217,-23.62258]]}},{"type":"Feature","properties":{"nombre":"Avenida Sargento Aldea","jerarquia":3},"geometry":{"type":"LineString","coordinates":[[-70.39341,-23.62301],[-70.39332,-23.62297]]}},{"type":"Feature","properties":{"nombre":"Avenida Sargento Aldea","jerarquia":3},"geometry":{"type":"LineString","coordinates":[[-70.39332,-23.62297],[-70.39302,-23.62284]]}},{"type":"Feature","properties":{"nombre":"Avenida Sargento Aldea","jerarquia":3},"geometry":{"type":"LineString","coordinates":[[-70.39302,-23.62284],[-70.39292,-23.6228]]}},{"type":"Feature","properties":{"nombre":"Avenida Sargento Aldea","jerarquia":3},"geometry":{"type":"LineString","coordinates":[[-70.39511,-23.62393],[-70.39457,-23.62355]]}},{"type":"Feature","properties":{"nombre":"Avenida Sargento Aldea","jerarquia":3},"geometry":{"type":"LineString","coordinates":[[-70.39457,-23.62355],[-70.39341,-23.62301]]}},{"type":"Feature","properties":{"nombre":"Avenida Sargento Aldea","jerarquia":3},"geometry":{"type":"LineString","coordinates":[[-70.39217,-23.62258],[-70.39206,-23.62247],[-70.39168,-23.62225],[-70.39092,-23.62192]]}},{"type":"Feature","properties":{"nombre":"Avenida Sargento Aldea","jerarquia":3},"geometry":{"type":"LineString","coordinates":[[-70.39092,-23.62192],[-70.39067,-23.6218]]}},{"type":"Feature","properties":{"nombre":"Avenida Sargento Aldea","jerarquia":3},"geometry":{"type":"LineString","coordinates":[[-70.39067,-23.6218],[-70.39042,-23.62171]]}},{"type":"Feature","properties":{"nombre":"Irarrázabal","jerarquia":4},"geometry":{"type":"LineString","coordinates":[[-70.38891,-23.60421],[-70.38841,-23.60413]]}},{"type":"Feature","properties":{"nombre":"Irarrázabal","jerarquia":4},"geometry":{"type":"LineString","coordinates":[[-70.38841,-23.60413],[-70.3883,-23.6041]]}},{"type":"Feature","properties":{"nombre":"Irarrázabal","jerarquia":4},"geometry":{"type":"LineString","coordinates":[[-70.38838,-23.60403],[-70.38892,-23.60413]]}},{"type":"Feature","properties":{"nombre":"Avenida Pedro Aguirre Cerda","jerarquia":3},"geometry":{"type":"LineString","coordinates":[[-70.38919,-23.60276],[-70.38901,-23.60421]]}},{"type":"Feature","properties":{"nombre":"Avenida Pedro Aguirre Cerda","jerarquia":3},"geometry":{"type":"LineString","coordinates":[[-70.38901,-23.60421],[-70.38895,-23.60503],[-70.38894,-23.60612]]}},{"type":"Feature","properties":{"nombre":"Avenida Pedro Aguirre Cerda","jerarquia":3},"geometry":{"type":"LineString","coordinates":[[-70.38894,-23.60612],[-70.38893,-23.6063]]}},{"type":"Feature","properties":{"nombre":"Avenida Pedro Aguirre Cerda","jerarquia":3},"geometry":{"type":"LineString","coordinates":[[-70.38893,-23.6063],[-70.38886,-23.60704]]}},{"type":"Feature","properties":{"nombre":"Avenida Pedro Aguirre Cerda","jerarquia":3},"geometry":{"type":"LineString","coordinates":[[-70.38886,-23.60704],[-70.3888,-23.60786]]}},{"type":"Feature","properties":{"nombre":"Avenida Pedro Aguirre Cerda","jerarquia":3},"geometry":{"type":"LineString","coordinates":[[-70.3888,-23.60786],[-70.38871,-23.60906]]}},{"type":"Feature","properties":{"nombre":"Irarrázabal","jerarquia":4},"geometry":{"type":"LineString","coordinates":[[-70.38901,-23.60421],[-70.38891,-23.60421]]}},{"type":"Feature","properties":{"nombre":"Avenida Pedro Aguirre Cerda","jerarquia":3},"geometry":{"type":"LineString","coordinates":[[-70.38891,-23.60421],[-70.38892,-23.60413]]}},{"type":"Feature","properties":{"nombre":"Irarrázabal","jerarquia":4},"geometry":{"type":"LineString","coordinates":[[-70.38892,-23.60413],[-70.38901,-23.60421]]}},{"type":"Feature","properties":{"nombre":"Avenida Pedro Aguirre Cerda","jerarquia":3},"geometry":{"type":"LineString","coordinates":[[-70.38892,-23.60413],[-70.38907,-23.60302]]}},{"type":"Feature","properties":{"nombre":"Avenida Pedro Aguirre Cerda","jerarquia":3},"geometry":{"type":"LineString","coordinates":[[-70.38907,-23.60302],[-70.38909,-23.60282]]}},{"type":"Feature","properties":{"nombre":"Avenida Antonio Rendic","jerarquia":4},"geometry":{"type":"LineString","coordinates":[[-70.38919,-23.60276],[-70.38907,-23.60302]]}},{"type":"Feature","properties":{"nombre":"","jerarquia":2},"geometry":{"type":"LineString","coordinates":[[-70.34378,-23.62559],[-70.34372,-23.6255],[-70.34373,-23.62538]]}},{"type":"Feature","properties":{"nombre":"","jerarquia":2},"geometry":{"type":"LineString","coordinates":[[-70.34373,-23.62538],[-70.34376,-23.6253]]}},{"type":"Feature","properties":{"nombre":"Ruta 26","jerarquia":2},"geometry":{"type":"LineString","coordinates":[[-70.34521,-23.62516],[-70.34376,-23.6253]]}},{"type":"Feature","properties":{"nombre":"Ruta 26","jerarquia":2},"geometry":{"type":"LineString","coordinates":[[-70.36024,-23.62867],[-70.35736,-23.62803]]}},{"type":"Feature","properties":{"nombre":"Camino a Juan López","jerarquia":5},"geometry":{"type":"LineString","coordinates":[[-70.42006,-23.49819],[-70.42007,-23.49812]]}},{"type":"Feature","properties":{"nombre":"Camino La Portada","jerarquia":5},"geometry":{"type":"LineString","coordinates":[[-70.41853,-23.49801],[-70.4192,-23.49808]]}},{"type":"Feature","properties":{"nombre":"","jerarquia":1},"geometry":{"type":"LineString","coordinates":[[-70.40952,-23.49649],[-70.41016,-23.49484]]}},{"type":"Feature","properties":{"nombre":"Camino La Portada","jerarquia":5},"geometry":{"type":"LineString","coordinates":[[-70.41163,-23.49711],[-70.41228,-23.4972]]}},{"type":"Feature","properties":{"nombre":"","jerarquia":1},"geometry":{"type":"LineString","coordinates":[[-70.41076,-23.49456],[-70.41066,-23.49482]]}},{"type":"Feature","properties":{"nombre":"","jerarquia":1},"geometry":{"type":"LineString","coordinates":[[-70.4108,-23.49446],[-70.41076,-23.49456]]}},{"type":"Feature","properties":{"nombre":"Caletera Pedro Aguirre Cerda","jerarquia":5},"geometry":{"type":"LineString","coordinates":[[-70.40808,-23.50035],[-70.40843,-23.49941]]}},{"type":"Feature","properties":{"nombre":"Caletera Pedro Aguirre Cerda","jerarquia":5},"geometry":{"type":"LineString","coordinates":[[-70.40767,-23.50143],[-70.40801,-23.50056]]}},{"type":"Feature","properties":{"nombre":"Caletera Pedro Aguirre Cerda","jerarquia":5},"geometry":{"type":"LineString","coordinates":[[-70.40801,-23.50056],[-70.40808,-23.50035]]}},{"type":"Feature","properties":{"nombre":"","jerarquia":1},"geometry":{"type":"LineString","coordinates":[[-70.41244,-23.48952],[-70.41289,-23.48857]]}},{"type":"Feature","properties":{"nombre":"Camino La Portada","jerarquia":5},"geometry":{"type":"LineString","coordinates":[[-70.40932,-23.49681],[-70.41046,-23.49696]]}},{"type":"Feature","properties":{"nombre":"Ruta 1","jerarquia":1},"geometry":{"type":"LineString","coordinates":[[-70.40944,-23.49727],[-70.40957,-23.49694]]}},{"type":"Feature","properties":{"nombre":"Ruta 1","jerarquia":1},"geometry":{"type":"LineString","coordinates":[[-70.40918,-23.49799],[-70.40944,-23.49727]]}},{"type":"Feature","properties":{"nombre":"Ruta 1","jerarquia":1},"geometry":{"type":"LineString","coordinates":[[-70.41027,-23.49502],[-70.41079,-23.4936]]}},{"type":"Feature","properties":{"nombre":"Ruta 1","jerarquia":1},"geometry":{"type":"LineString","coordinates":[[-70.40877,-23.49908],[-70.40918,-23.49799]]}},{"type":"Feature","properties":{"nombre":"Ruta 1","jerarquia":1},"geometry":{"type":"LineString","coordinates":[[-70.40943,-23.49767],[-70.40817,-23.50106]]}},{"type":"Feature","properties":{"nombre":"Ruta 1","jerarquia":1},"geometry":{"type":"LineString","coordinates":[[-70.41003,-23.49606],[-70.40979,-23.49669]]}},{"type":"Feature","properties":{"nombre":"Camino La Portada","jerarquia":5},"geometry":{"type":"LineString","coordinates":[[-70.42006,-23.49819],[-70.4192,-23.49808]]}},{"type":"Feature","properties":{"nombre":"Aeropuerto Andrés Sabella Gálvez","jerarquia":5},"geometry":{"type":"LineString","coordinates":[[-70.43896,-23.45065],[-70.43895,-23.4506]]}},{"type":"Feature","properties":{"nombre":"Acceso a Aeropuerto Andrés Sabella","jerarquia":5},"geometry":{"type":"LineString","coordinates":[[-70.4386,-23.45071],[-70.43829,-23.45075]]}},{"type":"Feature","properties":{"nombre":"Acceso a Aeropuerto Andrés Sabella","jerarquia":5},"geometry":{"type":"LineString","coordinates":[[-70.43829,-23.45075],[-70.43766,-23.45079]]}},{"type":"Feature","properties":{"nombre":"Aeropuerto Andrés Sabella Gálvez","jerarquia":5},"geometry":{"type":"LineString","coordinates":[[-70.43766,-23.45079],[-70.43827,-23.4507]]}},{"type":"Feature","properties":{"nombre":"Avenida El Yodo","jerarquia":5},"geometry":{"type":"LineString","coordinates":[[-70.3908,-23.60045],[-70.39074,-23.6008]]}},{"type":"Feature","properties":{"nombre":"Avenida El Yodo","jerarquia":5},"geometry":{"type":"LineString","coordinates":[[-70.39074,-23.6008],[-70.39066,-23.60125]]}},{"type":"Feature","properties":{"nombre":"Avenida El Yodo","jerarquia":5},"geometry":{"type":"LineString","coordinates":[[-70.39066,-23.60125],[-70.3906,-23.60159]]}},{"type":"Feature","properties":{"nombre":"Artesanía","jerarquia":5},"geometry":{"type":"LineString","coordinates":[[-70.38939,-23.60022],[-70.38928,-23.6002]]}},{"type":"Feature","properties":{"nombre":"Avenida El Yodo","jerarquia":5},"geometry":{"type":"LineString","coordinates":[[-70.3915,-23.59862],[-70.3913,-23.59897]]}},{"type":"Feature","properties":{"nombre":"Avenida El Yodo","jerarquia":5},"geometry":{"type":"LineString","coordinates":[[-70.39162,-23.59832],[-70.39205,-23.59758]]}},{"type":"Feature","properties":{"nombre":"Avenida El Yodo","jerarquia":5},"geometry":{"type":"LineString","coordinates":[[-70.39205,-23.59758],[-70.39284,-23.59624]]}},{"type":"Feature","properties":{"nombre":"Avenida El Yodo","jerarquia":5},"geometry":{"type":"LineString","coordinates":[[-70.39289,-23.59626],[-70.39211,-23.59761]]}},{"type":"Feature","properties":{"nombre":"Avenida El Yodo","jerarquia":5},"geometry":{"type":"LineString","coordinates":[[-70.39211,-23.59761],[-70.39169,-23.59836]]}},{"type":"Feature","properties":{"nombre":"Avenida Antonio Rendic","jerarquia":4},"geometry":{"type":"LineString","coordinates":[[-70.38445,-23.60984],[-70.38456,-23.6097]]}},{"type":"Feature","properties":{"nombre":"Avenida Antonio Rendic","jerarquia":4},"geometry":{"type":"LineString","coordinates":[[-70.38456,-23.6097],[-70.38714,-23.60585]]}},{"type":"Feature","properties":{"nombre":"Avenida Antonio Rendic","jerarquia":4},"geometry":{"type":"LineString","coordinates":[[-70.38714,-23.60585],[-70.38765,-23.60509]]}},{"type":"Feature","properties":{"nombre":"Avenida Antonio Rendic","jerarquia":4},"geometry":{"type":"LineString","coordinates":[[-70.38765,-23.60509],[-70.38816,-23.60433]]}},{"type":"Feature","properties":{"nombre":"Vitacura","jerarquia":5},"geometry":{"type":"LineString","coordinates":[[-70.38505,-23.6101],[-70.38518,-23.61029]]}},{"type":"Feature","properties":{"nombre":"Vitacura","jerarquia":5},"geometry":{"type":"LineString","coordinates":[[-70.3851,-23.61032],[-70.38493,-23.61016]]}},{"type":"Feature","properties":{"nombre":"Vitacura","jerarquia":5},"geometry":{"type":"LineString","coordinates":[[-70.38493,-23.61016],[-70.38459,-23.60998]]}},{"type":"Feature","properties":{"nombre":"Irarrázabal","jerarquia":4},"geometry":{"type":"LineString","coordinates":[[-70.3821,-23.60377],[-70.38229,-23.60377]]}},{"type":"Feature","properties":{"nombre":"Irarrázabal","jerarquia":4},"geometry":{"type":"LineString","coordinates":[[-70.37978,-23.60358],[-70.37987,-23.60359]]}},{"type":"Feature","properties":{"nombre":"Irarrázabal","jerarquia":4},"geometry":{"type":"LineString","coordinates":[[-70.37987,-23.60359],[-70.38049,-23.60364]]}},{"type":"Feature","properties":{"nombre":"Irarrázabal","jerarquia":4},"geometry":{"type":"LineString","coordinates":[[-70.38049,-23.60364],[-70.38096,-23.60368]]}},{"type":"Feature","properties":{"nombre":"Irarrázabal","jerarquia":4},"geometry":{"type":"LineString","coordinates":[[-70.38096,-23.60368],[-70.3821,-23.60377]]}},{"type":"Feature","properties":{"nombre":"Bandera","jerarquia":5},"geometry":{"type":"LineString","coordinates":[[-70.38228,-23.60386],[-70.38229,-23.60377]]}},{"type":"Feature","properties":{"nombre":"Avenida Pedro Aguirre Cerda","jerarquia":3},"geometry":{"type":"LineString","coordinates":[[-70.38924,-23.60205],[-70.3892,-23.6026]]}},{"type":"Feature","properties":{"nombre":"Avenida Pedro Aguirre Cerda","jerarquia":3},"geometry":{"type":"LineString","coordinates":[[-70.3892,-23.6026],[-70.38919,-23.60276]]}},{"type":"Feature","properties":{"nombre":"Avenida Pedro Aguirre Cerda","jerarquia":5},"geometry":{"type":"LineString","coordinates":[[-70.39025,-23.62251],[-70.39014,-23.62202]]}},{"type":"Feature","properties":{"nombre":"Avenida Pedro Aguirre Cerda","jerarquia":5},"geometry":{"type":"LineString","coordinates":[[-70.3903,-23.62268],[-70.39025,-23.62251]]}},{"type":"Feature","properties":{"nombre":"Avenida Pedro Aguirre Cerda","jerarquia":5},"geometry":{"type":"LineString","coordinates":[[-70.3903,-23.62249],[-70.3903,-23.62268]]}},{"type":"Feature","properties":{"nombre":"Avenida Sargento Aldea","jerarquia":3},"geometry":{"type":"LineString","coordinates":[[-70.39034,-23.62154],[-70.39092,-23.62178]]}},{"type":"Feature","properties":{"nombre":"Avenida Pedro Aguirre Cerda","jerarquia":3},"geometry":{"type":"LineString","coordinates":[[-70.38869,-23.61599],[-70.38863,-23.61574]]}},{"type":"Feature","properties":{"nombre":"Avenida Pedro Aguirre Cerda","jerarquia":3},"geometry":{"type":"LineString","coordinates":[[-70.38877,-23.6164],[-70.38869,-23.61599]]}},{"type":"Feature","properties":{"nombre":"Avenida Pedro Aguirre Cerda","jerarquia":3},"geometry":{"type":"LineString","coordinates":[[-70.38894,-23.61718],[-70.38877,-23.6164]]}},{"type":"Feature","properties":{"nombre":"Avenida Pedro Aguirre Cerda","jerarquia":3},"geometry":{"type":"LineString","coordinates":[[-70.38863,-23.61574],[-70.38856,-23.61543]]}},{"type":"Feature","properties":{"nombre":"Avenida Pedro Aguirre Cerda","jerarquia":3},"geometry":{"type":"LineString","coordinates":[[-70.38856,-23.61543],[-70.38853,-23.61529]]}},{"type":"Feature","properties":{"nombre":"Avenida Pedro Aguirre Cerda","jerarquia":3},"geometry":{"type":"LineString","coordinates":[[-70.38853,-23.61529],[-70.38828,-23.6142]]}},{"type":"Feature","properties":{"nombre":"Avenida Pedro Aguirre Cerda","jerarquia":3},"geometry":{"type":"LineString","coordinates":[[-70.38999,-23.62137],[-70.3897,-23.62033]]}},{"type":"Feature","properties":{"nombre":"Avenida Pedro Aguirre Cerda","jerarquia":3},"geometry":{"type":"LineString","coordinates":[[-70.3897,-23.62033],[-70.38943,-23.61924]]}},{"type":"Feature","properties":{"nombre":"Avenida Pedro Aguirre Cerda","jerarquia":3},"geometry":{"type":"LineString","coordinates":[[-70.38943,-23.61924],[-70.3892,-23.61825]]}},{"type":"Feature","properties":{"nombre":"Avenida Pedro Aguirre Cerda","jerarquia":3},"geometry":{"type":"LineString","coordinates":[[-70.3892,-23.61825],[-70.38894,-23.61718]]}},{"type":"Feature","properties":{"nombre":"Avenida Pedro Aguirre Cerda","jerarquia":3},"geometry":{"type":"LineString","coordinates":[[-70.38852,-23.61473],[-70.38858,-23.61502]]}},{"type":"Feature","properties":{"nombre":"Avenida Pedro Aguirre Cerda","jerarquia":3},"geometry":{"type":"LineString","coordinates":[[-70.38844,-23.61439],[-70.38852,-23.61473]]}},{"type":"Feature","properties":{"nombre":"Avenida Pedro Aguirre Cerda","jerarquia":3},"geometry":{"type":"LineString","coordinates":[[-70.3884,-23.6142],[-70.38844,-23.61439]]}},{"type":"Feature","properties":{"nombre":"Avenida Pedro Aguirre Cerda","jerarquia":3},"geometry":{"type":"LineString","coordinates":[[-70.38858,-23.61502],[-70.38861,-23.61514]]}},{"type":"Feature","properties":{"nombre":"Avenida Pedro Aguirre Cerda","jerarquia":3},"geometry":{"type":"LineString","coordinates":[[-70.38861,-23.61514],[-70.38864,-23.61527]]}},{"type":"Feature","properties":{"nombre":"Avenida Pedro Aguirre Cerda","jerarquia":3},"geometry":{"type":"LineString","coordinates":[[-70.38864,-23.61527],[-70.38882,-23.61609]]}},{"type":"Feature","properties":{"nombre":"Avenida Pedro Aguirre Cerda","jerarquia":3},"geometry":{"type":"LineString","coordinates":[[-70.38882,-23.61609],[-70.38905,-23.61716]]}},{"type":"Feature","properties":{"nombre":"Avenida Pedro Aguirre Cerda","jerarquia":3},"geometry":{"type":"LineString","coordinates":[[-70.38905,-23.61716],[-70.3893,-23.61824]]}},{"type":"Feature","properties":{"nombre":"Avenida Pedro Aguirre Cerda","jerarquia":3},"geometry":{"type":"LineString","coordinates":[[-70.3893,-23.61824],[-70.38942,-23.61876]]}},{"type":"Feature","properties":{"nombre":"Avenida Pedro Aguirre Cerda","jerarquia":3},"geometry":{"type":"LineString","coordinates":[[-70.38942,-23.61876],[-70.38956,-23.61938]]}},{"type":"Feature","properties":{"nombre":"Avenida Pedro Aguirre Cerda","jerarquia":3},"geometry":{"type":"LineString","coordinates":[[-70.38956,-23.61938],[-70.38979,-23.62032]]}},{"type":"Feature","properties":{"nombre":"Avenida Pedro Aguirre Cerda","jerarquia":3},"geometry":{"type":"LineString","coordinates":[[-70.38979,-23.62032],[-70.39003,-23.62122]]}},{"type":"Feature","properties":{"nombre":"Cobija","jerarquia":5},"geometry":{"type":"LineString","coordinates":[[-70.39038,-23.61385],[-70.39049,-23.61382]]}},{"type":"Feature","properties":{"nombre":"Cobija","jerarquia":5},"geometry":{"type":"LineString","coordinates":[[-70.39049,-23.61382],[-70.39176,-23.61375]]}},{"type":"Feature","properties":{"nombre":"Azapa","jerarquia":5},"geometry":{"type":"LineString","coordinates":[[-70.38526,-23.61588],[-70.38527,-23.61672],[-70.38536,-23.61725]]}},{"type":"Feature","properties":{"nombre":"Azapa","jerarquia":5},"geometry":{"type":"LineString","coordinates":[[-70.38536,-23.61725],[-70.38546,-23.61765]]}},{"type":"Feature","properties":{"nombre":"Azapa","jerarquia":5},"geometry":{"type":"LineString","coordinates":[[-70.38527,-23.61537],[-70.38526,-23.61588]]}},{"type":"Feature","properties":{"nombre":"Azapa","jerarquia":5},"geometry":{"type":"LineString","coordinates":[[-70.38528,-23.6147],[-70.38527,-23.61537]]}},{"type":"Feature","properties":{"nombre":"Lidia Moreno","jerarquia":5},"geometry":{"type":"LineString","coordinates":[[-70.39171,-23.56939],[-70.39297,-23.56951]]}},{"type":"Feature","properties":{"nombre":"Paraguay","jerarquia":5},"geometry":{"type":"LineString","coordinates":[[-70.38922,-23.63124],[-70.38807,-23.63118]]}},{"type":"Feature","properties":{"nombre":"Paraguay","jerarquia":5},"geometry":{"type":"LineString","coordinates":[[-70.38807,-23.63118],[-70.38747,-23.63114]]}},{"type":"Feature","properties":{"nombre":"Paraguay","jerarquia":5},"geometry":{"type":"LineString","coordinates":[[-70.38747,-23.63114],[-70.38689,-23.63111]]}},{"type":"Feature","properties":{"nombre":"Paraguay","jerarquia":5},"geometry":{"type":"LineString","coordinates":[[-70.38933,-23.63119],[-70.38922,-23.63124]]}},{"type":"Feature","properties":{"nombre":"Cardenal Carlos Oviedo Cavada","jerarquia":5},"geometry":{"type":"LineString","coordinates":[[-70.38658,-23.6368],[-70.3866,-23.63651]]}},{"type":"Feature","properties":{"nombre":"Cardenal Carlos Oviedo Cavada","jerarquia":5},"geometry":{"type":"LineString","coordinates":[[-70.38647,-23.63976],[-70.38641,-23.63951],[-70.38647,-23.63869]]}},{"type":"Feature","properties":{"nombre":"Cardenal Carlos Oviedo Cavada","jerarquia":5},"geometry":{"type":"LineString","coordinates":[[-70.38647,-23.63869],[-70.38653,-23.63761]]}},{"type":"Feature","properties":{"nombre":"Cardenal Carlos Oviedo Cavada","jerarquia":5},"geometry":{"type":"LineString","coordinates":[[-70.38653,-23.63761],[-70.38656,-23.63723]]}},{"type":"Feature","properties":{"nombre":"Cardenal Carlos Oviedo Cavada","jerarquia":5},"geometry":{"type":"LineString","coordinates":[[-70.38656,-23.63723],[-70.38656,-23.6371]]}},{"type":"Feature","properties":{"nombre":"Cardenal Carlos Oviedo Cavada","jerarquia":5},"geometry":{"type":"LineString","coordinates":[[-70.38656,-23.6371],[-70.38658,-23.6368]]}},{"type":"Feature","properties":{"nombre":"Manuel Antonio Matta","jerarquia":5},"geometry":{"type":"LineString","coordinates":[[-70.39261,-23.64703],[-70.39272,-23.64711]]}},{"type":"Feature","properties":{"nombre":"Manuel Antonio Matta","jerarquia":5},"geometry":{"type":"LineString","coordinates":[[-70.39272,-23.64711],[-70.39317,-23.64747]]}},{"type":"Feature","properties":{"nombre":"Manuel Antonio Matta","jerarquia":5},"geometry":{"type":"LineString","coordinates":[[-70.39317,-23.64747],[-70.39404,-23.64816]]}},{"type":"Feature","properties":{"nombre":"Manuel Antonio Matta","jerarquia":5},"geometry":{"type":"LineString","coordinates":[[-70.39404,-23.64816],[-70.39491,-23.64885]]}},{"type":"Feature","properties":{"nombre":"Avenida Antonio Rendic","jerarquia":4},"geometry":{"type":"LineString","coordinates":[[-70.38877,-23.63881],[-70.38884,-23.63771]]}},{"type":"Feature","properties":{"nombre":"Avenida Antonio Rendic","jerarquia":4},"geometry":{"type":"LineString","coordinates":[[-70.38884,-23.63771],[-70.38889,-23.63673]]}},{"type":"Feature","properties":{"nombre":"Avenida Antonio Rendic","jerarquia":4},"geometry":{"type":"LineString","coordinates":[[-70.38889,-23.63673],[-70.3889,-23.63662]]}},{"type":"Feature","properties":{"nombre":"Avenida Antonio Rendic","jerarquia":4},"geometry":{"type":"LineString","coordinates":[[-70.38888,-23.63863],[-70.38887,-23.63875]]}},{"type":"Feature","properties":{"nombre":"Avenida Antonio Rendic","jerarquia":4},"geometry":{"type":"LineString","coordinates":[[-70.38887,-23.63875],[-70.38857,-23.64376]]}},{"type":"Feature","properties":{"nombre":"Manuel Antonio Matta","jerarquia":5},"geometry":{"type":"LineString","coordinates":[[-70.38849,-23.64368],[-70.38857,-23.64376]]}},{"type":"Feature","properties":{"nombre":"Avenida Antonio Rendic","jerarquia":4},"geometry":{"type":"LineString","coordinates":[[-70.389,-23.63663],[-70.38893,-23.63778]]}},{"type":"Feature","properties":{"nombre":"Avenida Antonio Rendic","jerarquia":4},"geometry":{"type":"LineString","coordinates":[[-70.38893,-23.63778],[-70.38888,-23.63863]]}},{"type":"Feature","properties":{"nombre":"Avenida Antonio Rendic","jerarquia":4},"geometry":{"type":"LineString","coordinates":[[-70.38849,-23.64368],[-70.3885,-23.64339]]}},{"type":"Feature","properties":{"nombre":"Avenida Antonio Rendic","jerarquia":4},"geometry":{"type":"LineString","coordinates":[[-70.3885,-23.64339],[-70.38858,-23.642]]}},{"type":"Feature","properties":{"nombre":"Avenida Antonio Rendic","jerarquia":4},"geometry":{"type":"LineString","coordinates":[[-70.38858,-23.642],[-70.38865,-23.64093]]}},{"type":"Feature","properties":{"nombre":"Avenida Antonio Rendic","jerarquia":4},"geometry":{"type":"LineString","coordinates":[[-70.38865,-23.64093],[-70.38871,-23.63988]]}},{"type":"Feature","properties":{"nombre":"Avenida Antonio Rendic","jerarquia":4},"geometry":{"type":"LineString","coordinates":[[-70.38871,-23.63988],[-70.38877,-23.63881]]}},{"type":"Feature","properties":{"nombre":"Manuel Antonio Matta","jerarquia":5},"geometry":{"type":"LineString","coordinates":[[-70.38749,-23.6425],[-70.38733,-23.64207]]}},{"type":"Feature","properties":{"nombre":"Avenida Ejército","jerarquia":2},"geometry":{"type":"LineString","coordinates":[[-70.42179,-23.69579],[-70.42182,-23.69606]]}},{"type":"Feature","properties":{"nombre":"Avenida de la Minería","jerarquia":2},"geometry":{"type":"LineString","coordinates":[[-70.4195,-23.69851],[-70.41905,-23.69873]]}},{"type":"Feature","properties":{"nombre":"Avenida de la Minería","jerarquia":2},"geometry":{"type":"LineString","coordinates":[[-70.41905,-23.69873],[-70.41823,-23.69906]]}},{"type":"Feature","properties":{"nombre":"","jerarquia":2},"geometry":{"type":"LineString","coordinates":[[-70.42018,-23.6976],[-70.42047,-23.6973]]}},{"type":"Feature","properties":{"nombre":"Avenida de la Minería","jerarquia":2},"geometry":{"type":"LineString","coordinates":[[-70.42096,-23.6978],[-70.42051,-23.69802]]}},{"type":"Feature","properties":{"nombre":"Avenida de la Minería","jerarquia":2},"geometry":{"type":"LineString","coordinates":[[-70.42018,-23.6976],[-70.42069,-23.69728]]}},{"type":"Feature","properties":{"nombre":"","jerarquia":2},"geometry":{"type":"LineString","coordinates":[[-70.42127,-23.69586],[-70.42152,-23.69584]]}},{"type":"Feature","properties":{"nombre":"","jerarquia":2},"geometry":{"type":"LineString","coordinates":[[-70.42152,-23.69584],[-70.4216,-23.69586]]}},{"type":"Feature","properties":{"nombre":"Avenida Argentina","jerarquia":5},"geometry":{"type":"LineString","coordinates":[[-70.4134,-23.70226],[-70.41276,-23.70182]]}},{"type":"Feature","properties":{"nombre":"Avenida Argentina","jerarquia":5},"geometry":{"type":"LineString","coordinates":[[-70.41276,-23.70182],[-70.41259,-23.70169]]}},{"type":"Feature","properties":{"nombre":"Avenida Argentina","jerarquia":5},"geometry":{"type":"LineString","coordinates":[[-70.41223,-23.70043],[-70.41224,-23.70083]]}},{"type":"Feature","properties":{"nombre":"Avenida Argentina","jerarquia":5},"geometry":{"type":"LineString","coordinates":[[-70.41255,-23.70156],[-70.4127,-23.70169]]}},{"type":"Feature","properties":{"nombre":"Avenida Universidad de Antofagasta","jerarquia":4},"geometry":{"type":"LineString","coordinates":[[-70.42198,-23.6981],[-70.42174,-23.69772]]}},{"type":"Feature","properties":{"nombre":"Avenida de la Minería","jerarquia":2},"geometry":{"type":"LineString","coordinates":[[-70.41794,-23.69895],[-70.4182,-23.6988]]}},{"type":"Feature","properties":{"nombre":"Avenida de la Minería","jerarquia":2},"geometry":{"type":"LineString","coordinates":[[-70.41779,-23.69903],[-70.41794,-23.69895]]}},{"type":"Feature","properties":{"nombre":"Avenida de la Minería","jerarquia":2},"geometry":{"type":"LineString","coordinates":[[-70.41667,-23.69935],[-70.41728,-23.69922],[-70.41779,-23.69903]]}},{"type":"Feature","properties":{"nombre":"Avenida de la Minería","jerarquia":2},"geometry":{"type":"LineString","coordinates":[[-70.4182,-23.6988],[-70.41902,-23.6983]]}},{"type":"Feature","properties":{"nombre":"Acceso Coviefi","jerarquia":5},"geometry":{"type":"LineString","coordinates":[[-70.40793,-23.69861],[-70.40758,-23.6984]]}},{"type":"Feature","properties":{"nombre":"Avenida de la Minería","jerarquia":2},"geometry":{"type":"LineString","coordinates":[[-70.40634,-23.69884],[-70.40597,-23.69876]]}},{"type":"Feature","properties":{"nombre":"Avenida de la Minería","jerarquia":2},"geometry":{"type":"LineString","coordinates":[[-70.40715,-23.699],[-70.40634,-23.69884]]}},{"type":"Feature","properties":{"nombre":"Ruta 28","jerarquia":2},"geometry":{"type":"LineString","coordinates":[[-70.40432,-23.69843],[-70.40326,-23.69822]]}},{"type":"Feature","properties":{"nombre":"Ruta 28","jerarquia":2},"geometry":{"type":"LineString","coordinates":[[-70.40597,-23.69876],[-70.40561,-23.69869]]}},{"type":"Feature","properties":{"nombre":"Ruta 28","jerarquia":2},"geometry":{"type":"LineString","coordinates":[[-70.40561,-23.69869],[-70.40432,-23.69843]]}},{"type":"Feature","properties":{"nombre":"Avenida de la Minería","jerarquia":2},"geometry":{"type":"LineString","coordinates":[[-70.40754,-23.69896],[-70.40775,-23.699]]}},{"type":"Feature","properties":{"nombre":"Avenida de la Minería","jerarquia":2},"geometry":{"type":"LineString","coordinates":[[-70.40675,-23.6988],[-70.40754,-23.69896]]}},{"type":"Feature","properties":{"nombre":"Avenida de la Minería","jerarquia":2},"geometry":{"type":"LineString","coordinates":[[-70.4096,-23.69937],[-70.41066,-23.69958]]}},{"type":"Feature","properties":{"nombre":"Avenida de la Minería","jerarquia":2},"geometry":{"type":"LineString","coordinates":[[-70.40822,-23.6991],[-70.40917,-23.69928]]}},{"type":"Feature","properties":{"nombre":"Avenida de la Minería","jerarquia":2},"geometry":{"type":"LineString","coordinates":[[-70.40775,-23.699],[-70.40822,-23.6991]]}},{"type":"Feature","properties":{"nombre":"Avenida de la Minería","jerarquia":2},"geometry":{"type":"LineString","coordinates":[[-70.40611,-23.69868],[-70.40675,-23.6988]]}},{"type":"Feature","properties":{"nombre":"Avenida de la Minería","jerarquia":2},"geometry":{"type":"LineString","coordinates":[[-70.40917,-23.69928],[-70.4096,-23.69937]]}},{"type":"Feature","properties":{"nombre":"Avenida de la Minería","jerarquia":2},"geometry":{"type":"LineString","coordinates":[[-70.41319,-23.69986],[-70.41339,-23.69985]]}},{"type":"Feature","properties":{"nombre":"Avenida de la Minería","jerarquia":2},"geometry":{"type":"LineString","coordinates":[[-70.41066,-23.69958],[-70.41177,-23.69977],[-70.41319,-23.69986]]}},{"type":"Feature","properties":{"nombre":"Avenida de la Minería","jerarquia":2},"geometry":{"type":"LineString","coordinates":[[-70.41339,-23.69985],[-70.4138,-23.69984]]}},{"type":"Feature","properties":{"nombre":"Avenida de la Minería","jerarquia":2},"geometry":{"type":"LineString","coordinates":[[-70.41902,-23.6983],[-70.41925,-23.69816]]}},{"type":"Feature","properties":{"nombre":"Mehuín","jerarquia":5},"geometry":{"type":"LineString","coordinates":[[-70.41015,-23.68895],[-70.41004,-23.68896]]}},{"type":"Feature","properties":{"nombre":"Mehuín","jerarquia":5},"geometry":{"type":"LineString","coordinates":[[-70.41125,-23.68893],[-70.41015,-23.68895]]}},{"type":"Feature","properties":{"nombre":"Mehuín","jerarquia":5},"geometry":{"type":"LineString","coordinates":[[-70.41004,-23.68896],[-70.40957,-23.68898]]}},{"type":"Feature","properties":{"nombre":"Mehuín","jerarquia":5},"geometry":{"type":"LineString","coordinates":[[-70.40957,-23.68898],[-70.40893,-23.68901]]}},{"type":"Feature","properties":{"nombre":"Mehuín","jerarquia":5},"geometry":{"type":"LineString","coordinates":[[-70.40893,-23.68901],[-70.40877,-23.68901]]}},{"type":"Feature","properties":{"nombre":"Mehuín","jerarquia":5},"geometry":{"type":"LineString","coordinates":[[-70.40877,-23.68901],[-70.40844,-23.68903]]}},{"type":"Feature","properties":{"nombre":"Mehuín","jerarquia":5},"geometry":{"type":"LineString","coordinates":[[-70.40844,-23.68903],[-70.40799,-23.68905]]}},{"type":"Feature","properties":{"nombre":"Mehuín","jerarquia":5},"geometry":{"type":"LineString","coordinates":[[-70.40799,-23.68905],[-70.40764,-23.68906]]}},{"type":"Feature","properties":{"nombre":"Mar del Plata","jerarquia":5},"geometry":{"type":"LineString","coordinates":[[-70.41178,-23.69299],[-70.41184,-23.69403]]}},{"type":"Feature","properties":{"nombre":"Avenida Argentina","jerarquia":3},"geometry":{"type":"LineString","coordinates":[[-70.41214,-23.69879],[-70.41211,-23.69857]]}},{"type":"Feature","properties":{"nombre":"Avenida Argentina","jerarquia":3},"geometry":{"type":"LineString","coordinates":[[-70.41211,-23.69857],[-70.41208,-23.69849]]}},{"type":"Feature","properties":{"nombre":"Arturo Pérez Canto","jerarquia":4},"geometry":{"type":"LineString","coordinates":[[-70.38396,-23.576],[-70.38205,-23.57583]]}},{"type":"Feature","properties":{"nombre":"Arturo Pérez Canto","jerarquia":4},"geometry":{"type":"LineString","coordinates":[[-70.38205,-23.57583],[-70.38195,-23.57582]]}},{"type":"Feature","properties":{"nombre":"Arturo Pérez Canto","jerarquia":4},"geometry":{"type":"LineString","coordinates":[[-70.38195,-23.57575],[-70.3832,-23.57586]]}},{"type":"Feature","properties":{"nombre":"Arturo Pérez Canto","jerarquia":4},"geometry":{"type":"LineString","coordinates":[[-70.3832,-23.57586],[-70.38396,-23.57593]]}},{"type":"Feature","properties":{"nombre":"Arturo Pérez Canto","jerarquia":4},"geometry":{"type":"LineString","coordinates":[[-70.38396,-23.57593],[-70.38428,-23.57597]]}},{"type":"Feature","properties":{"nombre":"Arturo Pérez Canto","jerarquia":4},"geometry":{"type":"LineString","coordinates":[[-70.38428,-23.57597],[-70.38613,-23.57617]]}},{"type":"Feature","properties":{"nombre":"Arturo Pérez Canto","jerarquia":4},"geometry":{"type":"LineString","coordinates":[[-70.38613,-23.57617],[-70.38763,-23.57631]]}},{"type":"Feature","properties":{"nombre":"Arturo Pérez Canto","jerarquia":4},"geometry":{"type":"LineString","coordinates":[[-70.38763,-23.57631],[-70.38912,-23.57641]]}},{"type":"Feature","properties":{"nombre":"Arturo Pérez Canto","jerarquia":4},"geometry":{"type":"LineString","coordinates":[[-70.38912,-23.57641],[-70.38949,-23.57644]]}},{"type":"Feature","properties":{"nombre":"Arturo Pérez Canto","jerarquia":4},"geometry":{"type":"LineString","coordinates":[[-70.38949,-23.57644],[-70.39042,-23.57652]]}},{"type":"Feature","properties":{"nombre":"Arturo Pérez Canto","jerarquia":4},"geometry":{"type":"LineString","coordinates":[[-70.39042,-23.57652],[-70.39086,-23.57656]]}},{"type":"Feature","properties":{"nombre":"Arturo Pérez Canto","jerarquia":4},"geometry":{"type":"LineString","coordinates":[[-70.39086,-23.57656],[-70.39094,-23.57656]]}},{"type":"Feature","properties":{"nombre":"Arturo Pérez Canto","jerarquia":4},"geometry":{"type":"LineString","coordinates":[[-70.39094,-23.57656],[-70.39105,-23.57656]]}},{"type":"Feature","properties":{"nombre":"Arturo Pérez Canto","jerarquia":4},"geometry":{"type":"LineString","coordinates":[[-70.38612,-23.57625],[-70.38565,-23.57621]]}},{"type":"Feature","properties":{"nombre":"Arturo Pérez Canto","jerarquia":4},"geometry":{"type":"LineString","coordinates":[[-70.38565,-23.57621],[-70.38477,-23.57611]]}},{"type":"Feature","properties":{"nombre":"Arturo Pérez Canto","jerarquia":4},"geometry":{"type":"LineString","coordinates":[[-70.38477,-23.57611],[-70.38427,-23.57605]]}},{"type":"Feature","properties":{"nombre":"Arturo Pérez Canto","jerarquia":4},"geometry":{"type":"LineString","coordinates":[[-70.38427,-23.57605],[-70.38396,-23.576]]}},{"type":"Feature","properties":{"nombre":"Arturo Pérez Canto","jerarquia":4},"geometry":{"type":"LineString","coordinates":[[-70.3912,-23.57668],[-70.39104,-23.57667]]}},{"type":"Feature","properties":{"nombre":"Arturo Pérez Canto","jerarquia":4},"geometry":{"type":"LineString","coordinates":[[-70.39104,-23.57667],[-70.39094,-23.57665]]}},{"type":"Feature","properties":{"nombre":"Avenida Pedro Aguirre Cerda","jerarquia":3},"geometry":{"type":"LineString","coordinates":[[-70.39099,-23.56568],[-70.39096,-23.56654]]}},{"type":"Feature","properties":{"nombre":"Avenida Pedro Aguirre Cerda","jerarquia":3},"geometry":{"type":"LineString","coordinates":[[-70.39076,-23.56906],[-70.39078,-23.56832]]}},{"type":"Feature","properties":{"nombre":"Avenida Pedro Aguirre Cerda","jerarquia":3},"geometry":{"type":"LineString","coordinates":[[-70.39078,-23.56832],[-70.39084,-23.56676]]}},{"type":"Feature","properties":{"nombre":"Avenida Pedro Aguirre Cerda","jerarquia":3},"geometry":{"type":"LineString","coordinates":[[-70.39072,-23.57015],[-70.39075,-23.56932]]}},{"type":"Feature","properties":{"nombre":"Avenida Pedro Aguirre Cerda","jerarquia":3},"geometry":{"type":"LineString","coordinates":[[-70.39075,-23.56932],[-70.39075,-23.56925]]}},{"type":"Feature","properties":{"nombre":"Avenida Pedro Aguirre Cerda","jerarquia":3},"geometry":{"type":"LineString","coordinates":[[-70.39075,-23.56925],[-70.39076,-23.56906]]}},{"type":"Feature","properties":{"nombre":"Avenida Pedro Aguirre Cerda","jerarquia":3},"geometry":{"type":"LineString","coordinates":[[-70.39096,-23.56654],[-70.39094,-23.56701]]}},{"type":"Feature","properties":{"nombre":"Avenida Pedro Aguirre Cerda","jerarquia":3},"geometry":{"type":"LineString","coordinates":[[-70.39094,-23.56701],[-70.39086,-23.56926]]}},{"type":"Feature","properties":{"nombre":"Avenida Pedro Aguirre Cerda","jerarquia":3},"geometry":{"type":"LineString","coordinates":[[-70.39086,-23.56926],[-70.39085,-23.56933]]}},{"type":"Feature","properties":{"nombre":"Avenida Pedro Aguirre Cerda","jerarquia":3},"geometry":{"type":"LineString","coordinates":[[-70.39085,-23.56933],[-70.39082,-23.57015]]}},{"type":"Feature","properties":{"nombre":"Avenida Pedro Aguirre Cerda","jerarquia":3},"geometry":{"type":"LineString","coordinates":[[-70.39084,-23.56676],[-70.39087,-23.56627]]}},{"type":"Feature","properties":{"nombre":"Avenida Pedro Aguirre Cerda","jerarquia":3},"geometry":{"type":"LineString","coordinates":[[-70.39141,-23.55447],[-70.39138,-23.55519]]}},{"type":"Feature","properties":{"nombre":"Avenida Pedro Aguirre Cerda","jerarquia":3},"geometry":{"type":"LineString","coordinates":[[-70.39138,-23.55519],[-70.39137,-23.55545]]}},{"type":"Feature","properties":{"nombre":"Avenida Pedro Aguirre Cerda","jerarquia":3},"geometry":{"type":"LineString","coordinates":[[-70.39137,-23.55248],[-70.39138,-23.55213]]}},{"type":"Feature","properties":{"nombre":"Avenida Pedro Aguirre Cerda","jerarquia":3},"geometry":{"type":"LineString","coordinates":[[-70.3914,-23.5518],[-70.39142,-23.5512]]}},{"type":"Feature","properties":{"nombre":"Avenida Pedro Aguirre Cerda","jerarquia":3},"geometry":{"type":"LineString","coordinates":[[-70.39138,-23.55213],[-70.3914,-23.5518]]}},{"type":"Feature","properties":{"nombre":"Avenida Pedro Aguirre Cerda","jerarquia":3},"geometry":{"type":"LineString","coordinates":[[-70.39156,-23.55016],[-70.39156,-23.55031]]}},{"type":"Feature","properties":{"nombre":"Avenida Pedro Aguirre Cerda","jerarquia":3},"geometry":{"type":"LineString","coordinates":[[-70.39156,-23.55031],[-70.39154,-23.55073]]}},{"type":"Feature","properties":{"nombre":"Avenida Pedro Aguirre Cerda","jerarquia":3},"geometry":{"type":"LineString","coordinates":[[-70.39154,-23.55073],[-70.39153,-23.55117]]}},{"type":"Feature","properties":{"nombre":"Avenida Pedro Aguirre Cerda","jerarquia":3},"geometry":{"type":"LineString","coordinates":[[-70.39153,-23.55117],[-70.39152,-23.55127]]}},{"type":"Feature","properties":{"nombre":"Avenida Pedro Aguirre Cerda","jerarquia":3},"geometry":{"type":"LineString","coordinates":[[-70.39163,-23.54821],[-70.39156,-23.55016]]}},{"type":"Feature","properties":{"nombre":"Avenida Pedro Aguirre Cerda","jerarquia":3},"geometry":{"type":"LineString","coordinates":[[-70.39127,-23.55545],[-70.39135,-23.55318]]}},{"type":"Feature","properties":{"nombre":"Avenida Pedro Aguirre Cerda","jerarquia":3},"geometry":{"type":"LineString","coordinates":[[-70.39135,-23.55318],[-70.39137,-23.55248]]}},{"type":"Feature","properties":{"nombre":"Avenida Pedro Aguirre Cerda","jerarquia":3},"geometry":{"type":"LineString","coordinates":[[-70.39152,-23.55127],[-70.39151,-23.55169]]}},{"type":"Feature","properties":{"nombre":"Avenida Pedro Aguirre Cerda","jerarquia":3},"geometry":{"type":"LineString","coordinates":[[-70.39151,-23.55169],[-70.39149,-23.55201]]}},{"type":"Feature","properties":{"nombre":"Avenida Pedro Aguirre Cerda","jerarquia":3},"geometry":{"type":"LineString","coordinates":[[-70.39149,-23.55201],[-70.39148,-23.55233]]}},{"type":"Feature","properties":{"nombre":"Avenida Pedro Aguirre Cerda","jerarquia":3},"geometry":{"type":"LineString","coordinates":[[-70.39148,-23.55233],[-70.39147,-23.55266]]}},{"type":"Feature","properties":{"nombre":"Avenida Pedro Aguirre Cerda","jerarquia":3},"geometry":{"type":"LineString","coordinates":[[-70.39147,-23.55266],[-70.39141,-23.55447]]}},{"type":"Feature","properties":{"nombre":"Avenida Pedro Aguirre Cerda","jerarquia":3},"geometry":{"type":"LineString","coordinates":[[-70.39174,-23.54695],[-70.39163,-23.54821]]}},{"type":"Feature","properties":{"nombre":"Avenida Pedro Aguirre Cerda","jerarquia":3},"geometry":{"type":"LineString","coordinates":[[-70.39149,-23.54904],[-70.39153,-23.54816]]}},{"type":"Feature","properties":{"nombre":"Avenida Pedro Aguirre Cerda","jerarquia":3},"geometry":{"type":"LineString","coordinates":[[-70.39142,-23.5512],[-70.39149,-23.54924]]}},{"type":"Feature","properties":{"nombre":"Avenida Pedro Aguirre Cerda","jerarquia":3},"geometry":{"type":"LineString","coordinates":[[-70.39149,-23.54924],[-70.39149,-23.54904]]}},{"type":"Feature","properties":{"nombre":"Abracita","jerarquia":5},"geometry":{"type":"LineString","coordinates":[[-70.39122,-23.55924],[-70.39114,-23.55923]]}},{"type":"Feature","properties":{"nombre":"Abracita","jerarquia":5},"geometry":{"type":"LineString","coordinates":[[-70.3887,-23.55894],[-70.391,-23.55914]]}},{"type":"Feature","properties":{"nombre":"Abracita","jerarquia":5},"geometry":{"type":"LineString","coordinates":[[-70.391,-23.55914],[-70.39114,-23.55914]]}},{"type":"Feature","properties":{"nombre":"Abracita","jerarquia":5},"geometry":{"type":"LineString","coordinates":[[-70.39114,-23.55914],[-70.39123,-23.55908]]}},{"type":"Feature","properties":{"nombre":"Gladys Marín","jerarquia":5},"geometry":{"type":"LineString","coordinates":[[-70.39829,-23.52428],[-70.39936,-23.5262],[-70.39969,-23.52655],[-70.4,-23.52676]]}},{"type":"Feature","properties":{"nombre":"Gladys Marín","jerarquia":5},"geometry":{"type":"LineString","coordinates":[[-70.4,-23.52676],[-70.40031,-23.5269],[-70.40067,-23.52699],[-70.40194,-23.52703]]}},{"type":"Feature","properties":{"nombre":"Ruta 1","jerarquia":1},"geometry":{"type":"LineString","coordinates":[[-70.39236,-23.54125],[-70.39238,-23.54111]]}},{"type":"Feature","properties":{"nombre":"Avenida Salvador Allende","jerarquia":2},"geometry":{"type":"LineString","coordinates":[[-70.38136,-23.62861],[-70.38183,-23.62859]]}},{"type":"Feature","properties":{"nombre":"Avenida Salvador Allende","jerarquia":2},"geometry":{"type":"LineString","coordinates":[[-70.38183,-23.62859],[-70.3823,-23.62857]]}},{"type":"Feature","properties":{"nombre":"Avenida Salvador Allende","jerarquia":2},"geometry":{"type":"LineString","coordinates":[[-70.3823,-23.62857],[-70.38276,-23.62855]]}},{"type":"Feature","properties":{"nombre":"Avenida Salvador Allende","jerarquia":2},"geometry":{"type":"LineString","coordinates":[[-70.38276,-23.62855],[-70.38323,-23.62853]]}},{"type":"Feature","properties":{"nombre":"Avenida Salvador Allende","jerarquia":2},"geometry":{"type":"LineString","coordinates":[[-70.38323,-23.62853],[-70.38367,-23.62851]]}},{"type":"Feature","properties":{"nombre":"Avenida Salvador Allende","jerarquia":2},"geometry":{"type":"LineString","coordinates":[[-70.38367,-23.62851],[-70.38415,-23.62849]]}},{"type":"Feature","properties":{"nombre":"Avenida Salvador Allende","jerarquia":2},"geometry":{"type":"LineString","coordinates":[[-70.38415,-23.62849],[-70.3846,-23.62846]]}},{"type":"Feature","properties":{"nombre":"Avenida Salvador Allende","jerarquia":2},"geometry":{"type":"LineString","coordinates":[[-70.3846,-23.62846],[-70.38494,-23.62845]]}},{"type":"Feature","properties":{"nombre":"Avenida Salvador Allende","jerarquia":2},"geometry":{"type":"LineString","coordinates":[[-70.38494,-23.62845],[-70.38508,-23.62844]]}},{"type":"Feature","properties":{"nombre":"Avenida Salvador Allende","jerarquia":2},"geometry":{"type":"LineString","coordinates":[[-70.38508,-23.62844],[-70.38604,-23.6284]]}},{"type":"Feature","properties":{"nombre":"Avenida Salvador Allende","jerarquia":2},"geometry":{"type":"LineString","coordinates":[[-70.38604,-23.6284],[-70.38652,-23.62838]]}},{"type":"Feature","properties":{"nombre":"Avenida Salvador Allende","jerarquia":2},"geometry":{"type":"LineString","coordinates":[[-70.38495,-23.62856],[-70.38156,-23.62872]]}},{"type":"Feature","properties":{"nombre":"Avenida Salvador Allende","jerarquia":2},"geometry":{"type":"LineString","coordinates":[[-70.38156,-23.62872],[-70.38137,-23.62873]]}},{"type":"Feature","properties":{"nombre":"Carlos Condell","jerarquia":4},"geometry":{"type":"LineString","coordinates":[[-70.39392,-23.64667],[-70.39306,-23.64597]]}},{"type":"Feature","properties":{"nombre":"Carlos Condell","jerarquia":4},"geometry":{"type":"LineString","coordinates":[[-70.39306,-23.64597],[-70.39246,-23.64548]]}},{"type":"Feature","properties":{"nombre":"Carlos Condell","jerarquia":4},"geometry":{"type":"LineString","coordinates":[[-70.39246,-23.64548],[-70.39239,-23.64542]]}},{"type":"Feature","properties":{"nombre":"Orella","jerarquia":5},"geometry":{"type":"LineString","coordinates":[[-70.39559,-23.65617],[-70.39526,-23.65651]]}},{"type":"Feature","properties":{"nombre":"Orella","jerarquia":5},"geometry":{"type":"LineString","coordinates":[[-70.39526,-23.65651],[-70.39447,-23.65733]]}},{"type":"Feature","properties":{"nombre":"Orella","jerarquia":5},"geometry":{"type":"LineString","coordinates":[[-70.39447,-23.65733],[-70.39391,-23.65791]]}},{"type":"Feature","properties":{"nombre":"Orella","jerarquia":5},"geometry":{"type":"LineString","coordinates":[[-70.39391,-23.65791],[-70.39368,-23.65815]]}},{"type":"Feature","properties":{"nombre":"Orella","jerarquia":5},"geometry":{"type":"LineString","coordinates":[[-70.39368,-23.65815],[-70.393,-23.65885]]}},{"type":"Feature","properties":{"nombre":"Teniente Luis Uribe","jerarquia":5},"geometry":{"type":"LineString","coordinates":[[-70.39223,-23.6578],[-70.39271,-23.65732]]}},{"type":"Feature","properties":{"nombre":"Teniente Luis Uribe","jerarquia":5},"geometry":{"type":"LineString","coordinates":[[-70.39271,-23.65732],[-70.39317,-23.65687]]}},{"type":"Feature","properties":{"nombre":"Teniente Luis Uribe","jerarquia":5},"geometry":{"type":"LineString","coordinates":[[-70.39317,-23.65687],[-70.3935,-23.65653]]}},{"type":"Feature","properties":{"nombre":"Teniente Luis Uribe","jerarquia":5},"geometry":{"type":"LineString","coordinates":[[-70.3935,-23.65653],[-70.39388,-23.65615]]}},{"type":"Feature","properties":{"nombre":"Teniente Luis Uribe","jerarquia":5},"geometry":{"type":"LineString","coordinates":[[-70.39388,-23.65615],[-70.39404,-23.65598]]}},{"type":"Feature","properties":{"nombre":"Teniente Luis Uribe","jerarquia":5},"geometry":{"type":"LineString","coordinates":[[-70.39404,-23.65598],[-70.39429,-23.65573]]}},{"type":"Feature","properties":{"nombre":"Teniente Luis Uribe","jerarquia":5},"geometry":{"type":"LineString","coordinates":[[-70.39429,-23.65573],[-70.39498,-23.65504]]}},{"type":"Feature","properties":{"nombre":"Ruta 5 Norte","jerarquia":2},"geometry":{"type":"LineString","coordinates":[[-70.31458,-23.82129],[-70.31465,-23.82029]]}},{"type":"Feature","properties":{"nombre":"Ruta 5 Norte","jerarquia":2},"geometry":{"type":"LineString","coordinates":[[-70.31482,-23.81897],[-70.31476,-23.81989]]}},{"type":"Feature","properties":{"nombre":"Ruta 5 Norte","jerarquia":2},"geometry":{"type":"LineString","coordinates":[[-70.31465,-23.82029],[-70.31481,-23.8178]]}},{"type":"Feature","properties":{"nombre":"Ruta 5 Norte","jerarquia":2},"geometry":{"type":"LineString","coordinates":[[-70.31471,-23.82059],[-70.31456,-23.82181]]}},{"type":"Feature","properties":{"nombre":"Ruta 5 Norte","jerarquia":2},"geometry":{"type":"LineString","coordinates":[[-70.31473,-23.82035],[-70.31471,-23.82059]]}},{"type":"Feature","properties":{"nombre":"Ruta 5 Norte","jerarquia":2},"geometry":{"type":"LineString","coordinates":[[-70.31473,-23.82028],[-70.31473,-23.82035]]}},{"type":"Feature","properties":{"nombre":"Ruta 5 Norte","jerarquia":2},"geometry":{"type":"LineString","coordinates":[[-70.31476,-23.81989],[-70.31473,-23.82028]]}},{"type":"Feature","properties":{"nombre":"Ruta 5 Norte","jerarquia":2},"geometry":{"type":"LineString","coordinates":[[-70.31456,-23.82181],[-70.31458,-23.82129]]}},{"type":"Feature","properties":{"nombre":"Ruta 5 Norte","jerarquia":2},"geometry":{"type":"LineString","coordinates":[[-70.31481,-23.8178],[-70.31485,-23.81831],[-70.31482,-23.81897]]}},{"type":"Feature","properties":{"nombre":"Ruta 5 Norte","jerarquia":2},"geometry":{"type":"LineString","coordinates":[[-70.31429,-23.82547],[-70.31456,-23.82181]]}},{"type":"Feature","properties":{"nombre":"Ruta 5 Norte","jerarquia":2},"geometry":{"type":"LineString","coordinates":[[-70.31374,-23.83346],[-70.31429,-23.82547]]}},{"type":"Feature","properties":{"nombre":"Ruta Minera","jerarquia":5},"geometry":{"type":"LineString","coordinates":[[-70.31182,-23.77468],[-70.31334,-23.77586]]}},{"type":"Feature","properties":{"nombre":"Ruta Minera","jerarquia":5},"geometry":{"type":"LineString","coordinates":[[-70.31253,-23.77534],[-70.31182,-23.77468]]}},{"type":"Feature","properties":{"nombre":"Ruta Minera","jerarquia":5},"geometry":{"type":"LineString","coordinates":[[-70.31317,-23.77593],[-70.31253,-23.77534]]}},{"type":"Feature","properties":{"nombre":"Ruta 5 Norte","jerarquia":2},"geometry":{"type":"LineString","coordinates":[[-70.31717,-23.77762],[-70.31729,-23.77819]]}},{"type":"Feature","properties":{"nombre":"Ruta 5 Norte","jerarquia":2},"geometry":{"type":"LineString","coordinates":[[-70.31744,-23.78029],[-70.3174,-23.78109]]}},{"type":"Feature","properties":{"nombre":"Ruta 5 Norte","jerarquia":2},"geometry":{"type":"LineString","coordinates":[[-70.31724,-23.77866],[-70.31715,-23.77819]]}},{"type":"Feature","properties":{"nombre":"Ruta 5 Norte","jerarquia":2},"geometry":{"type":"LineString","coordinates":[[-70.31715,-23.77819],[-70.31697,-23.77749]]}},{"type":"Feature","properties":{"nombre":"Ruta 5 Norte","jerarquia":2},"geometry":{"type":"LineString","coordinates":[[-70.31721,-23.7839],[-70.31713,-23.78506]]}},{"type":"Feature","properties":{"nombre":"Ruta 5 Norte","jerarquia":2},"geometry":{"type":"LineString","coordinates":[[-70.3174,-23.78109],[-70.31734,-23.78205]]}},{"type":"Feature","properties":{"nombre":"Ruta 5 Norte","jerarquia":2},"geometry":{"type":"LineString","coordinates":[[-70.31724,-23.78109],[-70.31727,-23.78065]]}},{"type":"Feature","properties":{"nombre":"Ruta 5 Norte","jerarquia":2},"geometry":{"type":"LineString","coordinates":[[-70.31722,-23.78146],[-70.31724,-23.78109]]}},{"type":"Feature","properties":{"nombre":"Ruta 5 Norte","jerarquia":2},"geometry":{"type":"LineString","coordinates":[[-70.31718,-23.78198],[-70.31722,-23.78146]]}},{"type":"Feature","properties":{"nombre":"Ruta 5 Norte","jerarquia":2},"geometry":{"type":"LineString","coordinates":[[-70.31713,-23.78506],[-70.31702,-23.78672]]}},{"type":"Feature","properties":{"nombre":"Ruta 5 Norte","jerarquia":2},"geometry":{"type":"LineString","coordinates":[[-70.31734,-23.78205],[-70.31727,-23.78299]]}},{"type":"Feature","properties":{"nombre":"Ruta 5 Norte","jerarquia":2},"geometry":{"type":"LineString","coordinates":[[-70.31727,-23.78299],[-70.31721,-23.7839]]}},{"type":"Feature","properties":{"nombre":"Ruta 5 Norte","jerarquia":2},"geometry":{"type":"LineString","coordinates":[[-70.31702,-23.78672],[-70.31669,-23.7917]]}},{"type":"Feature","properties":{"nombre":"Ruta 5 Norte","jerarquia":2},"geometry":{"type":"LineString","coordinates":[[-70.31656,-23.79168],[-70.31678,-23.78828]]}},{"type":"Feature","properties":{"nombre":"Ruta 5 Norte","jerarquia":2},"geometry":{"type":"LineString","coordinates":[[-70.31678,-23.78828],[-70.31693,-23.78596]]}},{"type":"Feature","properties":{"nombre":"Ruta 5 Norte","jerarquia":2},"geometry":{"type":"LineString","coordinates":[[-70.31693,-23.78596],[-70.31718,-23.78198]]}},{"type":"Feature","properties":{"nombre":"Ruta 5 Norte","jerarquia":2},"geometry":{"type":"LineString","coordinates":[[-70.31652,-23.79251],[-70.31654,-23.79227]]}},{"type":"Feature","properties":{"nombre":"Ruta 5 Norte","jerarquia":2},"geometry":{"type":"LineString","coordinates":[[-70.31654,-23.79227],[-70.31656,-23.79168]]}},{"type":"Feature","properties":{"nombre":"Ruta 5 Norte","jerarquia":2},"geometry":{"type":"LineString","coordinates":[[-70.31669,-23.7917],[-70.31652,-23.79251]]}},{"type":"Feature","properties":{"nombre":"Ruta 5 Norte","jerarquia":2},"geometry":{"type":"LineString","coordinates":[[-70.31638,-23.7945],[-70.31647,-23.79337]]}},{"type":"Feature","properties":{"nombre":"Ruta 5 Norte","jerarquia":2},"geometry":{"type":"LineString","coordinates":[[-70.31626,-23.79627],[-70.31638,-23.7945]]}},{"type":"Feature","properties":{"nombre":"Ruta 5 Norte","jerarquia":2},"geometry":{"type":"LineString","coordinates":[[-70.31647,-23.79337],[-70.31648,-23.79312]]}},{"type":"Feature","properties":{"nombre":"Ruta 5 Norte","jerarquia":2},"geometry":{"type":"LineString","coordinates":[[-70.31648,-23.79312],[-70.31652,-23.79251]]}},{"type":"Feature","properties":{"nombre":"Ruta 5 Norte","jerarquia":2},"geometry":{"type":"LineString","coordinates":[[-70.31481,-23.8178],[-70.3151,-23.8134]]}},{"type":"Feature","properties":{"nombre":"Ruta 28","jerarquia":2},"geometry":{"type":"LineString","coordinates":[[-70.32772,-23.76577],[-70.3267,-23.76689]]}},{"type":"Feature","properties":{"nombre":"Ruta 28","jerarquia":2},"geometry":{"type":"LineString","coordinates":[[-70.32396,-23.7696],[-70.32671,-23.76672]]}},{"type":"Feature","properties":{"nombre":"Ruta 28","jerarquia":2},"geometry":{"type":"LineString","coordinates":[[-70.33781,-23.76054],[-70.33884,-23.76041]]}},{"type":"Feature","properties":{"nombre":"Ruta 28","jerarquia":2},"geometry":{"type":"LineString","coordinates":[[-70.32671,-23.76672],[-70.33011,-23.76297],[-70.33082,-23.76241],[-70.3316,-23.76192],[-70.33275,-23.76141],[-70.33385,-23.76109],[-70.33781,-23.76054]]}},{"type":"Feature","properties":{"nombre":"Ruta 28","jerarquia":2},"geometry":{"type":"LineString","coordinates":[[-70.3345,-23.76109],[-70.33377,-23.76122]]}},{"type":"Feature","properties":{"nombre":"Ruta 28","jerarquia":2},"geometry":{"type":"LineString","coordinates":[[-70.34437,-23.75906],[-70.3429,-23.75973],[-70.34173,-23.76009],[-70.34072,-23.76027],[-70.33822,-23.7606]]}},{"type":"Feature","properties":{"nombre":"Ruta 28","jerarquia":2},"geometry":{"type":"LineString","coordinates":[[-70.33822,-23.7606],[-70.3345,-23.76109]]}},{"type":"Feature","properties":{"nombre":"Ruta 28","jerarquia":2},"geometry":{"type":"LineString","coordinates":[[-70.3267,-23.76689],[-70.32422,-23.76965]]}},{"type":"Feature","properties":{"nombre":"Ruta 28","jerarquia":2},"geometry":{"type":"LineString","coordinates":[[-70.32831,-23.76511],[-70.32772,-23.76577]]}},{"type":"Feature","properties":{"nombre":"Ruta 28","jerarquia":2},"geometry":{"type":"LineString","coordinates":[[-70.32356,-23.77038],[-70.32052,-23.77378]]}},{"type":"Feature","properties":{"nombre":"Ruta 28","jerarquia":2},"geometry":{"type":"LineString","coordinates":[[-70.32407,-23.76982],[-70.32356,-23.77038]]}},{"type":"Feature","properties":{"nombre":"Ruta 5 Norte","jerarquia":2},"geometry":{"type":"LineString","coordinates":[[-70.30429,-23.74597],[-70.30423,-23.74582]]}},{"type":"Feature","properties":{"nombre":"Ruta 5 Norte","jerarquia":2},"geometry":{"type":"LineString","coordinates":[[-70.30436,-23.74613],[-70.30429,-23.74597]]}},{"type":"Feature","properties":{"nombre":"Ruta 5 Norte","jerarquia":2},"geometry":{"type":"LineString","coordinates":[[-70.30423,-23.74582],[-70.3028,-23.74218]]}},{"type":"Feature","properties":{"nombre":"Ruta 5 Norte","jerarquia":2},"geometry":{"type":"LineString","coordinates":[[-70.30521,-23.74814],[-70.30471,-23.74703]]}},{"type":"Feature","properties":{"nombre":"Ruta 5 Norte","jerarquia":2},"geometry":{"type":"LineString","coordinates":[[-70.30377,-23.74436],[-70.3044,-23.74593]]}},{"type":"Feature","properties":{"nombre":"Ruta 5 Norte","jerarquia":2},"geometry":{"type":"LineString","coordinates":[[-70.3044,-23.74593],[-70.30521,-23.74814]]}},{"type":"Feature","properties":{"nombre":"Ruta 5 Norte","jerarquia":2},"geometry":{"type":"LineString","coordinates":[[-70.3028,-23.74218],[-70.30333,-23.74328],[-70.30377,-23.74436]]}},{"type":"Feature","properties":{"nombre":"Ruta 5 Norte","jerarquia":2},"geometry":{"type":"LineString","coordinates":[[-70.30471,-23.74703],[-70.30436,-23.74613]]}},{"type":"Feature","properties":{"nombre":"Ruta 5 Norte","jerarquia":2},"geometry":{"type":"LineString","coordinates":[[-70.30923,-23.75824],[-70.30765,-23.75429]]}},{"type":"Feature","properties":{"nombre":"Ruta 5 Norte","jerarquia":2},"geometry":{"type":"LineString","coordinates":[[-70.30765,-23.75429],[-70.30696,-23.75256]]}},{"type":"Feature","properties":{"nombre":"Ruta 5 Norte","jerarquia":2},"geometry":{"type":"LineString","coordinates":[[-70.30696,-23.75256],[-70.30521,-23.74814]]}},{"type":"Feature","properties":{"nombre":"Ruta 5 Norte","jerarquia":2},"geometry":{"type":"LineString","coordinates":[[-70.30963,-23.75924],[-70.30923,-23.75824]]}},{"type":"Feature","properties":{"nombre":"Ruta 5 Norte","jerarquia":2},"geometry":{"type":"LineString","coordinates":[[-70.30995,-23.76005],[-70.30963,-23.75924]]}},{"type":"Feature","properties":{"nombre":"Ruta 5 Norte","jerarquia":2},"geometry":{"type":"LineString","coordinates":[[-70.31021,-23.76069],[-70.31002,-23.76023]]}},{"type":"Feature","properties":{"nombre":"Ruta 5 Norte","jerarquia":2},"geometry":{"type":"LineString","coordinates":[[-70.31002,-23.76023],[-70.30995,-23.76005]]}},{"type":"Feature","properties":{"nombre":"Ruta 5 Norte","jerarquia":2},"geometry":{"type":"LineString","coordinates":[[-70.3112,-23.76313],[-70.3105,-23.7614]]}},{"type":"Feature","properties":{"nombre":"Ruta 5 Norte","jerarquia":2},"geometry":{"type":"LineString","coordinates":[[-70.31231,-23.7659],[-70.3112,-23.76313]]}},{"type":"Feature","properties":{"nombre":"Ruta 28","jerarquia":2},"geometry":{"type":"LineString","coordinates":[[-70.31903,-23.77463],[-70.31947,-23.77442]]}},{"type":"Feature","properties":{"nombre":"Ruta 28","jerarquia":2},"geometry":{"type":"LineString","coordinates":[[-70.35911,-23.74435],[-70.35874,-23.74542],[-70.3586,-23.74569],[-70.35827,-23.74615],[-70.35777,-23.74659],[-70.35628,-23.7475],[-70.35547,-23.74814],[-70.35346,-23.75041],[-70.35316,-23.75082],[-70.35291,-23.75124],[-70.35267,-23.75183],[-70.35249,-23.75258],[-70.35217,-23.75443],[-70.35204,-23.7548],[-70.35178,-23.75523],[-70.35145,-23.75558],[-70.35115,-23.7558],[-70.34937,-23.75669]]}},{"type":"Feature","properties":{"nombre":"Ruta 28","jerarquia":2},"geometry":{"type":"LineString","coordinates":[[-70.34499,-23.75832],[-70.34647,-23.75763]]}},{"type":"Feature","properties":{"nombre":"Ruta 28","jerarquia":2},"geometry":{"type":"LineString","coordinates":[[-70.34673,-23.75794],[-70.3452,-23.75866]]}},{"type":"Feature","properties":{"nombre":"Ruta 28","jerarquia":2},"geometry":{"type":"LineString","coordinates":[[-70.34766,-23.75751],[-70.34673,-23.75794]]}},{"type":"Feature","properties":{"nombre":"Ruta 28","jerarquia":2},"geometry":{"type":"LineString","coordinates":[[-70.34647,-23.75763],[-70.34754,-23.75721]]}},{"type":"Feature","properties":{"nombre":"Ruta 28","jerarquia":2},"geometry":{"type":"LineString","coordinates":[[-70.34425,-23.75867],[-70.34499,-23.75832]]}},{"type":"Feature","properties":{"nombre":"Ruta 28","jerarquia":2},"geometry":{"type":"LineString","coordinates":[[-70.33884,-23.76041],[-70.34061,-23.76017],[-70.34126,-23.76003],[-70.34183,-23.75982],[-70.34425,-23.75867]]}},{"type":"Feature","properties":{"nombre":"Ruta 28","jerarquia":2},"geometry":{"type":"LineString","coordinates":[[-70.3452,-23.75866],[-70.34437,-23.75906]]}},{"type":"Feature","properties":{"nombre":"Ruta 28","jerarquia":2},"geometry":{"type":"LineString","coordinates":[[-70.34937,-23.75669],[-70.34766,-23.75751]]}},{"type":"Feature","properties":{"nombre":"Ruta 28","jerarquia":2},"geometry":{"type":"LineString","coordinates":[[-70.35882,-23.73482],[-70.35879,-23.73439],[-70.35886,-23.73395],[-70.359,-23.73364],[-70.35941,-23.73299]]}},{"type":"Feature","properties":{"nombre":"Ruta 28","jerarquia":2},"geometry":{"type":"LineString","coordinates":[[-70.36091,-23.73832],[-70.35948,-23.73607]]}},{"type":"Feature","properties":{"nombre":"Ruta 28","jerarquia":2},"geometry":{"type":"LineString","coordinates":[[-70.35948,-23.73607],[-70.35897,-23.73523],[-70.35882,-23.73482]]}},{"type":"Feature","properties":{"nombre":"Ruta 28","jerarquia":2},"geometry":{"type":"LineString","coordinates":[[-70.3608,-23.74076],[-70.36133,-23.74],[-70.36145,-23.73954],[-70.36142,-23.73926],[-70.36134,-23.73899],[-70.36091,-23.73832]]}},{"type":"Feature","properties":{"nombre":"Ruta 28","jerarquia":2},"geometry":{"type":"LineString","coordinates":[[-70.36066,-23.74112],[-70.36019,-23.74178],[-70.3598,-23.74247],[-70.35948,-23.74324],[-70.35911,-23.74435]]}},{"type":"Feature","properties":{"nombre":"Ruta 28","jerarquia":2},"geometry":{"type":"LineString","coordinates":[[-70.36064,-23.73771],[-70.36141,-23.73891],[-70.36152,-23.73918],[-70.36156,-23.73946],[-70.36151,-23.73981],[-70.36141,-23.74006],[-70.36066,-23.74112]]}},{"type":"Feature","properties":{"nombre":"Ruta 28","jerarquia":2},"geometry":{"type":"LineString","coordinates":[[-70.35946,-23.74305],[-70.35995,-23.74199],[-70.3608,-23.74076]]}},{"type":"Feature","properties":{"nombre":"Ruta 28","jerarquia":2},"geometry":{"type":"LineString","coordinates":[[-70.40326,-23.69822],[-70.40108,-23.69778],[-70.40048,-23.69777],[-70.40013,-23.69784],[-70.39972,-23.69803],[-70.39856,-23.69885]]}},{"type":"Feature","properties":{"nombre":"Ruta 28","jerarquia":2},"geometry":{"type":"LineString","coordinates":[[-70.39436,-23.70195],[-70.39372,-23.70198]]}},{"type":"Feature","properties":{"nombre":"Ruta 28","jerarquia":2},"geometry":{"type":"LineString","coordinates":[[-70.393,-23.70206],[-70.39272,-23.70224],[-70.39257,-23.70241],[-70.39198,-23.70369]]}},{"type":"Feature","properties":{"nombre":"Ruta 28","jerarquia":2},"geometry":{"type":"LineString","coordinates":[[-70.39125,-23.70512],[-70.39181,-23.70387]]}},{"type":"Feature","properties":{"nombre":"Ruta 28","jerarquia":2},"geometry":{"type":"LineString","coordinates":[[-70.39181,-23.70387],[-70.3924,-23.70253]]}},{"type":"Feature","properties":{"nombre":"Ruta 28","jerarquia":2},"geometry":{"type":"LineString","coordinates":[[-70.39032,-23.70718],[-70.39125,-23.70512]]}},{"type":"Feature","properties":{"nombre":"Ruta 28","jerarquia":2},"geometry":{"type":"LineString","coordinates":[[-70.38641,-23.70986],[-70.3876,-23.70936]]}},{"type":"Feature","properties":{"nombre":"Ruta 28","jerarquia":2},"geometry":{"type":"LineString","coordinates":[[-70.385,-23.71053],[-70.38539,-23.71034]]}},{"type":"Feature","properties":{"nombre":"Ruta 28","jerarquia":2},"geometry":{"type":"LineString","coordinates":[[-70.38607,-23.71002],[-70.38641,-23.70986]]}},{"type":"Feature","properties":{"nombre":"Ruta 28","jerarquia":2},"geometry":{"type":"LineString","coordinates":[[-70.38476,-23.71108],[-70.38394,-23.71151]]}},{"type":"Feature","properties":{"nombre":"Ruta 28","jerarquia":2},"geometry":{"type":"LineString","coordinates":[[-70.3856,-23.71063],[-70.38476,-23.71108]]}},{"type":"Feature","properties":{"nombre":"Ruta 28","jerarquia":2},"geometry":{"type":"LineString","coordinates":[[-70.38642,-23.7102],[-70.3856,-23.71063]]}},{"type":"Feature","properties":{"nombre":"Ruta 28","jerarquia":2},"geometry":{"type":"LineString","coordinates":[[-70.39198,-23.70369],[-70.39036,-23.7073],[-70.38985,-23.70808],[-70.38941,-23.70852],[-70.38891,-23.70887],[-70.38642,-23.7102]]}},{"type":"Feature","properties":{"nombre":"Ruta 28","jerarquia":2},"geometry":{"type":"LineString","coordinates":[[-70.3876,-23.70936],[-70.38869,-23.70886],[-70.3893,-23.70846],[-70.38988,-23.70788],[-70.39032,-23.70718]]}},{"type":"Feature","properties":{"nombre":"Ruta 28","jerarquia":2},"geometry":{"type":"LineString","coordinates":[[-70.38539,-23.71034],[-70.38607,-23.71002]]}},{"type":"Feature","properties":{"nombre":"Ruta 28","jerarquia":2},"geometry":{"type":"LineString","coordinates":[[-70.38458,-23.71073],[-70.385,-23.71053]]}},{"type":"Feature","properties":{"nombre":"Ruta 28","jerarquia":2},"geometry":{"type":"LineString","coordinates":[[-70.38383,-23.71114],[-70.38458,-23.71073]]}},{"type":"Feature","properties":{"nombre":"Avenida Ejército","jerarquia":2},"geometry":{"type":"LineString","coordinates":[[-70.42172,-23.69526],[-70.42179,-23.69579]]}},{"type":"Feature","properties":{"nombre":"Avenida Ejército","jerarquia":2},"geometry":{"type":"LineString","coordinates":[[-70.42156,-23.69519],[-70.42154,-23.69506]]}},{"type":"Feature","properties":{"nombre":"Avenida de la Minería","jerarquia":2},"geometry":{"type":"LineString","coordinates":[[-70.40895,-23.69936],[-70.40715,-23.699]]}},{"type":"Feature","properties":{"nombre":"Avenida Angamos","jerarquia":4},"geometry":{"type":"LineString","coordinates":[[-70.41513,-23.69706],[-70.41464,-23.69726]]}},{"type":"Feature","properties":{"nombre":"Avenida Angamos","jerarquia":4},"geometry":{"type":"LineString","coordinates":[[-70.41564,-23.69688],[-70.41551,-23.69693]]}},{"type":"Feature","properties":{"nombre":"Avenida Angamos","jerarquia":4},"geometry":{"type":"LineString","coordinates":[[-70.41551,-23.69693],[-70.41513,-23.69706]]}},{"type":"Feature","properties":{"nombre":"Avenida Angamos","jerarquia":4},"geometry":{"type":"LineString","coordinates":[[-70.4161,-23.69669],[-70.41564,-23.69688]]}},{"type":"Feature","properties":{"nombre":"Avenida Angamos","jerarquia":4},"geometry":{"type":"LineString","coordinates":[[-70.415,-23.69697],[-70.41543,-23.69682]]}},{"type":"Feature","properties":{"nombre":"Avenida Angamos","jerarquia":4},"geometry":{"type":"LineString","coordinates":[[-70.41446,-23.69721],[-70.415,-23.69697]]}},{"type":"Feature","properties":{"nombre":"Oficina Petronila","jerarquia":5},"geometry":{"type":"LineString","coordinates":[[-70.39454,-23.56235],[-70.39492,-23.56232]]}},{"type":"Feature","properties":{"nombre":"Avenida Edmundo Pérez Zujovic","jerarquia":2},"geometry":{"type":"LineString","coordinates":[[-70.40067,-23.56124],[-70.40082,-23.56098]]}},{"type":"Feature","properties":{"nombre":"","jerarquia":2},"geometry":{"type":"LineString","coordinates":[[-70.40082,-23.56098],[-70.40054,-23.56098]]}},{"type":"Feature","properties":{"nombre":"Avenida Edmundo Pérez Zujovic","jerarquia":2},"geometry":{"type":"LineString","coordinates":[[-70.40123,-23.5605],[-70.401,-23.5609]]}},{"type":"Feature","properties":{"nombre":"Avenida Edmundo Pérez Zujovic","jerarquia":2},"geometry":{"type":"LineString","coordinates":[[-70.40148,-23.56002],[-70.40123,-23.5605]]}},{"type":"Feature","properties":{"nombre":"Avenida Edmundo Pérez Zujovic","jerarquia":2},"geometry":{"type":"LineString","coordinates":[[-70.40082,-23.56098],[-70.4013,-23.56013]]}},{"type":"Feature","properties":{"nombre":"Avenida Edmundo Pérez Zujovic","jerarquia":2},"geometry":{"type":"LineString","coordinates":[[-70.4013,-23.56013],[-70.40139,-23.55998]]}},{"type":"Feature","properties":{"nombre":"Avenida Edmundo Pérez Zujovic","jerarquia":2},"geometry":{"type":"LineString","coordinates":[[-70.4003,-23.56188],[-70.40067,-23.56124]]}},{"type":"Feature","properties":{"nombre":"Oficina Petronila","jerarquia":5},"geometry":{"type":"LineString","coordinates":[[-70.39816,-23.56263],[-70.3985,-23.56266]]}},{"type":"Feature","properties":{"nombre":"Oficina Petronila","jerarquia":5},"geometry":{"type":"LineString","coordinates":[[-70.3985,-23.56266],[-70.3986,-23.56268]]}},{"type":"Feature","properties":{"nombre":"Oficina Petronila","jerarquia":5},"geometry":{"type":"LineString","coordinates":[[-70.3986,-23.56268],[-70.39949,-23.56276]]}},{"type":"Feature","properties":{"nombre":"Oficina Petronila","jerarquia":5},"geometry":{"type":"LineString","coordinates":[[-70.39769,-23.56259],[-70.39801,-23.56262]]}},{"type":"Feature","properties":{"nombre":"Oficina Petronila","jerarquia":5},"geometry":{"type":"LineString","coordinates":[[-70.39801,-23.56262],[-70.39816,-23.56263]]}},{"type":"Feature","properties":{"nombre":"Avenida Antonio Rendic","jerarquia":4},"geometry":{"type":"LineString","coordinates":[[-70.38936,-23.63069],[-70.38933,-23.63112]]}},{"type":"Feature","properties":{"nombre":"Avenida Antonio Rendic","jerarquia":4},"geometry":{"type":"LineString","coordinates":[[-70.38933,-23.63112],[-70.38933,-23.63119]]}},{"type":"Feature","properties":{"nombre":"Avenida Antonio Rendic","jerarquia":4},"geometry":{"type":"LineString","coordinates":[[-70.38952,-23.62834],[-70.38936,-23.63069]]}},{"type":"Feature","properties":{"nombre":"Ruta 26","jerarquia":2},"geometry":{"type":"LineString","coordinates":[[-70.37213,-23.62844],[-70.37194,-23.62812]]}},{"type":"Feature","properties":{"nombre":"","jerarquia":2},"geometry":{"type":"LineString","coordinates":[[-70.37615,-23.62954],[-70.37626,-23.62944]]}},{"type":"Feature","properties":{"nombre":"Iquique","jerarquia":3},"geometry":{"type":"LineString","coordinates":[[-70.39415,-23.62816],[-70.39414,-23.62837]]}},{"type":"Feature","properties":{"nombre":"Iquique","jerarquia":3},"geometry":{"type":"LineString","coordinates":[[-70.39414,-23.62837],[-70.39414,-23.62848]]}},{"type":"Feature","properties":{"nombre":"Avenida Salvador Allende","jerarquia":2},"geometry":{"type":"LineString","coordinates":[[-70.38652,-23.62838],[-70.38692,-23.62836]]}},{"type":"Feature","properties":{"nombre":"Avenida Salvador Allende","jerarquia":2},"geometry":{"type":"LineString","coordinates":[[-70.38692,-23.62836],[-70.38704,-23.62835]]}},{"type":"Feature","properties":{"nombre":"Avenida Salvador Allende","jerarquia":2},"geometry":{"type":"LineString","coordinates":[[-70.38939,-23.62834],[-70.38824,-23.6284]]}},{"type":"Feature","properties":{"nombre":"Avenida Salvador Allende","jerarquia":2},"geometry":{"type":"LineString","coordinates":[[-70.38824,-23.6284],[-70.38771,-23.62843]]}},{"type":"Feature","properties":{"nombre":"Avenida Salvador Allende","jerarquia":2},"geometry":{"type":"LineString","coordinates":[[-70.38057,-23.62865],[-70.38064,-23.62864]]}},{"type":"Feature","properties":{"nombre":"Avenida Salvador Allende","jerarquia":2},"geometry":{"type":"LineString","coordinates":[[-70.38064,-23.62864],[-70.38099,-23.62863]]}},{"type":"Feature","properties":{"nombre":"Avenida Salvador Allende","jerarquia":2},"geometry":{"type":"LineString","coordinates":[[-70.38099,-23.62863],[-70.38122,-23.62862]]}},{"type":"Feature","properties":{"nombre":"Avenida Salvador Allende","jerarquia":2},"geometry":{"type":"LineString","coordinates":[[-70.38122,-23.62862],[-70.38136,-23.62861]]}},{"type":"Feature","properties":{"nombre":"Avenida Salvador Allende","jerarquia":2},"geometry":{"type":"LineString","coordinates":[[-70.37779,-23.62879],[-70.37831,-23.62875]]}},{"type":"Feature","properties":{"nombre":"Avenida Salvador Allende","jerarquia":2},"geometry":{"type":"LineString","coordinates":[[-70.37619,-23.62904],[-70.37686,-23.62892]]}},{"type":"Feature","properties":{"nombre":"Avenida Circunvalación Padre Alberto Hurtado","jerarquia":4},"geometry":{"type":"LineString","coordinates":[[-70.37746,-23.62892],[-70.37739,-23.62882]]}},{"type":"Feature","properties":{"nombre":"Avenida Salvador Allende","jerarquia":2},"geometry":{"type":"LineString","coordinates":[[-70.37802,-23.62888],[-70.37755,-23.62891]]}},{"type":"Feature","properties":{"nombre":"Avenida Salvador Allende","jerarquia":2},"geometry":{"type":"LineString","coordinates":[[-70.37755,-23.62891],[-70.37746,-23.62892]]}},{"type":"Feature","properties":{"nombre":"Guillermo Serey","jerarquia":4},"geometry":{"type":"LineString","coordinates":[[-70.37437,-23.63],[-70.37461,-23.63026]]}},{"type":"Feature","properties":{"nombre":"Avenida Salvador Allende","jerarquia":2},"geometry":{"type":"LineString","coordinates":[[-70.37235,-23.62884],[-70.37213,-23.62844]]}},{"type":"Feature","properties":{"nombre":"Avenida Salvador Allende","jerarquia":2},"geometry":{"type":"LineString","coordinates":[[-70.37367,-23.6294],[-70.37338,-23.62937]]}},{"type":"Feature","properties":{"nombre":"Avenida Salvador Allende","jerarquia":2},"geometry":{"type":"LineString","coordinates":[[-70.37338,-23.62937],[-70.37284,-23.62926]]}},{"type":"Feature","properties":{"nombre":"Avenida Salvador Allende","jerarquia":2},"geometry":{"type":"LineString","coordinates":[[-70.37213,-23.62844],[-70.37247,-23.62873],[-70.37277,-23.6289]]}},{"type":"Feature","properties":{"nombre":"Avenida Salvador Allende","jerarquia":2},"geometry":{"type":"LineString","coordinates":[[-70.37746,-23.62892],[-70.3765,-23.6291]]}},{"type":"Feature","properties":{"nombre":"Avenida Salvador Allende","jerarquia":2},"geometry":{"type":"LineString","coordinates":[[-70.3765,-23.6291],[-70.37606,-23.62918]]}},{"type":"Feature","properties":{"nombre":"Avenida Salvador Allende","jerarquia":2},"geometry":{"type":"LineString","coordinates":[[-70.37686,-23.62892],[-70.37722,-23.62885]]}},{"type":"Feature","properties":{"nombre":"Avenida Salvador Allende","jerarquia":2},"geometry":{"type":"LineString","coordinates":[[-70.37722,-23.62885],[-70.37739,-23.62882]]}},{"type":"Feature","properties":{"nombre":"Avenida Salvador Allende","jerarquia":2},"geometry":{"type":"LineString","coordinates":[[-70.37739,-23.62882],[-70.37779,-23.62879]]}},{"type":"Feature","properties":{"nombre":"Avenida Salvador Allende","jerarquia":2},"geometry":{"type":"LineString","coordinates":[[-70.37837,-23.62886],[-70.37802,-23.62888]]}},{"type":"Feature","properties":{"nombre":"Paraguay","jerarquia":5},"geometry":{"type":"LineString","coordinates":[[-70.37745,-23.62984],[-70.37699,-23.62974]]}},{"type":"Feature","properties":{"nombre":"Paraguay","jerarquia":5},"geometry":{"type":"LineString","coordinates":[[-70.37699,-23.62974],[-70.37658,-23.62964]]}},{"type":"Feature","properties":{"nombre":"Paraguay","jerarquia":5},"geometry":{"type":"LineString","coordinates":[[-70.37658,-23.62964],[-70.37642,-23.62961]]}},{"type":"Feature","properties":{"nombre":"Paraguay","jerarquia":5},"geometry":{"type":"LineString","coordinates":[[-70.37642,-23.62961],[-70.37632,-23.62959]]}},{"type":"Feature","properties":{"nombre":"Paraguay","jerarquia":5},"geometry":{"type":"LineString","coordinates":[[-70.37632,-23.62959],[-70.37615,-23.62954]]}},{"type":"Feature","properties":{"nombre":"Avenida Salvador Allende","jerarquia":2},"geometry":{"type":"LineString","coordinates":[[-70.38137,-23.62873],[-70.38088,-23.62875]]}},{"type":"Feature","properties":{"nombre":"Avenida Salvador Allende","jerarquia":2},"geometry":{"type":"LineString","coordinates":[[-70.38088,-23.62875],[-70.38055,-23.62877]]}},{"type":"Feature","properties":{"nombre":"Avenida Salvador Allende","jerarquia":2},"geometry":{"type":"LineString","coordinates":[[-70.38055,-23.62877],[-70.38017,-23.62878]]}},{"type":"Feature","properties":{"nombre":"Avenida Salvador Allende","jerarquia":2},"geometry":{"type":"LineString","coordinates":[[-70.38017,-23.62878],[-70.37993,-23.62879]]}},{"type":"Feature","properties":{"nombre":"Avenida Salvador Allende","jerarquia":2},"geometry":{"type":"LineString","coordinates":[[-70.37993,-23.62879],[-70.37987,-23.6288]]}},{"type":"Feature","properties":{"nombre":"Avenida Salvador Allende","jerarquia":2},"geometry":{"type":"LineString","coordinates":[[-70.37987,-23.6288],[-70.37951,-23.62881]]}},{"type":"Feature","properties":{"nombre":"Avenida Salvador Allende","jerarquia":2},"geometry":{"type":"LineString","coordinates":[[-70.37951,-23.62881],[-70.37885,-23.62884]]}},{"type":"Feature","properties":{"nombre":"Avenida Salvador Allende","jerarquia":2},"geometry":{"type":"LineString","coordinates":[[-70.37885,-23.62884],[-70.37837,-23.62886]]}},{"type":"Feature","properties":{"nombre":"Avenida Salvador Allende","jerarquia":2},"geometry":{"type":"LineString","coordinates":[[-70.37831,-23.62875],[-70.37884,-23.62872]]}},{"type":"Feature","properties":{"nombre":"Avenida Salvador Allende","jerarquia":2},"geometry":{"type":"LineString","coordinates":[[-70.37884,-23.62872],[-70.37963,-23.62869]]}},{"type":"Feature","properties":{"nombre":"Avenida Salvador Allende","jerarquia":2},"geometry":{"type":"LineString","coordinates":[[-70.37963,-23.62869],[-70.37992,-23.62868]]}},{"type":"Feature","properties":{"nombre":"Avenida Salvador Allende","jerarquia":2},"geometry":{"type":"LineString","coordinates":[[-70.37992,-23.62868],[-70.37998,-23.62867]]}},{"type":"Feature","properties":{"nombre":"Avenida Salvador Allende","jerarquia":2},"geometry":{"type":"LineString","coordinates":[[-70.37998,-23.62867],[-70.38009,-23.62867]]}},{"type":"Feature","properties":{"nombre":"Avenida Salvador Allende","jerarquia":2},"geometry":{"type":"LineString","coordinates":[[-70.38009,-23.62867],[-70.3803,-23.62866]]}},{"type":"Feature","properties":{"nombre":"Avenida Salvador Allende","jerarquia":2},"geometry":{"type":"LineString","coordinates":[[-70.3803,-23.62866],[-70.38057,-23.62865]]}},{"type":"Feature","properties":{"nombre":"Avenida Salvador Allende","jerarquia":2},"geometry":{"type":"LineString","coordinates":[[-70.39039,-23.62826],[-70.38959,-23.62833]]}},{"type":"Feature","properties":{"nombre":"Avenida Salvador Allende","jerarquia":2},"geometry":{"type":"LineString","coordinates":[[-70.38959,-23.62833],[-70.38952,-23.62834]]}},{"type":"Feature","properties":{"nombre":"Avenida Salvador Allende","jerarquia":2},"geometry":{"type":"LineString","coordinates":[[-70.39591,-23.62854],[-70.39627,-23.62855]]}},{"type":"Feature","properties":{"nombre":"Avenida Salvador Allende","jerarquia":2},"geometry":{"type":"LineString","coordinates":[[-70.39627,-23.62867],[-70.39601,-23.62867]]}},{"type":"Feature","properties":{"nombre":"Avenida Salvador Allende","jerarquia":2},"geometry":{"type":"LineString","coordinates":[[-70.3886,-23.62826],[-70.38885,-23.62825]]}},{"type":"Feature","properties":{"nombre":"Avenida Salvador Allende","jerarquia":2},"geometry":{"type":"LineString","coordinates":[[-70.38885,-23.62825],[-70.38933,-23.62822]]}},{"type":"Feature","properties":{"nombre":"Avenida Salvador Allende","jerarquia":2},"geometry":{"type":"LineString","coordinates":[[-70.38933,-23.62822],[-70.38943,-23.62822]]}},{"type":"Feature","properties":{"nombre":"Avenida Antonio Rendic","jerarquia":4},"geometry":{"type":"LineString","coordinates":[[-70.3884,-23.62521],[-70.38824,-23.62494]]}},{"type":"Feature","properties":{"nombre":"Avenida Antonio Rendic","jerarquia":4},"geometry":{"type":"LineString","coordinates":[[-70.38824,-23.62494],[-70.38817,-23.62482]]}},{"type":"Feature","properties":{"nombre":"Avenida Antonio Rendic","jerarquia":4},"geometry":{"type":"LineString","coordinates":[[-70.38817,-23.62482],[-70.38759,-23.62388]]}},{"type":"Feature","properties":{"nombre":"Avenida Antonio Rendic","jerarquia":4},"geometry":{"type":"LineString","coordinates":[[-70.38764,-23.62385],[-70.38817,-23.62469]]}},{"type":"Feature","properties":{"nombre":"Avenida Antonio Rendic","jerarquia":4},"geometry":{"type":"LineString","coordinates":[[-70.38817,-23.62469],[-70.38823,-23.62479]]}},{"type":"Feature","properties":{"nombre":"Avenida Antonio Rendic","jerarquia":4},"geometry":{"type":"LineString","coordinates":[[-70.38823,-23.62479],[-70.38847,-23.62517]]}},{"type":"Feature","properties":{"nombre":"Avenida Antonio Rendic","jerarquia":4},"geometry":{"type":"LineString","coordinates":[[-70.38901,-23.62631],[-70.38941,-23.62696]]}},{"type":"Feature","properties":{"nombre":"Avenida Antonio Rendic","jerarquia":4},"geometry":{"type":"LineString","coordinates":[[-70.38933,-23.62698],[-70.38895,-23.62634]]}},{"type":"Feature","properties":{"nombre":"Avenida Antonio Rendic","jerarquia":4},"geometry":{"type":"LineString","coordinates":[[-70.38895,-23.62634],[-70.38845,-23.62531]]}},{"type":"Feature","properties":{"nombre":"Avenida Antonio Rendic","jerarquia":4},"geometry":{"type":"LineString","coordinates":[[-70.38845,-23.62531],[-70.3884,-23.62521]]}},{"type":"Feature","properties":{"nombre":"Avenida Antonio Rendic","jerarquia":4},"geometry":{"type":"LineString","coordinates":[[-70.38847,-23.62517],[-70.38901,-23.62631]]}},{"type":"Feature","properties":{"nombre":"Avenida Antonio Rendic","jerarquia":4},"geometry":{"type":"LineString","coordinates":[[-70.38941,-23.62696],[-70.38956,-23.62731],[-70.38953,-23.62808]]}},{"type":"Feature","properties":{"nombre":"Avenida Antonio Rendic","jerarquia":4},"geometry":{"type":"LineString","coordinates":[[-70.38953,-23.62808],[-70.38953,-23.62821]]}},{"type":"Feature","properties":{"nombre":"Avenida Antonio Rendic","jerarquia":4},"geometry":{"type":"LineString","coordinates":[[-70.38943,-23.62822],[-70.38948,-23.62734],[-70.38933,-23.62698]]}},{"type":"Feature","properties":{"nombre":"Ruta 26","jerarquia":2},"geometry":{"type":"LineString","coordinates":[[-70.31155,-23.62471],[-70.30992,-23.62379]]}},{"type":"Feature","properties":{"nombre":"Ruta 26","jerarquia":2},"geometry":{"type":"LineString","coordinates":[[-70.31578,-23.62775],[-70.31514,-23.62734],[-70.31272,-23.62549],[-70.31155,-23.62471]]}},{"type":"Feature","properties":{"nombre":"Ruta 26","jerarquia":2},"geometry":{"type":"LineString","coordinates":[[-70.33146,-23.62508],[-70.33023,-23.62562],[-70.32913,-23.62585]]}},{"type":"Feature","properties":{"nombre":"Ruta 26","jerarquia":2},"geometry":{"type":"LineString","coordinates":[[-70.34376,-23.6253],[-70.3419,-23.62543],[-70.34029,-23.62538],[-70.33812,-23.62508],[-70.3357,-23.62458],[-70.33468,-23.62458]]}},{"type":"Feature","properties":{"nombre":"Ruta 26","jerarquia":2},"geometry":{"type":"LineString","coordinates":[[-70.33468,-23.62458],[-70.33268,-23.62474],[-70.33206,-23.62487],[-70.33146,-23.62508]]}},{"type":"Feature","properties":{"nombre":"Ruta 26","jerarquia":2},"geometry":{"type":"LineString","coordinates":[[-70.34891,-23.62518],[-70.34811,-23.62508]]}},{"type":"Feature","properties":{"nombre":"Ruta 26","jerarquia":2},"geometry":{"type":"LineString","coordinates":[[-70.34993,-23.62533],[-70.34891,-23.62518]]}},{"type":"Feature","properties":{"nombre":"Ruta 26","jerarquia":2},"geometry":{"type":"LineString","coordinates":[[-70.35062,-23.62543],[-70.34993,-23.62533]]}},{"type":"Feature","properties":{"nombre":"Ruta 26","jerarquia":2},"geometry":{"type":"LineString","coordinates":[[-70.35222,-23.62565],[-70.35062,-23.62543]]}},{"type":"Feature","properties":{"nombre":"Ruta 26","jerarquia":2},"geometry":{"type":"LineString","coordinates":[[-70.34811,-23.62508],[-70.34673,-23.62502],[-70.34521,-23.62516]]}},{"type":"Feature","properties":{"nombre":"Ruta 26","jerarquia":2},"geometry":{"type":"LineString","coordinates":[[-70.37194,-23.62812],[-70.37133,-23.62713],[-70.37096,-23.62683],[-70.37061,-23.62668],[-70.37024,-23.62661],[-70.36985,-23.62662],[-70.36881,-23.62693],[-70.36821,-23.62695]]}},{"type":"Feature","properties":{"nombre":"Avenida Salvador Allende","jerarquia":2},"geometry":{"type":"LineString","coordinates":[[-70.37468,-23.6294],[-70.37443,-23.62942]]}},{"type":"Feature","properties":{"nombre":"Avenida Salvador Allende","jerarquia":2},"geometry":{"type":"LineString","coordinates":[[-70.37443,-23.62942],[-70.37367,-23.6294]]}},{"type":"Feature","properties":{"nombre":"Paraguay","jerarquia":5},"geometry":{"type":"LineString","coordinates":[[-70.3777,-23.62991],[-70.37745,-23.62984]]}},{"type":"Feature","properties":{"nombre":"Ruta 1","jerarquia":1},"geometry":{"type":"LineString","coordinates":[[-70.4295,-23.44088],[-70.42953,-23.44076]]}},{"type":"Feature","properties":{"nombre":"Ruta 1","jerarquia":1},"geometry":{"type":"LineString","coordinates":[[-70.42964,-23.44038],[-70.42985,-23.43964]]}},{"type":"Feature","properties":{"nombre":"Ruta 1","jerarquia":1},"geometry":{"type":"LineString","coordinates":[[-70.42708,-23.44954],[-70.42739,-23.44846]]}},{"type":"Feature","properties":{"nombre":"Ruta 1","jerarquia":1},"geometry":{"type":"LineString","coordinates":[[-70.42692,-23.4501],[-70.42708,-23.44954]]}},{"type":"Feature","properties":{"nombre":"Ruta 1","jerarquia":1},"geometry":{"type":"LineString","coordinates":[[-70.42751,-23.4486],[-70.42739,-23.44903]]}},{"type":"Feature","properties":{"nombre":"Ruta 1","jerarquia":1},"geometry":{"type":"LineString","coordinates":[[-70.42781,-23.4475],[-70.42771,-23.44787]]}},{"type":"Feature","properties":{"nombre":"Ruta 1","jerarquia":1},"geometry":{"type":"LineString","coordinates":[[-70.42675,-23.45132],[-70.4266,-23.45183]]}},{"type":"Feature","properties":{"nombre":"Ruta 1","jerarquia":1},"geometry":{"type":"LineString","coordinates":[[-70.42388,-23.4611],[-70.42518,-23.45635]]}},{"type":"Feature","properties":{"nombre":"Ruta 1","jerarquia":1},"geometry":{"type":"LineString","coordinates":[[-70.42528,-23.45655],[-70.42401,-23.46114]]}},{"type":"Feature","properties":{"nombre":"Ruta 1","jerarquia":1},"geometry":{"type":"LineString","coordinates":[[-70.42991,-23.44003],[-70.4298,-23.4404]]}},{"type":"Feature","properties":{"nombre":"Ruta 1","jerarquia":1},"geometry":{"type":"LineString","coordinates":[[-70.4298,-23.4404],[-70.42977,-23.44052]]}},{"type":"Feature","properties":{"nombre":"Ruta 1","jerarquia":1},"geometry":{"type":"LineString","coordinates":[[-70.42953,-23.44076],[-70.42964,-23.44038]]}},{"type":"Feature","properties":{"nombre":"Ruta 1","jerarquia":1},"geometry":{"type":"LineString","coordinates":[[-70.43016,-23.43854],[-70.43028,-23.43811]]}},{"type":"Feature","properties":{"nombre":"Ruta 1","jerarquia":1},"geometry":{"type":"LineString","coordinates":[[-70.43406,-23.42465],[-70.4343,-23.4238]]}},{"type":"Feature","properties":{"nombre":"Ruta 1","jerarquia":1},"geometry":{"type":"LineString","coordinates":[[-70.4336,-23.4263],[-70.43395,-23.42501]]}},{"type":"Feature","properties":{"nombre":"Ruta 1","jerarquia":1},"geometry":{"type":"LineString","coordinates":[[-70.4343,-23.4238],[-70.4364,-23.4163]]}},{"type":"Feature","properties":{"nombre":"Ruta 1","jerarquia":1},"geometry":{"type":"LineString","coordinates":[[-70.43656,-23.41621],[-70.43308,-23.4287]]}},{"type":"Feature","properties":{"nombre":"Ruta 1","jerarquia":1},"geometry":{"type":"LineString","coordinates":[[-70.43308,-23.4287],[-70.43225,-23.43176],[-70.4317,-23.43361]]}},{"type":"Feature","properties":{"nombre":"Ruta 1","jerarquia":1},"geometry":{"type":"LineString","coordinates":[[-70.4364,-23.4163],[-70.43789,-23.41101]]}},{"type":"Feature","properties":{"nombre":"Ruta 1","jerarquia":1},"geometry":{"type":"LineString","coordinates":[[-70.43395,-23.42501],[-70.43406,-23.42465]]}},{"type":"Feature","properties":{"nombre":"Ruta 1","jerarquia":1},"geometry":{"type":"LineString","coordinates":[[-70.41485,-23.48522],[-70.41651,-23.48201]]}},{"type":"Feature","properties":{"nombre":"Ruta 1","jerarquia":1},"geometry":{"type":"LineString","coordinates":[[-70.41664,-23.48207],[-70.41419,-23.4868]]}},{"type":"Feature","properties":{"nombre":"Ruta 1","jerarquia":1},"geometry":{"type":"LineString","coordinates":[[-70.42132,-23.47079],[-70.42061,-23.47334]]}},{"type":"Feature","properties":{"nombre":"Aeropuerto Andrés Sabella Gálvez","jerarquia":5},"geometry":{"type":"LineString","coordinates":[[-70.43827,-23.4507],[-70.43854,-23.45063]]}},{"type":"Feature","properties":{"nombre":"Aeropuerto Andrés Sabella Gálvez","jerarquia":5},"geometry":{"type":"LineString","coordinates":[[-70.43895,-23.4506],[-70.4389,-23.45019]]}},{"type":"Feature","properties":{"nombre":"Aeropuerto Andrés Sabella Gálvez","jerarquia":5},"geometry":{"type":"LineString","coordinates":[[-70.43145,-23.45138],[-70.43266,-23.45134]]}},{"type":"Feature","properties":{"nombre":"Aeropuerto Andrés Sabella Gálvez","jerarquia":5},"geometry":{"type":"LineString","coordinates":[[-70.43082,-23.45144],[-70.43145,-23.45138]]}},{"type":"Feature","properties":{"nombre":"Aeropuerto Andrés Sabella Gálvez","jerarquia":5},"geometry":{"type":"LineString","coordinates":[[-70.43085,-23.4516],[-70.43018,-23.45161]]}},{"type":"Feature","properties":{"nombre":"Aeropuerto Andrés Sabella Gálvez","jerarquia":5},"geometry":{"type":"LineString","coordinates":[[-70.43018,-23.45161],[-70.42994,-23.45161]]}},{"type":"Feature","properties":{"nombre":"Aeropuerto Andrés Sabella Gálvez","jerarquia":5},"geometry":{"type":"LineString","coordinates":[[-70.43149,-23.45153],[-70.43085,-23.4516]]}},{"type":"Feature","properties":{"nombre":"Ruta 1","jerarquia":1},"geometry":{"type":"LineString","coordinates":[[-70.41322,-23.48835],[-70.4135,-23.48781]]}},{"type":"Feature","properties":{"nombre":"Ruta 1","jerarquia":1},"geometry":{"type":"LineString","coordinates":[[-70.41293,-23.48892],[-70.41322,-23.48835]]}},{"type":"Feature","properties":{"nombre":"Ruta 1","jerarquia":1},"geometry":{"type":"LineString","coordinates":[[-70.4135,-23.48781],[-70.41485,-23.48522]]}},{"type":"Feature","properties":{"nombre":"Ruta 1","jerarquia":1},"geometry":{"type":"LineString","coordinates":[[-70.41172,-23.49129],[-70.41293,-23.48892]]}},{"type":"Feature","properties":{"nombre":"Ruta 1","jerarquia":1},"geometry":{"type":"LineString","coordinates":[[-70.41267,-23.48975],[-70.41234,-23.49039]]}},{"type":"Feature","properties":{"nombre":"Ruta 1","jerarquia":1},"geometry":{"type":"LineString","coordinates":[[-70.41348,-23.48818],[-70.41267,-23.48975]]}},{"type":"Feature","properties":{"nombre":"Ruta 1","jerarquia":1},"geometry":{"type":"LineString","coordinates":[[-70.41123,-23.49242],[-70.41172,-23.49129]]}},{"type":"Feature","properties":{"nombre":"Ruta 1","jerarquia":1},"geometry":{"type":"LineString","coordinates":[[-70.41234,-23.49039],[-70.41136,-23.49247]]}},{"type":"Feature","properties":{"nombre":"Ruta 1","jerarquia":1},"geometry":{"type":"LineString","coordinates":[[-70.42143,-23.47041],[-70.42132,-23.47079]]}},{"type":"Feature","properties":{"nombre":"Ruta 1","jerarquia":1},"geometry":{"type":"LineString","coordinates":[[-70.42185,-23.46886],[-70.42143,-23.47041]]}},{"type":"Feature","properties":{"nombre":"Ruta 1","jerarquia":1},"geometry":{"type":"LineString","coordinates":[[-70.42401,-23.46114],[-70.42185,-23.46886]]}},{"type":"Feature","properties":{"nombre":"Ruta 1","jerarquia":1},"geometry":{"type":"LineString","coordinates":[[-70.42529,-23.45594],[-70.42554,-23.45508]]}},{"type":"Feature","properties":{"nombre":"Ruta 1","jerarquia":1},"geometry":{"type":"LineString","coordinates":[[-70.41419,-23.4868],[-70.41348,-23.48818]]}},{"type":"Feature","properties":{"nombre":"Avenida Jaime Guzmán Errázuriz","jerarquia":4},"geometry":{"type":"LineString","coordinates":[[-70.43722,-23.72817],[-70.43688,-23.72731],[-70.43647,-23.72576]]}},{"type":"Feature","properties":{"nombre":"Avenida Jaime Guzmán Errázuriz","jerarquia":4},"geometry":{"type":"LineString","coordinates":[[-70.43647,-23.72576],[-70.43639,-23.72526]]}},{"type":"Feature","properties":{"nombre":"Avenida Jaime Guzmán Errázuriz","jerarquia":4},"geometry":{"type":"LineString","coordinates":[[-70.43639,-23.72526],[-70.43638,-23.72516]]}},{"type":"Feature","properties":{"nombre":"Avenida Jaime Guzmán Errázuriz","jerarquia":4},"geometry":{"type":"LineString","coordinates":[[-70.43638,-23.72516],[-70.43625,-23.72396],[-70.43593,-23.72282]]}},{"type":"Feature","properties":{"nombre":"Avenida Jaime Guzmán Errázuriz","jerarquia":4},"geometry":{"type":"LineString","coordinates":[[-70.43593,-23.72282],[-70.43489,-23.72041]]}},{"type":"Feature","properties":{"nombre":"Avenida Edmundo Pérez Zujovic","jerarquia":2},"geometry":{"type":"LineString","coordinates":[[-70.40139,-23.55998],[-70.4016,-23.55961]]}},{"type":"Feature","properties":{"nombre":"Avenida Edmundo Pérez Zujovic","jerarquia":2},"geometry":{"type":"LineString","coordinates":[[-70.40179,-23.55949],[-70.40154,-23.55992]]}},{"type":"Feature","properties":{"nombre":"Avenida Edmundo Pérez Zujovic","jerarquia":2},"geometry":{"type":"LineString","coordinates":[[-70.40154,-23.55992],[-70.40148,-23.56002]]}},{"type":"Feature","properties":{"nombre":"Avenida Edmundo Pérez Zujovic","jerarquia":2},"geometry":{"type":"LineString","coordinates":[[-70.4009,-23.55371],[-70.40124,-23.55406]]}},{"type":"Feature","properties":{"nombre":"Avenida Edmundo Pérez Zujovic","jerarquia":2},"geometry":{"type":"LineString","coordinates":[[-70.39422,-23.54713],[-70.39772,-23.55049],[-70.4009,-23.55371]]}},{"type":"Feature","properties":{"nombre":"Avenida Edmundo Pérez Zujovic","jerarquia":2},"geometry":{"type":"LineString","coordinates":[[-70.39596,-23.54897],[-70.39404,-23.54711]]}},{"type":"Feature","properties":{"nombre":"Ruta 1","jerarquia":1},"geometry":{"type":"LineString","coordinates":[[-70.393,-23.53533],[-70.39306,-23.53479]]}},{"type":"Feature","properties":{"nombre":"Ruta 1","jerarquia":1},"geometry":{"type":"LineString","coordinates":[[-70.39293,-23.536],[-70.393,-23.53533]]}},{"type":"Feature","properties":{"nombre":"Caletera Pedro Aguirre Cerda","jerarquia":5},"geometry":{"type":"LineString","coordinates":[[-70.3927,-23.53691],[-70.39277,-23.53575]]}},{"type":"Feature","properties":{"nombre":"Caletera Pedro Aguirre Cerda","jerarquia":5},"geometry":{"type":"LineString","coordinates":[[-70.3927,-23.53696],[-70.3927,-23.53691]]}},{"type":"Feature","properties":{"nombre":"Caletera Pedro Aguirre Cerda","jerarquia":5},"geometry":{"type":"LineString","coordinates":[[-70.39264,-23.53775],[-70.3927,-23.53696]]}},{"type":"Feature","properties":{"nombre":"Caletera Pedro Aguirre Cerda","jerarquia":5},"geometry":{"type":"LineString","coordinates":[[-70.39261,-23.53804],[-70.39264,-23.53775]]}},{"type":"Feature","properties":{"nombre":"Ruta 1","jerarquia":1},"geometry":{"type":"LineString","coordinates":[[-70.39298,-23.53678],[-70.39287,-23.5378]]}},{"type":"Feature","properties":{"nombre":"Caletera Pedro Aguirre Cerda","jerarquia":5},"geometry":{"type":"LineString","coordinates":[[-70.40184,-23.51431],[-70.4006,-23.51656],[-70.39838,-23.52085]]}},{"type":"Feature","properties":{"nombre":"Caletera Pedro Aguirre Cerda","jerarquia":5},"geometry":{"type":"LineString","coordinates":[[-70.39838,-23.52085],[-70.39815,-23.52129]]}},{"type":"Feature","properties":{"nombre":"Caletera Pedro Aguirre Cerda","jerarquia":5},"geometry":{"type":"LineString","coordinates":[[-70.40313,-23.51218],[-70.40279,-23.51259],[-70.40189,-23.51421]]}},{"type":"Feature","properties":{"nombre":"Caletera Pedro Aguirre Cerda","jerarquia":5},"geometry":{"type":"LineString","coordinates":[[-70.40189,-23.51421],[-70.40184,-23.51431]]}},{"type":"Feature","properties":{"nombre":"Ruta 1","jerarquia":1},"geometry":{"type":"LineString","coordinates":[[-70.40348,-23.51072],[-70.40371,-23.51031]]}},{"type":"Feature","properties":{"nombre":"Ruta 1","jerarquia":1},"geometry":{"type":"LineString","coordinates":[[-70.40315,-23.51133],[-70.40348,-23.51072]]}},{"type":"Feature","properties":{"nombre":"Ruta 1","jerarquia":1},"geometry":{"type":"LineString","coordinates":[[-70.40308,-23.51171],[-70.40279,-23.51225]]}},{"type":"Feature","properties":{"nombre":"Ruta 1","jerarquia":1},"geometry":{"type":"LineString","coordinates":[[-70.40322,-23.51146],[-70.40308,-23.51171]]}},{"type":"Feature","properties":{"nombre":"Ruta 1","jerarquia":1},"geometry":{"type":"LineString","coordinates":[[-70.40596,-23.50643],[-70.40384,-23.51034]]}},{"type":"Feature","properties":{"nombre":"Ruta 1","jerarquia":1},"geometry":{"type":"LineString","coordinates":[[-70.40736,-23.50328],[-70.40713,-23.5039]]}},{"type":"Feature","properties":{"nombre":"Ruta 1","jerarquia":1},"geometry":{"type":"LineString","coordinates":[[-70.40754,-23.5028],[-70.40736,-23.50328]]}},{"type":"Feature","properties":{"nombre":"Ruta 1","jerarquia":1},"geometry":{"type":"LineString","coordinates":[[-70.40703,-23.50381],[-70.40744,-23.50268]]}},{"type":"Feature","properties":{"nombre":"Ruta 1","jerarquia":1},"geometry":{"type":"LineString","coordinates":[[-70.40685,-23.50428],[-70.40703,-23.50381]]}},{"type":"Feature","properties":{"nombre":"Ruta 1","jerarquia":1},"geometry":{"type":"LineString","coordinates":[[-70.40446,-23.50894],[-70.40627,-23.50558]]}},{"type":"Feature","properties":{"nombre":"Avenida Angamos","jerarquia":4},"geometry":{"type":"LineString","coordinates":[[-70.40637,-23.67178],[-70.40628,-23.67159]]}},{"type":"Feature","properties":{"nombre":"Homero Ávila","jerarquia":4},"geometry":{"type":"LineString","coordinates":[[-70.40615,-23.67187],[-70.40637,-23.67178]]}},{"type":"Feature","properties":{"nombre":"Avenida Argentina","jerarquia":3},"geometry":{"type":"LineString","coordinates":[[-70.4064,-23.67932],[-70.40649,-23.67951]]}},{"type":"Feature","properties":{"nombre":"Avenida Argentina","jerarquia":3},"geometry":{"type":"LineString","coordinates":[[-70.40649,-23.67951],[-70.40681,-23.68001],[-70.40719,-23.68033],[-70.40848,-23.68156],[-70.40941,-23.68256]]}},{"type":"Feature","properties":{"nombre":"Avenida Edmundo Pérez Zujovic","jerarquia":2},"geometry":{"type":"LineString","coordinates":[[-70.39383,-23.622],[-70.39294,-23.62064],[-70.39267,-23.62006],[-70.39255,-23.61965]]}},{"type":"Feature","properties":{"nombre":"Avenida Edmundo Pérez Zujovic","jerarquia":2},"geometry":{"type":"LineString","coordinates":[[-70.39687,-23.59495],[-70.39699,-23.5945],[-70.39707,-23.59321]]}},{"type":"Feature","properties":{"nombre":"Avenida Edmundo Pérez Zujovic","jerarquia":2},"geometry":{"type":"LineString","coordinates":[[-70.39707,-23.59321],[-70.39707,-23.59291],[-70.397,-23.59258],[-70.39648,-23.59151]]}},{"type":"Feature","properties":{"nombre":"Avenida Edmundo Pérez Zujovic","jerarquia":2},"geometry":{"type":"LineString","coordinates":[[-70.39648,-23.59151],[-70.396,-23.59046]]}},{"type":"Feature","properties":{"nombre":"Avenida Edmundo Pérez Zujovic","jerarquia":2},"geometry":{"type":"LineString","coordinates":[[-70.396,-23.59046],[-70.3954,-23.58925],[-70.39412,-23.58753]]}},{"type":"Feature","properties":{"nombre":"Avenida Edmundo Pérez Zujovic","jerarquia":2},"geometry":{"type":"LineString","coordinates":[[-70.39412,-23.58753],[-70.39379,-23.587],[-70.39333,-23.58592],[-70.39322,-23.58543]]}},{"type":"Feature","properties":{"nombre":"Avenida Edmundo Pérez Zujovic","jerarquia":2},"geometry":{"type":"LineString","coordinates":[[-70.39322,-23.58543],[-70.39322,-23.58477]]}},{"type":"Feature","properties":{"nombre":"Avenida Edmundo Pérez Zujovic","jerarquia":2},"geometry":{"type":"LineString","coordinates":[[-70.39322,-23.58477],[-70.39328,-23.58417]]}},{"type":"Feature","properties":{"nombre":"Avenida Edmundo Pérez Zujovic","jerarquia":2},"geometry":{"type":"LineString","coordinates":[[-70.39328,-23.58417],[-70.39329,-23.58409]]}},{"type":"Feature","properties":{"nombre":"Avenida Edmundo Pérez Zujovic","jerarquia":2},"geometry":{"type":"LineString","coordinates":[[-70.39228,-23.57896],[-70.39361,-23.57707]]}},{"type":"Feature","properties":{"nombre":"Avenida Edmundo Pérez Zujovic","jerarquia":2},"geometry":{"type":"LineString","coordinates":[[-70.39361,-23.57707],[-70.3953,-23.57466]]}},{"type":"Feature","properties":{"nombre":"Avenida Jaime Guzmán Errázuriz","jerarquia":4},"geometry":{"type":"LineString","coordinates":[[-70.43489,-23.72041],[-70.43487,-23.72037]]}},{"type":"Feature","properties":{"nombre":"Avenida Jaime Guzmán Errázuriz","jerarquia":4},"geometry":{"type":"LineString","coordinates":[[-70.43487,-23.72037],[-70.4347,-23.71997]]}},{"type":"Feature","properties":{"nombre":"Víctor Jara","jerarquia":4},"geometry":{"type":"LineString","coordinates":[[-70.39221,-23.61659],[-70.39094,-23.61667]]}},{"type":"Feature","properties":{"nombre":"Víctor Jara","jerarquia":4},"geometry":{"type":"LineString","coordinates":[[-70.39094,-23.61667],[-70.39032,-23.61694],[-70.38905,-23.61716]]}},{"type":"Feature","properties":{"nombre":"Avenida Ejército","jerarquia":2},"geometry":{"type":"LineString","coordinates":[[-70.41885,-23.68693],[-70.41941,-23.68768],[-70.41971,-23.68821],[-70.42066,-23.69092]]}},{"type":"Feature","properties":{"nombre":"Avenida Ejército","jerarquia":2},"geometry":{"type":"LineString","coordinates":[[-70.42066,-23.69092],[-70.42123,-23.69257]]}},{"type":"Feature","properties":{"nombre":"Avenida Jaime Guzmán Errázuriz","jerarquia":5},"geometry":{"type":"LineString","coordinates":[[-70.4402,-23.73456],[-70.44041,-23.73508]]}},{"type":"Feature","properties":{"nombre":"Avenida Jaime Guzmán Errázuriz","jerarquia":5},"geometry":{"type":"LineString","coordinates":[[-70.44041,-23.73508],[-70.44079,-23.7363]]}},{"type":"Feature","properties":{"nombre":"Avenida República de Croacia","jerarquia":4},"geometry":{"type":"LineString","coordinates":[[-70.4071,-23.67079],[-70.40739,-23.67076]]}},{"type":"Feature","properties":{"nombre":"Almirante Latorre","jerarquia":4},"geometry":{"type":"LineString","coordinates":[[-70.39814,-23.64866],[-70.39893,-23.64929]]}},{"type":"Feature","properties":{"nombre":"Almirante Latorre","jerarquia":4},"geometry":{"type":"LineString","coordinates":[[-70.39893,-23.64929],[-70.39901,-23.64935]]}},{"type":"Feature","properties":{"nombre":"Almirante Latorre","jerarquia":4},"geometry":{"type":"LineString","coordinates":[[-70.39901,-23.64935],[-70.39989,-23.65005]]}},{"type":"Feature","properties":{"nombre":"Almirante Latorre","jerarquia":4},"geometry":{"type":"LineString","coordinates":[[-70.39989,-23.65005],[-70.40077,-23.65075]]}},{"type":"Feature","properties":{"nombre":"Almirante Latorre","jerarquia":4},"geometry":{"type":"LineString","coordinates":[[-70.40077,-23.65075],[-70.40162,-23.65142]]}},{"type":"Feature","properties":{"nombre":"Almirante Latorre","jerarquia":4},"geometry":{"type":"LineString","coordinates":[[-70.40162,-23.65142],[-70.40252,-23.65214]]}},{"type":"Feature","properties":{"nombre":"Avenida Angamos","jerarquia":4},"geometry":{"type":"LineString","coordinates":[[-70.41178,-23.68139],[-70.41221,-23.68288]]}},{"type":"Feature","properties":{"nombre":"Avenida Angamos","jerarquia":4},"geometry":{"type":"LineString","coordinates":[[-70.41221,-23.68288],[-70.41242,-23.68324],[-70.41305,-23.68403]]}},{"type":"Feature","properties":{"nombre":"Avenida Angamos","jerarquia":4},"geometry":{"type":"LineString","coordinates":[[-70.41305,-23.68403],[-70.41312,-23.68413]]}},{"type":"Feature","properties":{"nombre":"Avenida Angamos","jerarquia":4},"geometry":{"type":"LineString","coordinates":[[-70.41312,-23.68413],[-70.41316,-23.68422]]}},{"type":"Feature","properties":{"nombre":"José de San Martín","jerarquia":5},"geometry":{"type":"LineString","coordinates":[[-70.39714,-23.64645],[-70.39632,-23.64586]]}},{"type":"Feature","properties":{"nombre":"José de San Martín","jerarquia":5},"geometry":{"type":"LineString","coordinates":[[-70.39632,-23.64586],[-70.39624,-23.6458]]}},{"type":"Feature","properties":{"nombre":"Avenida Argentina","jerarquia":3},"geometry":{"type":"LineString","coordinates":[[-70.40534,-23.67776],[-70.4059,-23.67839],[-70.40602,-23.67859]]}},{"type":"Feature","properties":{"nombre":"Antilhue","jerarquia":4},"geometry":{"type":"LineString","coordinates":[[-70.40779,-23.68978],[-70.40792,-23.6904]]}},{"type":"Feature","properties":{"nombre":"Antilhue","jerarquia":4},"geometry":{"type":"LineString","coordinates":[[-70.40792,-23.6904],[-70.40812,-23.69137]]}},{"type":"Feature","properties":{"nombre":"Antilhue","jerarquia":4},"geometry":{"type":"LineString","coordinates":[[-70.40812,-23.69137],[-70.40821,-23.69176]]}},{"type":"Feature","properties":{"nombre":"Antilhue","jerarquia":4},"geometry":{"type":"LineString","coordinates":[[-70.40821,-23.69176],[-70.40838,-23.6926]]}},{"type":"Feature","properties":{"nombre":"Mar del Plata","jerarquia":5},"geometry":{"type":"LineString","coordinates":[[-70.41198,-23.69283],[-70.41196,-23.69294],[-70.41178,-23.69299]]}},{"type":"Feature","properties":{"nombre":"Avenida República de Croacia","jerarquia":2},"geometry":{"type":"LineString","coordinates":[[-70.41365,-23.68084],[-70.41344,-23.68007]]}},{"type":"Feature","properties":{"nombre":"Avenida República de Croacia","jerarquia":2},"geometry":{"type":"LineString","coordinates":[[-70.41344,-23.68007],[-70.41327,-23.67947]]}},{"type":"Feature","properties":{"nombre":"Avenida República de Croacia","jerarquia":2},"geometry":{"type":"LineString","coordinates":[[-70.41327,-23.67947],[-70.41311,-23.67887]]}},{"type":"Feature","properties":{"nombre":"Avenida República de Croacia","jerarquia":2},"geometry":{"type":"LineString","coordinates":[[-70.41311,-23.67887],[-70.41309,-23.67882]]}},{"type":"Feature","properties":{"nombre":"Avenida República de Croacia","jerarquia":2},"geometry":{"type":"LineString","coordinates":[[-70.41309,-23.67882],[-70.4129,-23.6782]]}},{"type":"Feature","properties":{"nombre":"Avenida República de Croacia","jerarquia":2},"geometry":{"type":"LineString","coordinates":[[-70.4129,-23.6782],[-70.41271,-23.67762]]}},{"type":"Feature","properties":{"nombre":"Avenida República de Croacia","jerarquia":2},"geometry":{"type":"LineString","coordinates":[[-70.41271,-23.67762],[-70.41249,-23.677]]}},{"type":"Feature","properties":{"nombre":"Avenida República de Croacia","jerarquia":2},"geometry":{"type":"LineString","coordinates":[[-70.41249,-23.677],[-70.41227,-23.67635]]}},{"type":"Feature","properties":{"nombre":"Avenida República de Croacia","jerarquia":2},"geometry":{"type":"LineString","coordinates":[[-70.41227,-23.67635],[-70.41202,-23.67563]]}},{"type":"Feature","properties":{"nombre":"Avenida Ejército","jerarquia":2},"geometry":{"type":"LineString","coordinates":[[-70.41376,-23.68081],[-70.41397,-23.68155],[-70.41413,-23.68193],[-70.41478,-23.68269]]}},{"type":"Feature","properties":{"nombre":"Avenida Ejército","jerarquia":2},"geometry":{"type":"LineString","coordinates":[[-70.41478,-23.68269],[-70.41484,-23.68276]]}},{"type":"Feature","properties":{"nombre":"Avenida Ejército","jerarquia":2},"geometry":{"type":"LineString","coordinates":[[-70.41484,-23.68276],[-70.41491,-23.68284]]}},{"type":"Feature","properties":{"nombre":"Avenida Ejército","jerarquia":2},"geometry":{"type":"LineString","coordinates":[[-70.42162,-23.69462],[-70.4217,-23.69515]]}},{"type":"Feature","properties":{"nombre":"Avenida Ejército","jerarquia":2},"geometry":{"type":"LineString","coordinates":[[-70.4217,-23.69515],[-70.42172,-23.69526]]}},{"type":"Feature","properties":{"nombre":"Ascotán Sur","jerarquia":5},"geometry":{"type":"LineString","coordinates":[[-70.39123,-23.55908],[-70.39199,-23.55895],[-70.39235,-23.55895],[-70.39263,-23.559]]}},{"type":"Feature","properties":{"nombre":"Ascotán Sur","jerarquia":5},"geometry":{"type":"LineString","coordinates":[[-70.39263,-23.559],[-70.39122,-23.55924]]}},{"type":"Feature","properties":{"nombre":"Avenida Grecia","jerarquia":2},"geometry":{"type":"LineString","coordinates":[[-70.40247,-23.65051],[-70.40242,-23.64997]]}},{"type":"Feature","properties":{"nombre":"Avenida Grecia","jerarquia":2},"geometry":{"type":"LineString","coordinates":[[-70.40242,-23.64997],[-70.40235,-23.64792],[-70.40224,-23.64764]]}},{"type":"Feature","properties":{"nombre":"Avenida Grecia","jerarquia":2},"geometry":{"type":"LineString","coordinates":[[-70.40259,-23.65409],[-70.40258,-23.6539]]}},{"type":"Feature","properties":{"nombre":"Avenida Grecia","jerarquia":2},"geometry":{"type":"LineString","coordinates":[[-70.40258,-23.6539],[-70.40258,-23.6536]]}},{"type":"Feature","properties":{"nombre":"Avenida Grecia","jerarquia":2},"geometry":{"type":"LineString","coordinates":[[-70.40258,-23.6536],[-70.40256,-23.65321]]}},{"type":"Feature","properties":{"nombre":"Avenida Grecia","jerarquia":2},"geometry":{"type":"LineString","coordinates":[[-70.40256,-23.65321],[-70.40256,-23.65313]]}},{"type":"Feature","properties":{"nombre":"Avenida Grecia","jerarquia":2},"geometry":{"type":"LineString","coordinates":[[-70.40256,-23.65313],[-70.40253,-23.65237]]}},{"type":"Feature","properties":{"nombre":"Avenida Grecia","jerarquia":2},"geometry":{"type":"LineString","coordinates":[[-70.40253,-23.65237],[-70.40252,-23.65214]]}},{"type":"Feature","properties":{"nombre":"Avenida Grecia","jerarquia":2},"geometry":{"type":"LineString","coordinates":[[-70.40252,-23.65214],[-70.40249,-23.65102]]}},{"type":"Feature","properties":{"nombre":"Avenida Grecia","jerarquia":2},"geometry":{"type":"LineString","coordinates":[[-70.40249,-23.65102],[-70.40247,-23.65051]]}},{"type":"Feature","properties":{"nombre":"Avenida Grecia","jerarquia":2},"geometry":{"type":"LineString","coordinates":[[-70.40263,-23.65194],[-70.40264,-23.65208]]}},{"type":"Feature","properties":{"nombre":"Avenida Grecia","jerarquia":2},"geometry":{"type":"LineString","coordinates":[[-70.40264,-23.65208],[-70.40264,-23.65223]]}},{"type":"Feature","properties":{"nombre":"Avenida Grecia","jerarquia":2},"geometry":{"type":"LineString","coordinates":[[-70.40264,-23.65223],[-70.40267,-23.65316]]}},{"type":"Feature","properties":{"nombre":"Avenida Grecia","jerarquia":2},"geometry":{"type":"LineString","coordinates":[[-70.40267,-23.65316],[-70.4027,-23.65397]]}},{"type":"Feature","properties":{"nombre":"Avenida Argentina","jerarquia":3},"geometry":{"type":"LineString","coordinates":[[-70.39622,-23.65905],[-70.39609,-23.65747]]}},{"type":"Feature","properties":{"nombre":"Avenida Argentina","jerarquia":3},"geometry":{"type":"LineString","coordinates":[[-70.39609,-23.65747],[-70.39597,-23.65707]]}},{"type":"Feature","properties":{"nombre":"Avenida Argentina","jerarquia":3},"geometry":{"type":"LineString","coordinates":[[-70.39597,-23.65707],[-70.39559,-23.65617]]}},{"type":"Feature","properties":{"nombre":"Salvador Reyes","jerarquia":5},"geometry":{"type":"LineString","coordinates":[[-70.39633,-23.65905],[-70.39642,-23.65905]]}},{"type":"Feature","properties":{"nombre":"Salvador Reyes","jerarquia":5},"geometry":{"type":"LineString","coordinates":[[-70.39642,-23.65905],[-70.39741,-23.65902]]}},{"type":"Feature","properties":{"nombre":"Salvador Reyes","jerarquia":5},"geometry":{"type":"LineString","coordinates":[[-70.39741,-23.65902],[-70.39775,-23.659]]}},{"type":"Feature","properties":{"nombre":"Salvador Reyes","jerarquia":5},"geometry":{"type":"LineString","coordinates":[[-70.39775,-23.659],[-70.39783,-23.659]]}},{"type":"Feature","properties":{"nombre":"Salvador Reyes","jerarquia":5},"geometry":{"type":"LineString","coordinates":[[-70.39783,-23.659],[-70.39889,-23.65897]]}},{"type":"Feature","properties":{"nombre":"Salvador Reyes","jerarquia":5},"geometry":{"type":"LineString","coordinates":[[-70.39889,-23.65897],[-70.39915,-23.65896]]}},{"type":"Feature","properties":{"nombre":"Salvador Reyes","jerarquia":5},"geometry":{"type":"LineString","coordinates":[[-70.39915,-23.65896],[-70.3994,-23.65895]]}},{"type":"Feature","properties":{"nombre":"Salvador Reyes","jerarquia":5},"geometry":{"type":"LineString","coordinates":[[-70.3994,-23.65895],[-70.40009,-23.65893]]}},{"type":"Feature","properties":{"nombre":"Salvador Reyes","jerarquia":5},"geometry":{"type":"LineString","coordinates":[[-70.40009,-23.65893],[-70.40067,-23.65891]]}},{"type":"Feature","properties":{"nombre":"Salvador Reyes","jerarquia":5},"geometry":{"type":"LineString","coordinates":[[-70.40067,-23.65891],[-70.40127,-23.65889]]}},{"type":"Feature","properties":{"nombre":"Salvador Reyes","jerarquia":5},"geometry":{"type":"LineString","coordinates":[[-70.40127,-23.65889],[-70.40182,-23.65887]]}},{"type":"Feature","properties":{"nombre":"Salvador Reyes","jerarquia":5},"geometry":{"type":"LineString","coordinates":[[-70.40182,-23.65887],[-70.40291,-23.65883]]}},{"type":"Feature","properties":{"nombre":"Avenida Argentina","jerarquia":3},"geometry":{"type":"LineString","coordinates":[[-70.39633,-23.65905],[-70.39644,-23.66043]]}},{"type":"Feature","properties":{"nombre":"Avenida Argentina","jerarquia":3},"geometry":{"type":"LineString","coordinates":[[-70.39644,-23.66043],[-70.39646,-23.66062]]}},{"type":"Feature","properties":{"nombre":"Avenida Argentina","jerarquia":3},"geometry":{"type":"LineString","coordinates":[[-70.39646,-23.66062],[-70.3965,-23.66118],[-70.39664,-23.66161]]}},{"type":"Feature","properties":{"nombre":"Avenida Argentina","jerarquia":3},"geometry":{"type":"LineString","coordinates":[[-70.39664,-23.66161],[-70.39666,-23.66168]]}},{"type":"Feature","properties":{"nombre":"Avenida Argentina","jerarquia":3},"geometry":{"type":"LineString","coordinates":[[-70.39401,-23.65308],[-70.39336,-23.65209]]}},{"type":"Feature","properties":{"nombre":"Avenida Argentina","jerarquia":3},"geometry":{"type":"LineString","coordinates":[[-70.39336,-23.65209],[-70.39309,-23.6516]]}},{"type":"Feature","properties":{"nombre":"Avenida Argentina","jerarquia":3},"geometry":{"type":"LineString","coordinates":[[-70.39309,-23.6516],[-70.39296,-23.65096]]}},{"type":"Feature","properties":{"nombre":"Avenida Argentina","jerarquia":3},"geometry":{"type":"LineString","coordinates":[[-70.39296,-23.65096],[-70.39297,-23.64999]]}},{"type":"Feature","properties":{"nombre":"Avenida Argentina","jerarquia":3},"geometry":{"type":"LineString","coordinates":[[-70.39297,-23.64999],[-70.39296,-23.64933]]}},{"type":"Feature","properties":{"nombre":"Avenida Argentina","jerarquia":3},"geometry":{"type":"LineString","coordinates":[[-70.39296,-23.64933],[-70.39288,-23.64857]]}},{"type":"Feature","properties":{"nombre":"Avenida Argentina","jerarquia":3},"geometry":{"type":"LineString","coordinates":[[-70.39288,-23.64857],[-70.39277,-23.6479]]}},{"type":"Feature","properties":{"nombre":"Avenida Argentina","jerarquia":3},"geometry":{"type":"LineString","coordinates":[[-70.39277,-23.6479],[-70.39264,-23.64721]]}},{"type":"Feature","properties":{"nombre":"Avenida Argentina","jerarquia":3},"geometry":{"type":"LineString","coordinates":[[-70.39264,-23.64721],[-70.39261,-23.64703]]}},{"type":"Feature","properties":{"nombre":"Avenida Argentina","jerarquia":3},"geometry":{"type":"LineString","coordinates":[[-70.39261,-23.64703],[-70.39255,-23.6465]]}},{"type":"Feature","properties":{"nombre":"Avenida Argentina","jerarquia":3},"geometry":{"type":"LineString","coordinates":[[-70.39255,-23.6465],[-70.39239,-23.64542]]}},{"type":"Feature","properties":{"nombre":"Avenida Argentina","jerarquia":3},"geometry":{"type":"LineString","coordinates":[[-70.39239,-23.64542],[-70.39245,-23.64489],[-70.3926,-23.64425]]}},{"type":"Feature","properties":{"nombre":"Avenida Argentina","jerarquia":3},"geometry":{"type":"LineString","coordinates":[[-70.3926,-23.64425],[-70.39265,-23.64411]]}},{"type":"Feature","properties":{"nombre":"Avenida Argentina","jerarquia":3},"geometry":{"type":"LineString","coordinates":[[-70.39265,-23.64411],[-70.39303,-23.64349]]}},{"type":"Feature","properties":{"nombre":"Avenida Argentina","jerarquia":3},"geometry":{"type":"LineString","coordinates":[[-70.39406,-23.65302],[-70.39466,-23.65393]]}},{"type":"Feature","properties":{"nombre":"Avenida Argentina","jerarquia":3},"geometry":{"type":"LineString","coordinates":[[-70.3946,-23.654],[-70.39401,-23.65308]]}},{"type":"Feature","properties":{"nombre":"Avenida Argentina","jerarquia":3},"geometry":{"type":"LineString","coordinates":[[-70.39466,-23.65393],[-70.39494,-23.6544],[-70.39515,-23.65487]]}},{"type":"Feature","properties":{"nombre":"Teniente Luis Uribe","jerarquia":5},"geometry":{"type":"LineString","coordinates":[[-70.39509,-23.65493],[-70.39515,-23.65487]]}},{"type":"Feature","properties":{"nombre":"Avenida Argentina","jerarquia":3},"geometry":{"type":"LineString","coordinates":[[-70.39509,-23.65493],[-70.39486,-23.65443],[-70.3946,-23.654]]}},{"type":"Feature","properties":{"nombre":"Avenida Argentina","jerarquia":3},"geometry":{"type":"LineString","coordinates":[[-70.39515,-23.65487],[-70.39564,-23.65611]]}},{"type":"Feature","properties":{"nombre":"Teniente Luis Uribe","jerarquia":5},"geometry":{"type":"LineString","coordinates":[[-70.39515,-23.65487],[-70.39577,-23.65424]]}},{"type":"Feature","properties":{"nombre":"Teniente Luis Uribe","jerarquia":5},"geometry":{"type":"LineString","coordinates":[[-70.39577,-23.65424],[-70.39658,-23.65342]]}},{"type":"Feature","properties":{"nombre":"Teniente Luis Uribe","jerarquia":5},"geometry":{"type":"LineString","coordinates":[[-70.39498,-23.65504],[-70.39509,-23.65493]]}},{"type":"Feature","properties":{"nombre":"Orella","jerarquia":5},"geometry":{"type":"LineString","coordinates":[[-70.39564,-23.65611],[-70.39559,-23.65617]]}},{"type":"Feature","properties":{"nombre":"Avenida Argentina","jerarquia":3},"geometry":{"type":"LineString","coordinates":[[-70.39564,-23.65611],[-70.3958,-23.65648]]}},{"type":"Feature","properties":{"nombre":"Avenida Argentina","jerarquia":3},"geometry":{"type":"LineString","coordinates":[[-70.3958,-23.65648],[-70.39617,-23.65739]]}},{"type":"Feature","properties":{"nombre":"Avenida Argentina","jerarquia":3},"geometry":{"type":"LineString","coordinates":[[-70.39617,-23.65739],[-70.39624,-23.65804]]}},{"type":"Feature","properties":{"nombre":"Avenida Argentina","jerarquia":3},"geometry":{"type":"LineString","coordinates":[[-70.39624,-23.65804],[-70.3963,-23.65876]]}},{"type":"Feature","properties":{"nombre":"Avenida Argentina","jerarquia":3},"geometry":{"type":"LineString","coordinates":[[-70.3963,-23.65876],[-70.39632,-23.65897]]}},{"type":"Feature","properties":{"nombre":"Avenida Argentina","jerarquia":3},"geometry":{"type":"LineString","coordinates":[[-70.39632,-23.65897],[-70.39633,-23.65905]]}},{"type":"Feature","properties":{"nombre":"Avenida Argentina","jerarquia":3},"geometry":{"type":"LineString","coordinates":[[-70.39559,-23.65617],[-70.39509,-23.65493]]}},{"type":"Feature","properties":{"nombre":"Orella","jerarquia":5},"geometry":{"type":"LineString","coordinates":[[-70.3958,-23.65595],[-70.39564,-23.65611]]}},{"type":"Feature","properties":{"nombre":"Ruta B-472","jerarquia":5},"geometry":{"type":"LineString","coordinates":[[-70.37047,-23.66106],[-70.37038,-23.66108],[-70.37029,-23.66102],[-70.37028,-23.66072],[-70.37062,-23.65992],[-70.37066,-23.6595],[-70.37059,-23.65926],[-70.37003,-23.65819],[-70.36973,-23.65747],[-70.36937,-23.65537],[-70.36941,-23.65493],[-70.36961,-23.6544],[-70.36967,-23.65406],[-70.36955,-23.65311],[-70.36959,-23.65242],[-70.36956,-23.65202],[-70.36938,-23.65147],[-70.3694,-23.65133],[-70.36968,-23.65083],[-70.36976,-23.65059],[-70.36976,-23.65027],[-70.36964,-23.64963]]}},{"type":"Feature","properties":{"nombre":"","jerarquia":5},"geometry":{"type":"LineString","coordinates":[[-70.36964,-23.64963],[-70.36979,-23.64799],[-70.36968,-23.64712],[-70.36965,-23.64618],[-70.36986,-23.64513],[-70.36979,-23.64471],[-70.36982,-23.64463]]}},{"type":"Feature","properties":{"nombre":"","jerarquia":5},"geometry":{"type":"LineString","coordinates":[[-70.36982,-23.64463],[-70.37035,-23.64414],[-70.37125,-23.64291],[-70.37219,-23.6419],[-70.37249,-23.64165],[-70.37293,-23.64138],[-70.3731,-23.64132],[-70.37378,-23.64127],[-70.37392,-23.64121],[-70.37404,-23.64098],[-70.37407,-23.64061],[-70.3738,-23.63942],[-70.37382,-23.63922],[-70.37419,-23.63868],[-70.37463,-23.6383],[-70.37562,-23.63764],[-70.37576,-23.63744]]}},{"type":"Feature","properties":{"nombre":"Caletera Pedro Aguirre Cerda","jerarquia":5},"geometry":{"type":"LineString","coordinates":[[-70.40963,-23.49785],[-70.40955,-23.49806]]}},{"type":"Feature","properties":{"nombre":"Caletera Pedro Aguirre Cerda","jerarquia":5},"geometry":{"type":"LineString","coordinates":[[-70.39316,-23.53677],[-70.39307,-23.53793]]}},{"type":"Feature","properties":{"nombre":"Caletera Pedro Aguirre Cerda","jerarquia":5},"geometry":{"type":"LineString","coordinates":[[-70.39359,-23.53251],[-70.39359,-23.53259]]}},{"type":"Feature","properties":{"nombre":"Caletera Pedro Aguirre Cerda","jerarquia":5},"geometry":{"type":"LineString","coordinates":[[-70.39359,-23.53259],[-70.39357,-23.53272]]}},{"type":"Feature","properties":{"nombre":"Caletera Pedro Aguirre Cerda","jerarquia":5},"geometry":{"type":"LineString","coordinates":[[-70.39391,-23.52944],[-70.39359,-23.53251]]}},{"type":"Feature","properties":{"nombre":"Avenida Circunvalación Padre Alberto Hurtado","jerarquia":4},"geometry":{"type":"LineString","coordinates":[[-70.38368,-23.64352],[-70.3838,-23.64391]]}},{"type":"Feature","properties":{"nombre":"Avenida Circunvalación Padre Alberto Hurtado","jerarquia":4},"geometry":{"type":"LineString","coordinates":[[-70.3838,-23.64391],[-70.38415,-23.64505]]}},{"type":"Feature","properties":{"nombre":"Avenida Circunvalación Padre Alberto Hurtado","jerarquia":4},"geometry":{"type":"LineString","coordinates":[[-70.38365,-23.64342],[-70.38367,-23.64348]]}},{"type":"Feature","properties":{"nombre":"Avenida Circunvalación Padre Alberto Hurtado","jerarquia":4},"geometry":{"type":"LineString","coordinates":[[-70.38367,-23.64348],[-70.38368,-23.64352]]}},{"type":"Feature","properties":{"nombre":"","jerarquia":4},"geometry":{"type":"LineString","coordinates":[[-70.3838,-23.64391],[-70.38372,-23.64393]]}},{"type":"Feature","properties":{"nombre":"Avenida Circunvalación Padre Alberto Hurtado","jerarquia":4},"geometry":{"type":"LineString","coordinates":[[-70.38422,-23.6453],[-70.38486,-23.64728]]}},{"type":"Feature","properties":{"nombre":"Avenida Circunvalación Padre Alberto Hurtado","jerarquia":4},"geometry":{"type":"LineString","coordinates":[[-70.38486,-23.64728],[-70.38542,-23.64907]]}},{"type":"Feature","properties":{"nombre":"Avenida Circunvalación Padre Alberto Hurtado","jerarquia":4},"geometry":{"type":"LineString","coordinates":[[-70.38542,-23.64907],[-70.38554,-23.64948]]}},{"type":"Feature","properties":{"nombre":"Avenida Circunvalación Padre Alberto Hurtado","jerarquia":4},"geometry":{"type":"LineString","coordinates":[[-70.38554,-23.64948],[-70.38568,-23.64996]]}},{"type":"Feature","properties":{"nombre":"Avenida Circunvalación Padre Alberto Hurtado","jerarquia":4},"geometry":{"type":"LineString","coordinates":[[-70.38568,-23.64996],[-70.38582,-23.65042]]}},{"type":"Feature","properties":{"nombre":"Avenida Circunvalación Padre Alberto Hurtado","jerarquia":4},"geometry":{"type":"LineString","coordinates":[[-70.38582,-23.65042],[-70.38594,-23.65087]]}},{"type":"Feature","properties":{"nombre":"Avenida Circunvalación Padre Alberto Hurtado","jerarquia":4},"geometry":{"type":"LineString","coordinates":[[-70.38415,-23.64505],[-70.38417,-23.64512]]}},{"type":"Feature","properties":{"nombre":"Avenida Circunvalación Padre Alberto Hurtado","jerarquia":4},"geometry":{"type":"LineString","coordinates":[[-70.38417,-23.64512],[-70.38422,-23.6453]]}},{"type":"Feature","properties":{"nombre":"Avenida Circunvalación Padre Alberto Hurtado","jerarquia":4},"geometry":{"type":"LineString","coordinates":[[-70.38594,-23.65087],[-70.38598,-23.65096]]}},{"type":"Feature","properties":{"nombre":"Avenida Circunvalación Padre Alberto Hurtado","jerarquia":4},"geometry":{"type":"LineString","coordinates":[[-70.38598,-23.65096],[-70.38599,-23.65101]]}},{"type":"Feature","properties":{"nombre":"Avenida Circunvalación Padre Alberto Hurtado","jerarquia":4},"geometry":{"type":"LineString","coordinates":[[-70.38208,-23.63836],[-70.38257,-23.63995]]}},{"type":"Feature","properties":{"nombre":"Avenida Circunvalación Padre Alberto Hurtado","jerarquia":4},"geometry":{"type":"LineString","coordinates":[[-70.38257,-23.63995],[-70.38327,-23.64221]]}},{"type":"Feature","properties":{"nombre":"Avenida Circunvalación Padre Alberto Hurtado","jerarquia":4},"geometry":{"type":"LineString","coordinates":[[-70.38327,-23.64221],[-70.3834,-23.64257]]}},{"type":"Feature","properties":{"nombre":"Avenida Circunvalación Padre Alberto Hurtado","jerarquia":4},"geometry":{"type":"LineString","coordinates":[[-70.3834,-23.64257],[-70.38356,-23.64316]]}},{"type":"Feature","properties":{"nombre":"Avenida Circunvalación Padre Alberto Hurtado","jerarquia":4},"geometry":{"type":"LineString","coordinates":[[-70.38356,-23.64316],[-70.38365,-23.64342]]}},{"type":"Feature","properties":{"nombre":"Covadonga","jerarquia":5},"geometry":{"type":"LineString","coordinates":[[-70.38598,-23.65096],[-70.38604,-23.65093]]}},{"type":"Feature","properties":{"nombre":"Avenida Circunvalación Padre Alberto Hurtado","jerarquia":4},"geometry":{"type":"LineString","coordinates":[[-70.38608,-23.65256],[-70.38596,-23.6519],[-70.38592,-23.65125]]}},{"type":"Feature","properties":{"nombre":"Avenida Circunvalación Padre Alberto Hurtado","jerarquia":4},"geometry":{"type":"LineString","coordinates":[[-70.38592,-23.65125],[-70.38588,-23.65097]]}},{"type":"Feature","properties":{"nombre":"Avenida Circunvalación Padre Alberto Hurtado","jerarquia":4},"geometry":{"type":"LineString","coordinates":[[-70.38588,-23.65097],[-70.38576,-23.65041],[-70.38535,-23.64909]]}},{"type":"Feature","properties":{"nombre":"Avenida Circunvalación Padre Alberto Hurtado","jerarquia":4},"geometry":{"type":"LineString","coordinates":[[-70.38535,-23.64909],[-70.38525,-23.64877]]}},{"type":"Feature","properties":{"nombre":"Avenida Circunvalación Padre Alberto Hurtado","jerarquia":4},"geometry":{"type":"LineString","coordinates":[[-70.38525,-23.64877],[-70.38479,-23.6473]]}},{"type":"Feature","properties":{"nombre":"Avenida Circunvalación Padre Alberto Hurtado","jerarquia":4},"geometry":{"type":"LineString","coordinates":[[-70.38479,-23.6473],[-70.38409,-23.64512]]}},{"type":"Feature","properties":{"nombre":"Avenida Circunvalación Padre Alberto Hurtado","jerarquia":4},"geometry":{"type":"LineString","coordinates":[[-70.38409,-23.64512],[-70.38372,-23.64393]]}},{"type":"Feature","properties":{"nombre":"Avenida Circunvalación Padre Alberto Hurtado","jerarquia":4},"geometry":{"type":"LineString","coordinates":[[-70.38372,-23.64393],[-70.38362,-23.64359]]}},{"type":"Feature","properties":{"nombre":"Avenida Circunvalación Padre Alberto Hurtado","jerarquia":4},"geometry":{"type":"LineString","coordinates":[[-70.38362,-23.64359],[-70.3836,-23.6435]]}},{"type":"Feature","properties":{"nombre":"Avenida Circunvalación Padre Alberto Hurtado","jerarquia":4},"geometry":{"type":"LineString","coordinates":[[-70.3836,-23.6435],[-70.38349,-23.64317]]}},{"type":"Feature","properties":{"nombre":"Avenida Circunvalación Padre Alberto Hurtado","jerarquia":4},"geometry":{"type":"LineString","coordinates":[[-70.38349,-23.64317],[-70.38321,-23.64223]]}},{"type":"Feature","properties":{"nombre":"Avenida Circunvalación Padre Alberto Hurtado","jerarquia":4},"geometry":{"type":"LineString","coordinates":[[-70.38321,-23.64223],[-70.38309,-23.64187]]}},{"type":"Feature","properties":{"nombre":"Avenida Circunvalación Padre Alberto Hurtado","jerarquia":4},"geometry":{"type":"LineString","coordinates":[[-70.38309,-23.64187],[-70.38249,-23.63998]]}},{"type":"Feature","properties":{"nombre":"Avenida Circunvalación Padre Alberto Hurtado","jerarquia":4},"geometry":{"type":"LineString","coordinates":[[-70.38249,-23.63998],[-70.38231,-23.6394]]}},{"type":"Feature","properties":{"nombre":"Avenida Circunvalación Padre Alberto Hurtado","jerarquia":4},"geometry":{"type":"LineString","coordinates":[[-70.38231,-23.6394],[-70.382,-23.63831]]}},{"type":"Feature","properties":{"nombre":"Avenida Circunvalación Padre Alberto Hurtado","jerarquia":4},"geometry":{"type":"LineString","coordinates":[[-70.382,-23.63831],[-70.38171,-23.63738]]}},{"type":"Feature","properties":{"nombre":"Avenida Circunvalación Padre Alberto Hurtado","jerarquia":4},"geometry":{"type":"LineString","coordinates":[[-70.38171,-23.63738],[-70.38148,-23.63664]]}},{"type":"Feature","properties":{"nombre":"Covadonga","jerarquia":5},"geometry":{"type":"LineString","coordinates":[[-70.38588,-23.65097],[-70.38598,-23.65096]]}},{"type":"Feature","properties":{"nombre":"Avenida Circunvalación Padre Alberto Hurtado","jerarquia":5},"geometry":{"type":"LineString","coordinates":[[-70.37347,-23.62877],[-70.37357,-23.62872]]}},{"type":"Feature","properties":{"nombre":"","jerarquia":4},"geometry":{"type":"LineString","coordinates":[[-70.38177,-23.63737],[-70.38171,-23.63738]]}},{"type":"Feature","properties":{"nombre":"Avenida Circunvalación Padre Alberto Hurtado","jerarquia":4},"geometry":{"type":"LineString","coordinates":[[-70.38205,-23.63823],[-70.38206,-23.63829]]}},{"type":"Feature","properties":{"nombre":"Avenida Circunvalación Padre Alberto Hurtado","jerarquia":4},"geometry":{"type":"LineString","coordinates":[[-70.38206,-23.63829],[-70.38208,-23.63836]]}},{"type":"Feature","properties":{"nombre":"","jerarquia":5},"geometry":{"type":"LineString","coordinates":[[-70.41053,-23.6967],[-70.41045,-23.69682]]}},{"type":"Feature","properties":{"nombre":"Avenida Ejército","jerarquia":2},"geometry":{"type":"LineString","coordinates":[[-70.41482,-23.68291],[-70.41475,-23.68283]]}},{"type":"Feature","properties":{"nombre":"Avenida Ejército","jerarquia":2},"geometry":{"type":"LineString","coordinates":[[-70.41475,-23.68283],[-70.41419,-23.68221],[-70.41398,-23.68189]]}},{"type":"Feature","properties":{"nombre":"Pedro León Gallo","jerarquia":5},"geometry":{"type":"LineString","coordinates":[[-70.41249,-23.677],[-70.41262,-23.67697]]}},{"type":"Feature","properties":{"nombre":"","jerarquia":2},"geometry":{"type":"LineString","coordinates":[[-70.42123,-23.69257],[-70.42122,-23.69263],[-70.42113,-23.69269]]}},{"type":"Feature","properties":{"nombre":"Avenida Edmundo Pérez Zujovic","jerarquia":2},"geometry":{"type":"LineString","coordinates":[[-70.39642,-23.57296],[-70.3967,-23.57228],[-70.39686,-23.57172]]}},{"type":"Feature","properties":{"nombre":"Camino a Juan López","jerarquia":5},"geometry":{"type":"LineString","coordinates":[[-70.51182,-23.46343],[-70.51228,-23.46368]]}},{"type":"Feature","properties":{"nombre":"Camino a Juan López","jerarquia":5},"geometry":{"type":"LineString","coordinates":[[-70.52536,-23.46556],[-70.52549,-23.46561]]}},{"type":"Feature","properties":{"nombre":"Camino a Juan López","jerarquia":5},"geometry":{"type":"LineString","coordinates":[[-70.52519,-23.46551],[-70.52536,-23.46556]]}},{"type":"Feature","properties":{"nombre":"Camino a Juan López","jerarquia":5},"geometry":{"type":"LineString","coordinates":[[-70.52665,-23.46619],[-70.52613,-23.46596]]}},{"type":"Feature","properties":{"nombre":"Camino a Juan López","jerarquia":5},"geometry":{"type":"LineString","coordinates":[[-70.52467,-23.46551],[-70.52415,-23.46553]]}},{"type":"Feature","properties":{"nombre":"Díaz Gana","jerarquia":5},"geometry":{"type":"LineString","coordinates":[[-70.39507,-23.66507],[-70.39512,-23.665]]}},{"type":"Feature","properties":{"nombre":"Centenario","jerarquia":5},"geometry":{"type":"LineString","coordinates":[[-70.37504,-23.62717],[-70.37523,-23.62666]]}},{"type":"Feature","properties":{"nombre":"","jerarquia":2},"geometry":{"type":"LineString","coordinates":[[-70.31744,-23.78029],[-70.31752,-23.78035],[-70.3177,-23.78036]]}},{"type":"Feature","properties":{"nombre":"Avenida Séptimo de Linea","jerarquia":2},"geometry":{"type":"LineString","coordinates":[[-70.39722,-23.64289],[-70.3981,-23.64386]]}},{"type":"Feature","properties":{"nombre":"Avenida Séptimo de Linea","jerarquia":2},"geometry":{"type":"LineString","coordinates":[[-70.39677,-23.64187],[-70.39704,-23.64263],[-70.39722,-23.64289]]}},{"type":"Feature","properties":{"nombre":"Mateo de Toro y Zambrano","jerarquia":5},"geometry":{"type":"LineString","coordinates":[[-70.38103,-23.59652],[-70.38062,-23.59654]]}},{"type":"Feature","properties":{"nombre":"Mateo de Toro y Zambrano","jerarquia":5},"geometry":{"type":"LineString","coordinates":[[-70.38062,-23.59654],[-70.37971,-23.59659]]}},{"type":"Feature","properties":{"nombre":"Mar del Plata","jerarquia":5},"geometry":{"type":"LineString","coordinates":[[-70.41019,-23.68585],[-70.41016,-23.68602]]}},{"type":"Feature","properties":{"nombre":"Avenida Escondida","jerarquia":5},"geometry":{"type":"LineString","coordinates":[[-70.41417,-23.7027],[-70.41474,-23.7031]]}},{"type":"Feature","properties":{"nombre":"Avenida Escondida","jerarquia":5},"geometry":{"type":"LineString","coordinates":[[-70.41474,-23.7031],[-70.41552,-23.70362]]}},{"type":"Feature","properties":{"nombre":"Avenida Escondida","jerarquia":5},"geometry":{"type":"LineString","coordinates":[[-70.41552,-23.70362],[-70.4161,-23.70396]]}},{"type":"Feature","properties":{"nombre":"Avenida Escondida","jerarquia":5},"geometry":{"type":"LineString","coordinates":[[-70.4161,-23.70396],[-70.41631,-23.70407]]}},{"type":"Feature","properties":{"nombre":"Víctor Jara","jerarquia":4},"geometry":{"type":"LineString","coordinates":[[-70.39232,-23.61657],[-70.39221,-23.61659]]}},{"type":"Feature","properties":{"nombre":"Avenida Séptimo de Linea","jerarquia":2},"geometry":{"type":"LineString","coordinates":[[-70.39575,-23.63802],[-70.39581,-23.6388],[-70.39592,-23.63913]]}},{"type":"Feature","properties":{"nombre":"Avenida Séptimo de Linea","jerarquia":2},"geometry":{"type":"LineString","coordinates":[[-70.39592,-23.63913],[-70.39625,-23.64018]]}},{"type":"Feature","properties":{"nombre":"Manuel Antonio Matta","jerarquia":5},"geometry":{"type":"LineString","coordinates":[[-70.40263,-23.65511],[-70.40271,-23.65518]]}},{"type":"Feature","properties":{"nombre":"Sangra","jerarquia":5},"geometry":{"type":"LineString","coordinates":[[-70.41316,-23.68422],[-70.41303,-23.6843]]}},{"type":"Feature","properties":{"nombre":"Víctor Jara","jerarquia":4},"geometry":{"type":"LineString","coordinates":[[-70.38905,-23.61716],[-70.38894,-23.61718]]}},{"type":"Feature","properties":{"nombre":"Avenida República de Croacia","jerarquia":2},"geometry":{"type":"LineString","coordinates":[[-70.41321,-23.67878],[-70.41373,-23.6807]]}},{"type":"Feature","properties":{"nombre":"Avenida República de Croacia","jerarquia":2},"geometry":{"type":"LineString","coordinates":[[-70.41373,-23.6807],[-70.41376,-23.68081]]}},{"type":"Feature","properties":{"nombre":"Avenida Ejército","jerarquia":2},"geometry":{"type":"LineString","coordinates":[[-70.41398,-23.68189],[-70.41368,-23.68094]]}},{"type":"Feature","properties":{"nombre":"Avenida Ejército","jerarquia":2},"geometry":{"type":"LineString","coordinates":[[-70.41368,-23.68094],[-70.41365,-23.68084]]}},{"type":"Feature","properties":{"nombre":"Avenida República de Croacia","jerarquia":2},"geometry":{"type":"LineString","coordinates":[[-70.41283,-23.67759],[-70.41317,-23.67865]]}},{"type":"Feature","properties":{"nombre":"Avenida República de Croacia","jerarquia":2},"geometry":{"type":"LineString","coordinates":[[-70.41317,-23.67865],[-70.41321,-23.67878]]}},{"type":"Feature","properties":{"nombre":"Avenida República de Croacia","jerarquia":2},"geometry":{"type":"LineString","coordinates":[[-70.41213,-23.67554],[-70.41236,-23.67623]]}},{"type":"Feature","properties":{"nombre":"Avenida República de Croacia","jerarquia":2},"geometry":{"type":"LineString","coordinates":[[-70.41236,-23.67623],[-70.41257,-23.67684]]}},{"type":"Feature","properties":{"nombre":"Avenida República de Croacia","jerarquia":2},"geometry":{"type":"LineString","coordinates":[[-70.41257,-23.67684],[-70.41262,-23.67697]]}},{"type":"Feature","properties":{"nombre":"Avenida República de Croacia","jerarquia":2},"geometry":{"type":"LineString","coordinates":[[-70.41262,-23.67697],[-70.41283,-23.67759]]}},{"type":"Feature","properties":{"nombre":"Avenida Rica Aventura","jerarquia":5},"geometry":{"type":"LineString","coordinates":[[-70.39511,-23.55864],[-70.39515,-23.55813]]}},{"type":"Feature","properties":{"nombre":"Avenida Rica Aventura","jerarquia":5},"geometry":{"type":"LineString","coordinates":[[-70.39519,-23.55862],[-70.39513,-23.55941]]}},{"type":"Feature","properties":{"nombre":"Avenida Rica Aventura","jerarquia":5},"geometry":{"type":"LineString","coordinates":[[-70.39503,-23.55943],[-70.3951,-23.55872]]}},{"type":"Feature","properties":{"nombre":"Aeropuerto Andrés Sabella Gálvez","jerarquia":5},"geometry":{"type":"LineString","coordinates":[[-70.43246,-23.45139],[-70.43018,-23.45161]]}},{"type":"Feature","properties":{"nombre":"Avenida Universidad de Antofagasta","jerarquia":4},"geometry":{"type":"LineString","coordinates":[[-70.4232,-23.70139],[-70.4231,-23.7011]]}},{"type":"Feature","properties":{"nombre":"Avenida Universidad de Antofagasta","jerarquia":4},"geometry":{"type":"LineString","coordinates":[[-70.4231,-23.7011],[-70.42306,-23.70099]]}},{"type":"Feature","properties":{"nombre":"Avenida Universidad de Antofagasta","jerarquia":4},"geometry":{"type":"LineString","coordinates":[[-70.42339,-23.70193],[-70.4232,-23.70139]]}},{"type":"Feature","properties":{"nombre":"Ruta B-510","jerarquia":5},"geometry":{"type":"LineString","coordinates":[[-70.40957,-23.79294],[-70.40939,-23.79323],[-70.40853,-23.79421],[-70.40809,-23.79463],[-70.40757,-23.79502],[-70.40692,-23.79571]]}},{"type":"Feature","properties":{"nombre":"Ruta B-510","jerarquia":5},"geometry":{"type":"LineString","coordinates":[[-70.40692,-23.79571],[-70.40743,-23.79505],[-70.40811,-23.79449],[-70.40957,-23.79294]]}},{"type":"Feature","properties":{"nombre":"Ruta B-510","jerarquia":5},"geometry":{"type":"LineString","coordinates":[[-70.40957,-23.79294],[-70.4108,-23.79137],[-70.4118,-23.7899],[-70.4121,-23.78964],[-70.41252,-23.78945]]}},{"type":"Feature","properties":{"nombre":"","jerarquia":2},"geometry":{"type":"LineString","coordinates":[[-70.41182,-23.70107],[-70.41188,-23.70114]]}},{"type":"Feature","properties":{"nombre":"Los Chungungos","jerarquia":5},"geometry":{"type":"LineString","coordinates":[[-70.37811,-23.57031],[-70.3778,-23.57099]]}},{"type":"Feature","properties":{"nombre":"Los Chungungos","jerarquia":5},"geometry":{"type":"LineString","coordinates":[[-70.3778,-23.57099],[-70.37748,-23.57171]]}},{"type":"Feature","properties":{"nombre":"Los Chungungos","jerarquia":5},"geometry":{"type":"LineString","coordinates":[[-70.37748,-23.57171],[-70.37714,-23.57242]]}},{"type":"Feature","properties":{"nombre":"Héroes de la Concepción","jerarquia":5},"geometry":{"type":"LineString","coordinates":[[-70.3858,-23.56469],[-70.38571,-23.5655]]}},{"type":"Feature","properties":{"nombre":"Ruta B-400","jerarquia":2},"geometry":{"type":"LineString","coordinates":[[-70.31534,-23.43978],[-70.31575,-23.43829],[-70.31583,-23.43757],[-70.31575,-23.43672],[-70.3154,-23.43559]]}},{"type":"Feature","properties":{"nombre":"Ruta B-400","jerarquia":2},"geometry":{"type":"LineString","coordinates":[[-70.3154,-23.43559],[-70.31475,-23.43361],[-70.31468,-23.43314],[-70.31464,-23.43182],[-70.31459,-23.43135],[-70.31393,-23.42879],[-70.31384,-23.42811],[-70.314,-23.42479],[-70.31396,-23.42388],[-70.31363,-23.42065],[-70.31359,-23.4192],[-70.31362,-23.41619],[-70.31371,-23.41473],[-70.31418,-23.41169],[-70.31425,-23.40913],[-70.31434,-23.4082]]}},{"type":"Feature","properties":{"nombre":"Ruta B-400","jerarquia":2},"geometry":{"type":"LineString","coordinates":[[-70.31434,-23.4082],[-70.31507,-23.40468],[-70.31534,-23.40405],[-70.3156,-23.40368],[-70.31589,-23.40337],[-70.31649,-23.40292],[-70.3171,-23.40265],[-70.31777,-23.4025],[-70.31929,-23.40239],[-70.32011,-23.40225],[-70.32102,-23.40195],[-70.32186,-23.40151],[-70.32246,-23.40108]]}},{"type":"Feature","properties":{"nombre":"Avenida Rica Aventura","jerarquia":5},"geometry":{"type":"LineString","coordinates":[[-70.39523,-23.55738],[-70.39524,-23.55724]]}},{"type":"Feature","properties":{"nombre":"Avenida Rica Aventura","jerarquia":5},"geometry":{"type":"LineString","coordinates":[[-70.39524,-23.55724],[-70.39527,-23.55689]]}},{"type":"Feature","properties":{"nombre":"Avenida Rica Aventura","jerarquia":5},"geometry":{"type":"LineString","coordinates":[[-70.39527,-23.55689],[-70.39537,-23.55598]]}},{"type":"Feature","properties":{"nombre":"Avenida Rica Aventura","jerarquia":5},"geometry":{"type":"LineString","coordinates":[[-70.39537,-23.55598],[-70.39541,-23.55555]]}},{"type":"Feature","properties":{"nombre":"Avenida Rica Aventura","jerarquia":5},"geometry":{"type":"LineString","coordinates":[[-70.39552,-23.55556],[-70.39542,-23.55638]]}},{"type":"Feature","properties":{"nombre":"Avenida Rica Aventura","jerarquia":5},"geometry":{"type":"LineString","coordinates":[[-70.39542,-23.55638],[-70.39542,-23.55644]]}},{"type":"Feature","properties":{"nombre":"Avenida Rica Aventura","jerarquia":5},"geometry":{"type":"LineString","coordinates":[[-70.39542,-23.55644],[-70.39534,-23.55722]]}},{"type":"Feature","properties":{"nombre":"Avenida Rica Aventura","jerarquia":5},"geometry":{"type":"LineString","coordinates":[[-70.39534,-23.55722],[-70.39533,-23.55737]]}},{"type":"Feature","properties":{"nombre":"Avenida Grecia","jerarquia":2},"geometry":{"type":"LineString","coordinates":[[-70.40338,-23.65969],[-70.40367,-23.6605],[-70.40376,-23.66254]]}},{"type":"Feature","properties":{"nombre":"Avenida Grecia","jerarquia":2},"geometry":{"type":"LineString","coordinates":[[-70.40376,-23.66254],[-70.40383,-23.66402]]}},{"type":"Feature","properties":{"nombre":"Avenida Grecia","jerarquia":2},"geometry":{"type":"LineString","coordinates":[[-70.4027,-23.65397],[-70.40271,-23.65518]]}},{"type":"Feature","properties":{"nombre":"Avenida Grecia","jerarquia":2},"geometry":{"type":"LineString","coordinates":[[-70.40271,-23.65518],[-70.40256,-23.65598],[-70.40268,-23.65751],[-70.4028,-23.65822],[-70.40293,-23.65861]]}},{"type":"Feature","properties":{"nombre":"Avenida Grecia","jerarquia":2},"geometry":{"type":"LineString","coordinates":[[-70.40293,-23.65861],[-70.40298,-23.65873]]}},{"type":"Feature","properties":{"nombre":"Avenida Grecia","jerarquia":2},"geometry":{"type":"LineString","coordinates":[[-70.40298,-23.65873],[-70.40307,-23.65895]]}},{"type":"Feature","properties":{"nombre":"Avenida Grecia","jerarquia":2},"geometry":{"type":"LineString","coordinates":[[-70.40307,-23.65895],[-70.40338,-23.65969]]}},{"type":"Feature","properties":{"nombre":"Díaz Gana","jerarquia":5},"geometry":{"type":"LineString","coordinates":[[-70.39524,-23.66487],[-70.39512,-23.665]]}},{"type":"Feature","properties":{"nombre":"Avenida Pedro Aguirre Cerda","jerarquia":3},"geometry":{"type":"LineString","coordinates":[[-70.39113,-23.5756],[-70.39106,-23.57643]]}},{"type":"Feature","properties":{"nombre":"Avenida Pedro Aguirre Cerda","jerarquia":3},"geometry":{"type":"LineString","coordinates":[[-70.39115,-23.57541],[-70.39113,-23.5756]]}},{"type":"Feature","properties":{"nombre":"Avenida Pedro Aguirre Cerda","jerarquia":3},"geometry":{"type":"LineString","coordinates":[[-70.39106,-23.57643],[-70.39105,-23.57656]]}},{"type":"Feature","properties":{"nombre":"Avenida Pedro Aguirre Cerda","jerarquia":3},"geometry":{"type":"LineString","coordinates":[[-70.39105,-23.57656],[-70.39104,-23.57667]]}},{"type":"Feature","properties":{"nombre":"Avenida Pedro Aguirre Cerda","jerarquia":3},"geometry":{"type":"LineString","coordinates":[[-70.39104,-23.57667],[-70.39099,-23.57725]]}},{"type":"Feature","properties":{"nombre":"Avenida Pedro Aguirre Cerda","jerarquia":3},"geometry":{"type":"LineString","coordinates":[[-70.39099,-23.57725],[-70.39089,-23.57813]]}},{"type":"Feature","properties":{"nombre":"","jerarquia":3},"geometry":{"type":"LineString","coordinates":[[-70.39103,-23.57553],[-70.39115,-23.57541]]}},{"type":"Feature","properties":{"nombre":"Avenida Edmundo Pérez Zujovic","jerarquia":2},"geometry":{"type":"LineString","coordinates":[[-70.39609,-23.57352],[-70.39642,-23.57296]]}},{"type":"Feature","properties":{"nombre":"Avenida Edmundo Pérez Zujovic","jerarquia":2},"geometry":{"type":"LineString","coordinates":[[-70.39579,-23.57395],[-70.39591,-23.57378]]}},{"type":"Feature","properties":{"nombre":"Avenida Edmundo Pérez Zujovic","jerarquia":2},"geometry":{"type":"LineString","coordinates":[[-70.39591,-23.57378],[-70.39609,-23.57352]]}},{"type":"Feature","properties":{"nombre":"Avenida Edmundo Pérez Zujovic","jerarquia":2},"geometry":{"type":"LineString","coordinates":[[-70.39564,-23.57417],[-70.39579,-23.57395]]}},{"type":"Feature","properties":{"nombre":"Avenida Edmundo Pérez Zujovic","jerarquia":2},"geometry":{"type":"LineString","coordinates":[[-70.3953,-23.57466],[-70.39564,-23.57417]]}},{"type":"Feature","properties":{"nombre":"Ruta 28","jerarquia":2},"geometry":{"type":"LineString","coordinates":[[-70.40497,-23.69844],[-70.40611,-23.69868]]}},{"type":"Feature","properties":{"nombre":"","jerarquia":2},"geometry":{"type":"LineString","coordinates":[[-70.31844,-23.77497],[-70.3181,-23.7752],[-70.31797,-23.77539]]}},{"type":"Feature","properties":{"nombre":"Avenida Rica Aventura","jerarquia":5},"geometry":{"type":"LineString","coordinates":[[-70.39515,-23.55813],[-70.39516,-23.55807]]}},{"type":"Feature","properties":{"nombre":"Avenida Rica Aventura","jerarquia":5},"geometry":{"type":"LineString","coordinates":[[-70.39516,-23.55807],[-70.39523,-23.55738]]}},{"type":"Feature","properties":{"nombre":"Avenida Rica Aventura","jerarquia":5},"geometry":{"type":"LineString","coordinates":[[-70.3952,-23.55854],[-70.39519,-23.55862]]}},{"type":"Feature","properties":{"nombre":"Avenida Rica Aventura","jerarquia":5},"geometry":{"type":"LineString","coordinates":[[-70.3951,-23.55872],[-70.39511,-23.55864]]}},{"type":"Feature","properties":{"nombre":"Avenida Pedro Aguirre Cerda","jerarquia":3},"geometry":{"type":"LineString","coordinates":[[-70.39087,-23.57837],[-70.39077,-23.57937]]}},{"type":"Feature","properties":{"nombre":"Avenida Pedro Aguirre Cerda","jerarquia":3},"geometry":{"type":"LineString","coordinates":[[-70.39089,-23.57813],[-70.39088,-23.57821]]}},{"type":"Feature","properties":{"nombre":"Avenida Pedro Aguirre Cerda","jerarquia":3},"geometry":{"type":"LineString","coordinates":[[-70.39088,-23.57821],[-70.39087,-23.57829]]}},{"type":"Feature","properties":{"nombre":"Avenida Pedro Aguirre Cerda","jerarquia":3},"geometry":{"type":"LineString","coordinates":[[-70.39087,-23.57829],[-70.39087,-23.57837]]}},{"type":"Feature","properties":{"nombre":"Avenida Pedro Aguirre Cerda","jerarquia":5},"geometry":{"type":"LineString","coordinates":[[-70.3907,-23.57813],[-70.39075,-23.57755]]}},{"type":"Feature","properties":{"nombre":"Avenida Pedro Aguirre Cerda","jerarquia":5},"geometry":{"type":"LineString","coordinates":[[-70.39075,-23.57755],[-70.39079,-23.57706]]}},{"type":"Feature","properties":{"nombre":"Avenida Pedro Aguirre Cerda","jerarquia":5},"geometry":{"type":"LineString","coordinates":[[-70.39062,-23.57893],[-70.39069,-23.57827]]}},{"type":"Feature","properties":{"nombre":"Juan Pablo II","jerarquia":5},"geometry":{"type":"LineString","coordinates":[[-70.39064,-23.57819],[-70.3907,-23.57819]]}},{"type":"Feature","properties":{"nombre":"Juan Pablo II","jerarquia":5},"geometry":{"type":"LineString","coordinates":[[-70.3907,-23.57819],[-70.39078,-23.5782]]}},{"type":"Feature","properties":{"nombre":"Juan Pablo II","jerarquia":5},"geometry":{"type":"LineString","coordinates":[[-70.39078,-23.5782],[-70.39088,-23.57821]]}},{"type":"Feature","properties":{"nombre":"Ruta Minera","jerarquia":5},"geometry":{"type":"LineString","coordinates":[[-70.30418,-23.77178],[-70.30111,-23.77126]]}},{"type":"Feature","properties":{"nombre":"Sucre","jerarquia":5},"geometry":{"type":"LineString","coordinates":[[-70.38887,-23.65532],[-70.38941,-23.65475]]}},{"type":"Feature","properties":{"nombre":"Sucre","jerarquia":5},"geometry":{"type":"LineString","coordinates":[[-70.39003,-23.65412],[-70.38941,-23.65475]]}},{"type":"Feature","properties":{"nombre":"","jerarquia":2},"geometry":{"type":"LineString","coordinates":[[-70.42056,-23.69105],[-70.42058,-23.69097],[-70.42066,-23.69092]]}},{"type":"Feature","properties":{"nombre":"Avenida Ejército","jerarquia":2},"geometry":{"type":"LineString","coordinates":[[-70.4208,-23.69173],[-70.42056,-23.69105]]}},{"type":"Feature","properties":{"nombre":"Avenida Ejército","jerarquia":2},"geometry":{"type":"LineString","coordinates":[[-70.42154,-23.69506],[-70.42113,-23.69269]]}},{"type":"Feature","properties":{"nombre":"Avenida Ejército","jerarquia":2},"geometry":{"type":"LineString","coordinates":[[-70.42113,-23.69269],[-70.4208,-23.69173]]}},{"type":"Feature","properties":{"nombre":"Avenida Ejército","jerarquia":2},"geometry":{"type":"LineString","coordinates":[[-70.41802,-23.68604],[-70.41875,-23.68682]]}},{"type":"Feature","properties":{"nombre":"Avenida Ejército","jerarquia":2},"geometry":{"type":"LineString","coordinates":[[-70.41875,-23.68682],[-70.41885,-23.68693]]}},{"type":"Feature","properties":{"nombre":"Avenida Ejército","jerarquia":2},"geometry":{"type":"LineString","coordinates":[[-70.41491,-23.68284],[-70.41802,-23.68604]]}},{"type":"Feature","properties":{"nombre":"Avenida Ejército","jerarquia":2},"geometry":{"type":"LineString","coordinates":[[-70.42123,-23.69257],[-70.42162,-23.69462]]}},{"type":"Feature","properties":{"nombre":"Avenida Angamos","jerarquia":4},"geometry":{"type":"LineString","coordinates":[[-70.41375,-23.68602],[-70.4136,-23.68556]]}},{"type":"Feature","properties":{"nombre":"Avenida Angamos","jerarquia":4},"geometry":{"type":"LineString","coordinates":[[-70.4136,-23.68556],[-70.4134,-23.68492],[-70.41307,-23.68437]]}},{"type":"Feature","properties":{"nombre":"Avenida Angamos","jerarquia":4},"geometry":{"type":"LineString","coordinates":[[-70.41307,-23.68437],[-70.41303,-23.6843]]}},{"type":"Feature","properties":{"nombre":"Avenida Angamos","jerarquia":4},"geometry":{"type":"LineString","coordinates":[[-70.41303,-23.6843],[-70.41298,-23.6842]]}},{"type":"Feature","properties":{"nombre":"Avenida Angamos","jerarquia":4},"geometry":{"type":"LineString","coordinates":[[-70.41298,-23.6842],[-70.41212,-23.68304]]}},{"type":"Feature","properties":{"nombre":"Avenida Angamos","jerarquia":4},"geometry":{"type":"LineString","coordinates":[[-70.41212,-23.68304],[-70.41178,-23.68139]]}}]}